account_id,application_date,age,gender,region,education,employment_type,product_tier,channel,is_autopay,has_collateral,credit_score,monthly_income,annual_income,existing_debt,debt_to_income,loan_amount,interest_rate,term_months,monthly_payment,total_payment,num_late_payments,num_inquiries_90d,tenure_days,nps_score,customer_feedback,default_notice_date,defaulted
ACCT-0001277,2024-08-27,43.0,female,south,bachelor,full_time,standard,mobile,False,False,693,4621.22,55391.98,10917.51,0.1971,36189.1,0.0479,12,3094.52,37134.24,0,1.0,1092,4.0,easy to track payments through the mobile app.,,0
ACCT-0001781,2022-12-21,39.0,female,midwest,bachelor,full_time,basic,online,True,False,679,7330.35,87998.14,16829.41,0.1912,24405.28,0.0604,72,404.93,29154.91,0,1.0,1438,4.0,"process was fine, nothing exceptional either way. ok experience overall, no strong feelings to share.",,0
ACCT-0002088,2022-07-08,40.0,male,south,bachelor,contract,basic,branch,False,False,674,3055.72,36933.0,15176.0,0.4109,26997.26,0.0766,72,468.86,33758.18,1,,464,4.0,"easy to track payments through the mobile app. great customer service, will recommend to friends and family.",,0
ACCT-0000872,2024-03-26,35.0,male,west,associate,contract,basic,branch,True,False,646,3913.69,46736.01,14427.69,0.3087,23933.94,0.0881,60,494.62,29677.43,0,2.0,811,3.0,the agent kept rescheduling and the process took weeks. interest rate jumped after the first quarter without warning.,2024-10-25,1
ACCT-0000125,2022-11-27,32.0,male,midwest,bachelor,self_employed,basic,mobile,True,False,642,5558.86,66379.21,12502.72,0.1884,29729.18,0.1018,48,756.54,36313.7,2,1.0,587,10.0,very smooth application process and the agent was helpful.,,0
ACCT-0002303,2024-03-30,34.0,male,south,bachelor,full_time,standard,mobile,True,False,729,4413.47,53232.55,21368.61,0.4014,49022.09,0.0577,24,2167.53,52020.61,1,0.0,890,3.0,"still evaluating against other offers from competitor banks. ok experience overall, no strong feelings to share.",,0
ACCT-0001822,2022-07-14,46.0,female,south,bachelor,full_time,standard,online,False,True,631,1443.86,17469.39,16685.51,0.9551,21546.6,0.0933,24,987.62,23702.79,2,1.0,744,8.0,rates were competitive and the funds came through quickly.,,0
ACCT-0002469,2024-08-24,23.0,male,pacific,bachelor,full_time,basic,branch,True,True,702,6757.56,81384.41,,0.3585,34987.46,0.071,36,1081.96,38950.49,0,0.0,1489,9.0,interest rate jumped after the first quarter without warning. the autopay system charged me twice in the same month.,2025-02-09,1
ACCT-0000026,2023-09-23,40.0,female,south,associate,full_time,standard,online,True,False,624,2797.71,33749.68,12403.91,0.3675,19602.18,0.0863,12,1710.89,20530.63,0,0.0,97,7.0,"ok experience overall, no strong feelings to share.",,0
ACCT-0002063,2024-05-27,36.0,female,northeast,graduate,full_time,basic,mobile,True,False,661,3636.29,43985.69,17426.78,0.3962,50338.71,0.1167,36,1663.93,59901.56,0,0.0,1191,3.0,"process was fine, nothing exceptional either way. still evaluating against other offers from competitor banks.",,0
ACCT-0000981,2023-03-15,51.0,female,west,bachelor,full_time,standard,agent,True,False,712,4607.48,55274.5,13394.9,0.2423,74101.77,0.086,72,1321.14,95122.12,0,1.0,132,4.0,"great customer service, will recommend to friends and family. transparent fees, no hidden charges that I noticed.",,0
ACCT-0002353,2024-10-17,49.0,male,midwest,graduate,self_employed,standard,branch,True,False,850,2741.08,32746.96,7880.27,0.2406,22925.45,0.0481,72,367.21,26439.24,0,2.0,555,6.0,"easy to track payments through the mobile app. great customer service, will recommend to friends and family.",,0
ACCT-0001628,2023-12-27,50.0,male,south,bachelor,full_time,basic,mobile,True,False,612,2464.0,29196.17,9326.76,0.3195,18859.24,0.1101,72,359.1,25855.55,1,2.0,1380,5.0,"transparent fees, no hidden charges that I noticed. very smooth application process and the agent was helpful.",,0
ACCT-0000845,2023-07-16,58.0,male,south,graduate,full_time,standard,online,True,False,702,4007.0,48325.9,17541.73,0.363,38206.08,0.0911,84,616.74,51806.15,1,0.0,1017,8.0,"great customer service, will recommend to friends and family. rates were competitive and the funds came through quickly. very smooth application process and the agent was helpful.",,0
ACCT-0001933,2022-02-16,35.0,male,west,associate,self_employed,basic,online,True,False,781,2630.92,31843.2,13442.11,0.4221,37885.07,0.025,48,830.21,39850.31,1,2.0,1294,7.0,"process was fine, nothing exceptional either way.",,0
ACCT-0001348,2024-03-19,52.0,female,northeast,bachelor,self_employed,premium,online,True,True,686,3699.35,44433.8,10402.24,0.2341,57537.48,0.0535,48,1334.19,64041.12,0,2.0,334,8.0,rates were competitive and the funds came through quickly.,,0
ACCT-0001900,2023-05-18,40.0,male,midwest,high_school,full_time,basic,mobile,False,False,818,4282.36,51459.81,16317.15,0.3171,49399.0,0.0682,36,1521.21,54763.39,0,1.0,1159,5.0,easy to track payments through the mobile app.,,0
ACCT-0000402,2023-11-01,47.0,male,northeast,bachelor,full_time,standard,online,True,False,716,5423.02,65503.96,,0.3939,32434.13,0.0312,72,494.52,35605.43,0,2.0,646,7.0,"transparent fees, no hidden charges that I noticed. easy to track payments through the mobile app.",,0
ACCT-0000659,2023-07-09,18.0,male,northeast,high_school,self_employed,basic,branch,True,True,650,3499.83,41853.24,10358.07,0.2475,23809.62,0.0525,60,452.04,27122.34,1,2.0,1116,10.0,"ok experience overall, no strong feelings to share.",2024-05-29,1
ACCT-0001909,2023-09-16,45.0,male,west,high_school,part_time,standard,online,False,False,624,3886.82,46642.17,21918.45,0.4699,40631.72,0.073,72,698.52,50293.49,2,0.0,875,10.0,"ok experience overall, no strong feelings to share. took longer than expected but got approved in the end. process was fine, nothing exceptional either way.",,0
ACCT-0001988,2022-07-07,56.0,male,south,graduate,full_time,basic,mobile,False,False,752,3695.19,43793.16,8464.68,0.1933,60311.13,0.0689,36,1859.3,66934.88,1,1.0,650,9.0,"easy to track payments through the mobile app. transparent fees, no hidden charges that I noticed.",,0
ACCT-0001755,2023-10-02,60.0,female,pacific,associate,full_time,standard,mobile,True,False,613,3160.01,37812.1,19108.99,0.5054,29898.35,0.0587,84,434.89,36530.55,0,1.0,790,6.0,documentation requirements were typical for this kind of loan.,,0
ACCT-0000279,2023-10-18,35.0,male,northeast,bachelor,full_time,basic,online,False,True,612,4283.77,51228.91,19896.77,0.3884,26645.58,0.0896,36,846.77,30483.59,2,3.0,1424,5.0,"the autopay system charged me twice in the same month. fees were not explained clearly upfront, very disappointing.",2023-12-06,1
ACCT-0000307,2022-03-23,42.0,female,northeast,graduate,full_time,basic,online,True,False,679,5414.13,64941.16,14458.76,0.2226,20902.91,0.0905,36,665.2,23947.09,0,1.0,392,10.0,"process was fine, nothing exceptional either way. took longer than expected but got approved in the end.",,0
ACCT-0000245,2022-12-05,42.0,female,west,bachelor,full_time,standard,mobile,False,False,703,3411.71,41162.14,12123.92,0.2945,33663.2,0.0859,36,1064.0,38304.12,0,0.0,1442,7.0,rates were competitive and the funds came through quickly.,,0
ACCT-0001028,2023-08-05,40.0,female,northeast,bachelor,full_time,basic,online,False,True,724,2903.87,34775.9,6282.09,0.1806,31881.73,0.0793,36,998.01,35928.22,0,2.0,930,7.0,"transparent fees, no hidden charges that I noticed. easy to track payments through the mobile app.",,0
ACCT-0001835,2023-10-25,54.0,male,south,associate,full_time,basic,mobile,False,True,746,2352.52,28503.66,9693.34,0.3401,26383.72,0.0744,36,819.94,29517.7,0,1.0,398,10.0,"process was fine, nothing exceptional either way.",,0
ACCT-0000192,2023-10-16,30.0,male,pacific,high_school,self_employed,basic,mobile,False,True,779,9832.67,118111.07,28797.63,0.2438,88309.7,0.0408,36,2610.4,93974.53,0,0.0,128,2.0,"rates were competitive and the funds came through quickly. great customer service, will recommend to friends and family.",,0
ACCT-0002079,2023-01-19,36.0,female,pacific,graduate,full_time,basic,online,False,False,722,4177.62,49947.4,8491.06,0.17,58119.82,0.0738,60,1161.36,69681.72,0,2.0,820,3.0,"took longer than expected but got approved in the end. still evaluating against other offers from competitor banks. process was fine, nothing exceptional either way.",,0
ACCT-0000336,2022-06-25,33.0,male,midwest,graduate,self_employed,premium,online,False,False,581,7408.9,88653.71,20575.83,0.2321,27596.62,0.1042,12,2431.54,29178.5,1,1.0,1101,5.0,"the autopay system charged me twice in the same month. fees were not explained clearly upfront, very disappointing. support never returned my calls about the missed payment.",2023-05-15,1
ACCT-0001221,2024-02-16,37.0,male,south,high_school,full_time,standard,branch,True,False,730,6174.71,73818.64,18704.4,0.2534,26322.8,0.0911,36,838.39,30181.89,1,2.0,582,3.0,documentation requirements were typical for this kind of loan. still evaluating against other offers from competitor banks.,,0
ACCT-0001118,2023-03-06,50.0,male,west,bachelor,full_time,standard,mobile,True,False,661,2370.29,28438.63,38121.02,1.3405,29933.73,0.0866,60,616.51,36990.34,2,3.0,295,10.0,"great customer service, will recommend to friends and family. easy to track payments through the mobile app.",,0
ACCT-0001402,2022-03-11,32.0,female,midwest,bachelor,full_time,premium,online,True,False,622,7570.83,91185.74,22249.17,0.244,66864.51,0.0795,84,1040.39,87392.94,1,1.0,318,3.0,very smooth application process and the agent was helpful. rates were competitive and the funds came through quickly.,,0
ACCT-0000741,2024-07-22,49.0,female,midwest,bachelor,full_time,basic,online,False,True,612,4653.92,55652.35,22660.01,0.4072,77782.12,0.1482,72,1637.28,117884.47,2,3.0,676,9.0,"rates were competitive and the funds came through quickly. transparent fees, no hidden charges that I noticed. great customer service, will recommend to friends and family.",,0
ACCT-0001335,2023-11-14,50.0,female,midwest,high_school,full_time,basic,online,True,False,690,7605.62,91420.19,21979.71,0.2404,53715.98,0.117,72,1041.68,75000.78,0,2.0,790,9.0,rates were competitive and the funds came through quickly. easy to track payments through the mobile app.,,0
ACCT-0001430,2023-11-08,45.0,male,pacific,high_school,self_employed,basic,online,False,False,647,3575.52,43212.7,11250.65,0.2604,49576.62,0.1118,24,2314.88,55557.09,1,1.0,1031,5.0,rates were competitive and the funds came through quickly. easy to track payments through the mobile app.,,0
ACCT-0002226,2024-09-28,41.0,male,pacific,bachelor,full_time,standard,online,True,True,806,6517.59,78274.43,28827.03,0.3683,53579.16,0.0821,48,1313.26,63036.69,1,1.0,1362,7.0,"process was fine, nothing exceptional either way. took longer than expected but got approved in the end.",,0
ACCT-0001589,2023-07-25,37.0,male,midwest,associate,full_time,standard,agent,True,False,722,1614.1,19574.66,10623.95,0.5427,19673.02,0.0996,24,907.44,21778.49,2,0.0,640,7.0,"ok experience overall, no strong feelings to share. still evaluating against other offers from competitor banks.",,0
ACCT-0001782,2023-05-06,44.0,female,northeast,high_school,full_time,basic,mobile,False,False,808,4106.52,49491.68,21208.93,0.4285,51802.32,0.0721,72,888.43,63966.83,2,0.0,586,6.0,still evaluating against other offers from competitor banks.,,0
ACCT-0002190,2022-09-04,42.0,male,northeast,associate,full_time,basic,online,False,False,712,3806.23,45896.5,17315.34,0.3773,51247.46,0.155,24,2496.95,59926.71,0,0.0,1355,6.0,very smooth application process and the agent was helpful. rates were competitive and the funds came through quickly.,,0
ACCT-0001934,2024-11-17,42.0,female,south,bachelor,full_time,premium,online,False,True,709,5133.18,61697.66,19341.98,0.3135,59554.83,0.0547,48,1384.1,66436.66,0,1.0,839,6.0,still evaluating against other offers from competitor banks. took longer than expected but got approved in the end.,,0
ACCT-0001390,2024-10-09,34.0,female,northeast,high_school,full_time,basic,branch,True,False,662,2945.9,35652.82,13864.38,0.3889,33451.77,0.0824,72,590.47,42513.69,1,3.0,736,5.0,documentation requirements were typical for this kind of loan.,,0
ACCT-0001184,2024-01-10,51.0,male,pacific,high_school,full_time,basic,mobile,True,False,794,4474.33,54026.44,21703.58,0.4017,19202.23,0.0361,12,1631.63,19579.54,3,1.0,1040,8.0,"transparent fees, no hidden charges that I noticed. easy to track payments through the mobile app.",,0
ACCT-0000569,2024-01-22,22.0,male,west,associate,part_time,basic,online,False,False,756,4507.12,54099.16,13199.53,0.244,28170.06,0.0589,48,660.13,31686.42,3,0.0,1129,3.0,"ok experience overall, no strong feelings to share. process was fine, nothing exceptional either way.",,0
ACCT-0000769,2023-10-08,52.0,male,northeast,bachelor,full_time,standard,online,True,False,687,4732.61,56675.52,18017.64,0.3179,50042.78,0.0535,60,952.37,57142.18,1,2.0,475,3.0,"transparent fees, no hidden charges that I noticed. very smooth application process and the agent was helpful. easy to track payments through the mobile app.",,0
ACCT-0002255,2022-03-27,29.0,female,midwest,bachelor,part_time,standard,branch,False,False,737,4872.45,58238.47,12999.38,0.2232,77097.52,0.0716,72,1320.2,95054.49,0,1.0,1135,6.0,"process was fine, nothing exceptional either way. ok experience overall, no strong feelings to share.",,0
ACCT-0000860,2022-02-15,34.0,male,midwest,high_school,full_time,standard,mobile,False,False,730,6790.37,81019.16,13709.76,0.1692,85271.67,0.0546,60,1627.11,97626.45,2,1.0,660,8.0,"easy to track payments through the mobile app. transparent fees, no hidden charges that I noticed.",,0
ACCT-0001030,2024-10-10,48.0,female,northeast,bachelor,full_time,standard,mobile,False,False,802,5169.25,61911.42,10846.27,0.1752,59098.06,0.0807,48,1444.73,69347.15,0,1.0,677,6.0,"rates were competitive and the funds came through quickly. transparent fees, no hidden charges that I noticed.",,0
ACCT-0000109,2024-04-06,25.0,female,south,bachelor,full_time,basic,agent,False,False,777,4012.29,47729.65,14058.09,0.2945,48245.78,0.0401,12,4108.36,49300.32,1,1.0,1426,8.0,"took longer than expected but got approved in the end. ok experience overall, no strong feelings to share.",,0
ACCT-0000914,2024-01-08,18.0,female,midwest,bachelor,full_time,basic,mobile,True,False,778,4062.02,49221.44,9566.07,0.1943,65868.95,0.0854,36,2080.46,74896.69,1,0.0,578,5.0,rates were competitive and the funds came through quickly. easy to track payments through the mobile app.,,0
ACCT-0001453,2024-08-10,42.0,nonbinary,midwest,bachelor,self_employed,premium,branch,True,True,684,3214.6,38801.16,10465.14,0.2697,17200.82,0.0707,84,260.19,21856.02,1,0.0,625,4.0,easy to track payments through the mobile app.,,0
ACCT-0000993,2023-05-24,27.0,female,west,bachelor,full_time,standard,online,True,True,710,3782.22,45172.97,25519.35,0.5649,28237.16,0.0845,48,695.33,33375.86,0,1.0,578,5.0,rates were competitive and the funds came through quickly. very smooth application process and the agent was helpful.,,0
ACCT-0001510,2024-10-31,51.0,male,northeast,associate,full_time,standard,branch,True,True,850,5763.58,68931.0,,0.1988,41150.31,0.0563,12,3534.59,42415.03,0,2.0,215,5.0,"very smooth application process and the agent was helpful. transparent fees, no hidden charges that I noticed.",,0
ACCT-0001645,2023-04-20,29.0,female,northeast,bachelor,self_employed,basic,online,False,True,787,4363.91,52238.99,14946.86,0.2861,58120.97,0.0855,24,2643.25,63438.04,1,0.0,455,2.0,"ok experience overall, no strong feelings to share.",,0
ACCT-0000020,2024-10-02,43.0,female,south,graduate,self_employed,standard,branch,True,False,734,2239.74,27103.86,7952.29,0.2934,16928.92,0.0462,72,269.63,19413.47,1,2.0,670,10.0,"took longer than expected but got approved in the end. ok experience overall, no strong feelings to share.",,0
ACCT-0002434,2024-11-25,43.0,female,south,high_school,full_time,basic,agent,False,False,732,1539.99,18226.73,7611.46,0.4176,23413.33,0.0933,12,2051.17,24614.03,1,0.0,835,4.0,"ok experience overall, no strong feelings to share. took longer than expected but got approved in the end.",,0
ACCT-0000612,2024-02-29,18.0,male,midwest,associate,contract,basic,branch,True,True,563,9189.95,110633.79,20859.94,0.1885,90657.88,0.1434,36,3113.33,112079.92,0,0.0,135,9.0,rates were competitive and the funds came through quickly. easy to track payments through the mobile app.,,0
ACCT-0001349,2024-04-15,41.0,male,south,graduate,self_employed,standard,online,False,False,582,3490.99,41715.37,21460.62,0.5145,36729.33,0.0994,24,1693.86,40652.53,4,0.0,896,7.0,documentation requirements were typical for this kind of loan. still evaluating against other offers from competitor banks. took longer than expected but got approved in the end.,,0
ACCT-0001478,2023-12-28,44.0,male,northeast,bachelor,self_employed,standard,online,True,False,586,5208.59,62774.98,14128.09,0.2251,76366.88,0.1031,84,1279.86,107508.46,1,1.0,1237,10.0,the autopay system charged me twice in the same month.,2024-05-20,1
ACCT-0000556,2022-03-05,36.0,male,west,high_school,full_time,basic,online,False,True,687,4324.37,51839.45,25326.7,0.4886,46435.78,0.1327,24,2213.61,53126.59,1,1.0,1008,6.0,"took longer than expected but got approved in the end. ok experience overall, no strong feelings to share.",,0
ACCT-0001703,2024-02-25,45.0,female,west,associate,self_employed,basic,online,True,False,671,11154.2,133501.81,23920.96,0.1792,116945.93,0.1131,36,3845.61,138442.09,0,0.0,134,,,,0
ACCT-0000400,2023-12-02,30.0,female,pacific,associate,self_employed,premium,online,False,False,710,19552.11,234861.42,,0.1679,68565.11,0.0856,12,5982.14,71785.65,1,1.0,268,10.0,"easy to track payments through the mobile app. great customer service, will recommend to friends and family.",,0
ACCT-0000175,2024-12-08,46.0,male,pacific,associate,full_time,standard,online,True,True,700,3887.38,46239.33,17414.79,0.3766,61557.23,0.0889,36,1954.42,70359.21,1,0.0,149,5.0,"took longer than expected but got approved in the end. still evaluating against other offers from competitor banks. ok experience overall, no strong feelings to share.",,0
ACCT-0001486,2022-05-28,48.0,female,northeast,associate,part_time,standard,online,True,True,625,7325.21,88156.25,16138.13,0.1831,76485.15,0.0851,48,1885.63,90510.42,2,2.0,345,4.0,"very smooth application process and the agent was helpful. transparent fees, no hidden charges that I noticed.",,0
ACCT-0002027,2024-01-13,52.0,male,northeast,bachelor,full_time,basic,online,True,True,649,1959.64,23267.28,9867.64,0.4241,5929.78,0.0874,48,146.83,7047.96,0,2.0,1009,4.0,rates were competitive and the funds came through quickly.,,0
ACCT-0001082,2024-03-09,44.0,female,south,associate,contract,basic,mobile,False,True,558,2508.72,30388.21,15497.32,0.51,20737.44,0.1249,36,693.64,24971.18,0,1.0,1424,7.0,"process was fine, nothing exceptional either way. still evaluating against other offers from competitor banks. documentation requirements were typical for this kind of loan.",,0
ACCT-0001366,2024-01-13,23.0,female,south,bachelor,self_employed,premium,branch,True,True,715,5611.9,67056.98,20120.86,0.3001,50563.35,0.095,84,826.3,69409.35,1,1.0,493,5.0,"very smooth application process and the agent was helpful. transparent fees, no hidden charges that I noticed.",,0
ACCT-0001588,2024-07-02,36.0,male,midwest,high_school,full_time,standard,mobile,False,True,619,2426.68,29333.05,17655.69,0.6019,13133.57,0.0744,84,201.03,16886.56,2,3.0,184,4.0,very smooth application process and the agent was helpful.,,0
ACCT-0001363,2024-02-03,22.0,female,pacific,bachelor,contract,basic,online,False,True,707,5906.83,70749.23,19112.2,0.2701,68740.08,0.133,60,1574.58,94474.86,0,1.0,731,10.0,easy to track payments through the mobile app. very smooth application process and the agent was helpful.,,0
ACCT-0001131,2023-11-29,38.0,female,midwest,bachelor,self_employed,premium,branch,False,False,745,2315.43,27755.19,29711.63,1.0705,32457.89,0.0521,36,975.92,35133.03,2,1.0,1400,6.0,easy to track payments through the mobile app. very smooth application process and the agent was helpful.,,0
ACCT-0001932,2024-01-25,33.0,female,northeast,associate,full_time,standard,branch,True,True,626,5053.27,60878.66,25314.04,0.4158,55861.07,0.0835,60,1142.1,68525.78,0,0.0,1341,7.0,support never returned my calls about the missed payment. the autopay system charged me twice in the same month.,2024-03-28,1
ACCT-0002009,2024-08-29,49.0,female,midwest,high_school,full_time,basic,online,False,True,640,3204.22,38778.7,12185.57,0.3142,54238.95,0.0928,36,1731.82,62345.35,0,4.0,496,5.0,"took longer than expected but got approved in the end. ok experience overall, no strong feelings to share. still evaluating against other offers from competitor banks.",,0
ACCT-0002440,2022-06-22,30.0,female,northeast,associate,self_employed,premium,agent,True,False,628,9749.81,116713.31,31402.07,0.2691,97154.3,0.1067,84,1646.54,138309.59,0,1.0,57,7.0,"transparent fees, no hidden charges that I noticed. great customer service, will recommend to friends and family.",,0
ACCT-0002439,2022-10-08,63.0,female,south,high_school,self_employed,standard,online,True,False,654,3585.86,43109.25,19644.57,0.4557,24929.75,0.1018,12,2193.81,26325.71,2,1.0,573,7.0,easy to track payments through the mobile app. very smooth application process and the agent was helpful.,,0
ACCT-0001144,2022-12-26,47.0,female,west,bachelor,full_time,standard,online,False,False,793,2604.73,31350.81,13102.9,0.4179,15100.74,0.0629,12,1301.68,15620.13,2,2.0,1418,10.0,took longer than expected but got approved in the end.,,0
ACCT-0002287,2022-06-28,27.0,female,south,bachelor,part_time,premium,mobile,True,False,665,2961.71,35658.6,22026.36,0.6177,30421.41,0.0774,84,470.22,39498.66,1,1.0,629,1.0,"process was fine, nothing exceptional either way. still evaluating against other offers from competitor banks.",,0
ACCT-0000730,2022-10-08,32.0,female,pacific,bachelor,full_time,premium,branch,False,False,613,3765.93,45147.74,18907.57,0.4188,35685.22,0.0597,48,837.58,40204.04,2,0.0,1403,4.0,"very smooth application process and the agent was helpful. great customer service, will recommend to friends and family. transparent fees, no hidden charges that I noticed.",,0
ACCT-0000520,2024-12-12,48.0,female,midwest,associate,self_employed,basic,online,True,False,708,5351.84,63978.4,13491.83,0.2109,87572.8,0.0472,36,2613.54,94087.3,0,2.0,952,5.0,"very smooth application process and the agent was helpful. great customer service, will recommend to friends and family.",,0
ACCT-0000289,2022-09-11,43.0,male,west,associate,full_time,standard,mobile,False,True,735,5787.65,69131.44,11248.22,0.1627,76648.48,0.0502,84,1084.04,91059.31,0,1.0,305,6.0,"ok experience overall, no strong feelings to share. process was fine, nothing exceptional either way. still evaluating against other offers from competitor banks.",,0
ACCT-0001166,2023-06-27,38.0,female,northeast,graduate,contract,basic,online,False,False,726,8751.98,104973.73,37634.13,0.3585,37472.67,0.0909,60,779.48,46768.77,0,0.0,211,10.0,rates were competitive and the funds came through quickly.,,0
ACCT-0001449,2023-03-28,31.0,male,midwest,graduate,full_time,basic,branch,False,False,766,5260.26,63158.75,21480.61,0.3401,69600.6,0.0924,36,2221.02,79956.55,1,0.0,637,10.0,"ok experience overall, no strong feelings to share. still evaluating against other offers from competitor banks.",,0
ACCT-0001016,2022-06-09,61.0,male,south,bachelor,self_employed,standard,mobile,False,True,603,3889.36,46534.08,18586.59,0.3994,44561.24,0.1001,72,825.78,59455.95,0,0.0,795,5.0,"process was fine, nothing exceptional either way. documentation requirements were typical for this kind of loan. took longer than expected but got approved in the end.",,0
ACCT-0002363,2024-07-07,45.0,male,midwest,high_school,full_time,standard,branch,False,False,738,7267.84,87168.44,24128.78,0.2768,50306.36,0.0758,72,871.69,62762.04,0,3.0,1138,4.0,"transparent fees, no hidden charges that I noticed. great customer service, will recommend to friends and family.",,0
ACCT-0001682,2022-12-03,27.0,female,south,bachelor,full_time,standard,mobile,True,True,753,7308.61,87371.7,48938.69,0.5601,102799.73,0.0751,12,8919.05,107028.63,2,1.0,920,7.0,"transparent fees, no hidden charges that I noticed. easy to track payments through the mobile app. great customer service, will recommend to friends and family.",,0
ACCT-0000313,2023-01-20,35.0,male,south,associate,full_time,basic,online,True,False,775,4478.32,53707.03,9577.5,0.1783,22301.7,0.0588,84,324.5,27258.13,3,0.0,162,6.0,documentation requirements were typical for this kind of loan.,,0
ACCT-0000856,2023-06-07,18.0,female,west,associate,part_time,basic,mobile,True,False,673,2902.61,35415.06,6077.24,0.1716,34952.07,0.1167,24,1639.91,39357.77,1,0.0,1021,1.0,still evaluating against other offers from competitor banks.,,0
ACCT-0000840,2024-02-28,36.0,female,south,bachelor,full_time,standard,branch,False,True,575,4201.12,50584.22,27643.59,0.5465,33918.77,0.0854,24,1542.4,37017.51,0,1.0,783,,"documentation requirements were typical for this kind of loan. ok experience overall, no strong feelings to share.",,0
ACCT-0002249,2023-09-18,35.0,female,northeast,high_school,full_time,standard,branch,True,True,672,7575.45,90968.2,20795.34,0.2286,117894.08,0.0576,36,3573.77,128655.63,0,3.0,178,7.0,took longer than expected but got approved in the end.,,0
ACCT-0002478,2022-12-17,41.0,male,pacific,bachelor,contract,basic,branch,False,True,644,2951.21,35112.81,14975.02,0.4265,9284.66,0.0829,60,189.57,11374.13,1,4.0,339,3.0,easy to track payments through the mobile app.,,0
ACCT-0002165,2024-03-08,18.0,female,northeast,graduate,full_time,basic,online,False,True,755,5059.52,60568.5,17924.98,0.2959,32532.82,0.0617,24,1444.4,34665.52,0,1.0,760,,easy to track payments through the mobile app.,,0
ACCT-0000241,2024-08-15,47.0,male,northeast,high_school,self_employed,standard,mobile,True,False,610,3058.2,36642.45,22855.85,0.6238,41451.25,0.0768,24,1868.71,44849.13,1,2.0,207,10.0,"rates were competitive and the funds came through quickly. transparent fees, no hidden charges that I noticed.",,0
ACCT-0000719,2024-09-17,38.0,male,northeast,bachelor,full_time,standard,online,True,True,735,1926.46,22975.36,4869.91,0.212,16648.96,0.0702,12,1440.71,17288.58,0,2.0,261,3.0,still evaluating against other offers from competitor banks. took longer than expected but got approved in the end.,,0
ACCT-0001221,2024-02-16,37.0,male,south,high_school,full_time,standard,branch,True,False,730,6174.71,73818.64,18704.4,0.2534,26322.8,0.0911,36,838.39,30181.89,1,2.0,582,3.0,documentation requirements were typical for this kind of loan. still evaluating against other offers from competitor banks.,,0
ACCT-0002441,2024-07-31,26.0,female,midwest,high_school,part_time,premium,branch,False,True,734,7097.91,85521.17,14967.75,0.175,45027.72,0.1074,12,3974.19,47690.31,0,2.0,995,10.0,took longer than expected but got approved in the end. documentation requirements were typical for this kind of loan.,,0
ACCT-0000340,2022-08-09,28.0,male,south,graduate,full_time,basic,online,True,False,613,2402.59,28959.92,14414.84,0.4978,23287.33,0.1223,60,520.69,31241.16,0,2.0,957,,"process was fine, nothing exceptional either way. took longer than expected but got approved in the end.",,0
ACCT-0002305,2023-02-26,48.0,female,midwest,high_school,full_time,premium,online,False,False,721,5622.35,67125.07,17293.18,0.2576,44221.33,0.0387,60,811.88,48713.02,0,2.0,363,7.0,"great customer service, will recommend to friends and family. easy to track payments through the mobile app.",,0
ACCT-0001758,2023-05-04,31.0,female,west,associate,full_time,basic,agent,True,False,818,7372.88,88227.96,16166.95,0.1832,64760.11,0.0502,48,1491.85,71608.78,1,0.0,749,10.0,very smooth application process and the agent was helpful. rates were competitive and the funds came through quickly.,,0
ACCT-0002227,2023-09-25,65.0,female,west,bachelor,self_employed,basic,online,False,True,646,2824.77,34225.77,21691.02,0.6338,41533.22,0.0806,84,648.54,54477.07,1,3.0,780,2.0,easy to track payments through the mobile app. rates were competitive and the funds came through quickly.,,0
ACCT-0000114,2024-06-14,32.0,male,northeast,associate,full_time,basic,online,False,False,675,5835.94,69788.38,14424.6,0.2067,62293.81,0.1131,72,1195.53,86078.36,1,0.0,1169,8.0,"transparent fees, no hidden charges that I noticed.",,0
ACCT-0000642,2023-09-16,43.0,male,pacific,high_school,part_time,basic,agent,False,False,777,2381.58,28468.83,13247.6,0.4653,31222.4,0.0845,24,1418.54,34044.88,3,3.0,997,7.0,"took longer than expected but got approved in the end. process was fine, nothing exceptional either way.",,0
ACCT-0001541,2023-11-21,,male,south,graduate,part_time,standard,online,False,False,595,4101.43,49376.24,26032.05,0.5272,48055.59,0.1179,60,1063.85,63831.14,0,0.0,1159,4.0,"process was fine, nothing exceptional either way.",2025-04-12,1
ACCT-0000902,2022-12-05,18.0,male,west,bachelor,contract,basic,branch,True,True,503,7801.11,93770.56,29931.01,0.3192,55341.04,0.1413,72,1144.12,82376.6,1,0.0,1210,3.0,the autopay system charged me twice in the same month. support never returned my calls about the missed payment.,2023-02-08,1
ACCT-0000393,2024-01-21,37.0,female,south,high_school,full_time,premium,mobile,True,False,572,2638.02,31412.6,9565.57,0.3045,25935.23,0.1331,72,524.87,37790.68,0,2.0,1220,5.0,"process was fine, nothing exceptional either way. took longer than expected but got approved in the end. still evaluating against other offers from competitor banks.",,0
ACCT-0001088,2022-12-09,35.0,male,midwest,bachelor,full_time,premium,online,True,False,693,3649.2,43209.15,8201.79,0.1898,31310.46,0.0835,24,1421.08,34105.81,0,4.0,998,1.0,"took longer than expected but got approved in the end. process was fine, nothing exceptional either way.",,0
ACCT-0000398,2023-08-22,44.0,female,northeast,associate,full_time,basic,mobile,False,False,669,4377.86,52487.26,11238.35,0.2141,73418.89,0.0934,24,3365.49,80771.76,0,1.0,211,7.0,easy to track payments through the mobile app.,,0
ACCT-0001883,2024-10-18,44.0,male,west,bachelor,full_time,basic,online,True,False,633,7283.65,87295.91,18545.71,0.2124,63277.19,0.0724,48,1522.2,73065.48,0,0.0,591,3.0,"took longer than expected but got approved in the end. process was fine, nothing exceptional either way. still evaluating against other offers from competitor banks.",,0
ACCT-0000448,2024-05-05,27.0,female,northeast,bachelor,contract,standard,mobile,False,False,637,3453.83,41725.11,12265.07,0.2939,10894.75,0.0769,72,189.37,13634.78,1,,127,,interest rate jumped after the first quarter without warning. support never returned my calls about the missed payment. the agent kept rescheduling and the process took weeks.,2025-02-05,1
ACCT-0002369,2023-03-09,18.0,female,west,bachelor,self_employed,standard,online,False,True,683,6666.7,79541.79,17791.06,0.2237,108315.58,0.1132,24,5064.28,121542.68,0,1.0,522,5.0,"process was fine, nothing exceptional either way.",,0
ACCT-0002495,2023-08-10,47.0,female,northeast,high_school,full_time,standard,branch,False,True,636,3260.01,39196.54,10263.61,0.2618,13592.79,0.1239,24,642.34,15416.17,0,2.0,1260,7.0,"transparent fees, no hidden charges that I noticed.",,0
ACCT-0001539,2024-01-16,21.0,male,midwest,bachelor,full_time,basic,online,False,True,652,1573.61,19552.26,12949.12,0.6623,8077.49,0.0698,60,159.85,9590.94,1,3.0,273,7.0,rates were competitive and the funds came through quickly. very smooth application process and the agent was helpful.,,0
ACCT-0001754,2022-10-05,59.0,male,south,graduate,full_time,premium,online,True,False,778,7397.78,88643.13,18456.98,0.2082,107718.09,0.0259,48,2364.78,113509.28,1,2.0,646,10.0,"process was fine, nothing exceptional either way.",,0
ACCT-0002043,2024-12-31,27.0,male,west,bachelor,full_time,standard,branch,False,False,712,7419.78,88694.52,22789.38,0.2569,77240.14,0.0882,12,6748.33,80979.99,0,1.0,282,7.0,"great customer service, will recommend to friends and family. very smooth application process and the agent was helpful.",,0
ACCT-0002338,2023-01-26,40.0,male,midwest,bachelor,self_employed,standard,online,True,False,697,7033.99,84454.01,27185.91,0.3219,103407.91,0.0403,12,8806.48,105677.74,1,0.0,561,6.0,"interest rate jumped after the first quarter without warning. fees were not explained clearly upfront, very disappointing.",2023-11-03,1
ACCT-0002003,2022-05-02,34.0,female,west,bachelor,part_time,standard,online,True,False,681,2865.34,34293.17,18907.8,0.5514,24745.74,0.0952,12,2169.99,26039.87,0,1.0,387,2.0,rates were competitive and the funds came through quickly. very smooth application process and the agent was helpful.,,0
ACCT-0002406,2022-09-17,47.0,female,west,high_school,full_time,standard,agent,True,False,667,4263.56,51294.45,16732.04,0.3262,56170.89,0.1015,60,1197.63,71857.72,1,0.0,842,7.0,very smooth application process and the agent was helpful.,,0
ACCT-0001328,2023-10-21,36.0,female,pacific,bachelor,full_time,standard,online,True,False,743,4381.44,52680.54,19921.05,0.3781,23283.96,0.0717,72,398.87,28718.71,0,1.0,1130,6.0,very smooth application process and the agent was helpful. easy to track payments through the mobile app.,,0
ACCT-0001234,2023-12-24,37.0,female,south,bachelor,full_time,standard,online,False,True,528,3802.41,45864.24,26064.42,0.5683,58349.78,0.1579,84,1151.89,96759.09,4,0.0,1115,7.0,"transparent fees, no hidden charges that I noticed. rates were competitive and the funds came through quickly. great customer service, will recommend to friends and family.",,0
ACCT-0001644,2024-08-06,37.0,female,northeast,associate,full_time,basic,branch,True,False,760,6546.66,78613.47,19506.36,0.2481,38856.54,0.0595,48,911.63,43758.46,0,0.0,65,8.0,easy to track payments through the mobile app.,,0
ACCT-0001706,2023-04-29,47.0,male,south,bachelor,full_time,basic,online,False,False,619,9451.37,112909.92,20255.9,0.1794,104397.52,0.1249,60,2348.2,140891.96,0,2.0,370,9.0,"process was fine, nothing exceptional either way.",,0
ACCT-0000728,2024-10-19,61.0,male,south,bachelor,full_time,basic,agent,False,False,668,3859.04,46258.89,14890.83,0.3219,51299.91,0.0387,36,1511.66,54419.94,0,0.0,271,4.0,"process was fine, nothing exceptional either way. documentation requirements were typical for this kind of loan. still evaluating against other offers from competitor banks.",,0
ACCT-0000545,2023-12-30,48.0,male,south,bachelor,full_time,basic,online,False,False,850,10087.99,121143.9,25960.55,0.2143,130533.18,0.1039,24,6047.0,145127.95,1,2.0,1072,3.0,"process was fine, nothing exceptional either way.",,0
ACCT-0001459,2023-02-03,32.0,male,south,high_school,full_time,standard,online,False,False,764,3251.53,39189.29,9760.61,0.2491,46814.13,0.0865,60,963.87,57832.18,0,0.0,597,6.0,"great customer service, will recommend to friends and family. easy to track payments through the mobile app.",,0
ACCT-0001420,2024-08-17,57.0,female,midwest,graduate,self_employed,standard,mobile,False,False,663,3819.13,45809.36,11675.48,0.2549,17311.75,0.1034,84,290.48,24400.04,0,1.0,488,4.0,rates were competitive and the funds came through quickly.,,0
ACCT-0001027,2022-12-16,36.0,male,midwest,graduate,full_time,premium,online,True,False,714,3337.16,39815.56,32900.84,0.8263,42755.14,0.1095,48,1104.05,52994.3,1,0.0,1358,4.0,"ok experience overall, no strong feelings to share.",,0
ACCT-0000185,2023-12-10,28.0,female,midwest,bachelor,full_time,basic,branch,False,False,792,6065.72,72975.01,28334.86,0.3883,33408.41,0.0712,24,1497.65,35943.49,1,0.0,1010,7.0,"great customer service, will recommend to friends and family.",,0
ACCT-0002425,2024-03-08,49.0,female,pacific,bachelor,full_time,basic,online,True,True,636,6700.87,80237.13,16150.88,0.2013,92496.69,0.0848,36,2918.92,105081.08,1,2.0,1138,5.0,"great customer service, will recommend to friends and family. very smooth application process and the agent was helpful. easy to track payments through the mobile app.",,0
ACCT-0000323,2022-08-03,30.0,female,south,graduate,full_time,standard,mobile,False,True,606,2668.3,32085.25,11281.1,0.3516,15768.56,0.1131,84,272.55,22894.27,0,2.0,644,10.0,"great customer service, will recommend to friends and family. easy to track payments through the mobile app.",,0
ACCT-0001973,2023-08-26,47.0,female,west,associate,full_time,basic,online,False,False,763,3365.74,40714.95,11908.96,0.2925,15504.26,0.0747,36,482.07,17354.45,0,2.0,980,4.0,"documentation requirements were typical for this kind of loan. process was fine, nothing exceptional either way.",,0
ACCT-0000541,2023-06-29,36.0,female,northeast,bachelor,part_time,basic,online,False,True,632,4061.56,48930.16,17797.47,0.3637,31588.28,0.0677,72,535.12,38528.54,1,1.0,1050,7.0,"ok experience overall, no strong feelings to share. process was fine, nothing exceptional either way. took longer than expected but got approved in the end.",,0
ACCT-0001011,2022-08-02,36.0,female,midwest,bachelor,contract,standard,branch,False,True,713,5058.08,60172.88,16268.85,0.2704,15407.41,0.0738,72,265.5,19115.69,0,2.0,402,6.0,very smooth application process and the agent was helpful. rates were competitive and the funds came through quickly.,,0
ACCT-0000362,2023-02-20,37.0,female,south,high_school,full_time,standard,mobile,False,False,742,4337.57,51981.31,8544.63,0.1644,71715.3,0.0941,12,6285.16,75421.9,1,1.0,529,9.0,very smooth application process and the agent was helpful.,,0
ACCT-0002375,2023-08-08,44.0,male,northeast,graduate,self_employed,premium,branch,True,False,824,3731.13,44267.26,13474.94,0.3044,61118.43,0.1051,36,1986.92,71528.98,0,0.0,1001,6.0,very smooth application process and the agent was helpful. easy to track payments through the mobile app.,,0
ACCT-0000365,2023-09-26,51.0,male,west,graduate,full_time,standard,branch,False,False,768,2708.6,32444.26,10501.19,0.3237,18978.92,0.0559,12,1629.9,19558.86,0,2.0,1331,6.0,easy to track payments through the mobile app. rates were competitive and the funds came through quickly.,,0
ACCT-0001053,2022-07-05,42.0,male,northeast,bachelor,part_time,basic,branch,True,True,591,2775.6,32944.5,26257.74,0.797,30361.45,0.0814,84,475.36,39929.93,2,,507,4.0,very smooth application process and the agent was helpful. easy to track payments through the mobile app.,,0
ACCT-0002089,2023-08-16,40.0,male,midwest,associate,full_time,basic,branch,True,False,706,4469.53,54205.19,13834.73,0.2552,57548.6,0.0335,36,1682.41,60566.8,0,1.0,893,4.0,"process was fine, nothing exceptional either way. still evaluating against other offers from competitor banks.",,0
ACCT-0000817,2022-05-17,69.0,female,midwest,high_school,full_time,basic,mobile,False,True,690,2941.15,34895.86,9487.63,0.2719,46377.12,0.0612,72,771.19,55525.4,0,3.0,1195,10.0,rates were competitive and the funds came through quickly.,,0
ACCT-0001174,2023-04-15,48.0,male,south,bachelor,full_time,basic,mobile,True,False,629,3397.73,40792.84,17140.94,0.4202,14673.39,0.0674,60,288.77,17326.04,3,0.0,589,9.0,rates were competitive and the funds came through quickly. very smooth application process and the agent was helpful.,,0
ACCT-0001471,2023-08-19,51.0,female,south,bachelor,full_time,basic,online,True,False,748,9188.55,110146.98,25294.15,0.2296,114771.59,0.0799,12,9983.47,119801.6,0,1.0,1112,8.0,"ok experience overall, no strong feelings to share. still evaluating against other offers from competitor banks.",,0
ACCT-0001514,2022-03-12,59.0,male,west,bachelor,contract,basic,online,False,False,527,4891.07,59000.3,11660.82,0.1976,20319.33,0.15,48,565.52,27145.14,0,0.0,124,3.0,support never returned my calls about the missed payment.,2022-06-04,1
ACCT-0001305,2024-11-16,25.0,male,south,bachelor,full_time,basic,online,True,False,727,3307.76,39462.82,9487.19,0.2404,21739.84,0.1156,48,567.84,27256.1,1,0.0,1181,2.0,rates were competitive and the funds came through quickly.,,0
ACCT-0000329,2022-05-26,56.0,male,west,bachelor,full_time,basic,branch,True,True,655,3307.03,39762.36,9213.24,0.2317,11179.74,0.1201,48,294.45,14133.6,5,0.0,867,7.0,"transparent fees, no hidden charges that I noticed. very smooth application process and the agent was helpful.",,0
ACCT-0001466,2023-03-02,23.0,male,west,bachelor,full_time,basic,online,False,False,739,3580.07,42828.95,8111.0,0.1894,25363.02,0.0575,72,417.29,30045.23,0,2.0,870,3.0,very smooth application process and the agent was helpful.,,0
ACCT-0001419,2022-07-12,40.0,female,west,associate,full_time,standard,online,True,False,779,4987.56,59342.57,14006.34,0.236,35429.18,0.0678,72,600.36,43226.28,1,0.0,1106,3.0,very smooth application process and the agent was helpful. rates were competitive and the funds came through quickly.,,0
ACCT-0002006,2023-01-12,30.0,female,pacific,associate,self_employed,standard,online,False,True,571,2842.29,34144.76,12234.25,0.3583,31951.28,0.0749,24,1437.71,34504.95,0,0.0,929,10.0,"ok experience overall, no strong feelings to share.",,0
ACCT-0001457,2024-11-10,52.0,female,pacific,bachelor,full_time,basic,online,False,False,693,3905.42,46692.99,11428.19,0.2448,40313.47,0.1046,84,678.82,57021.05,1,2.0,105,5.0,took longer than expected but got approved in the end. documentation requirements were typical for this kind of loan. still evaluating against other offers from competitor banks.,,0
ACCT-0000997,2022-12-08,26.0,male,south,graduate,self_employed,standard,mobile,True,False,734,6804.69,81720.26,17103.77,0.2093,82881.85,0.0714,24,3715.97,89183.24,0,0.0,985,3.0,"very smooth application process and the agent was helpful. rates were competitive and the funds came through quickly. transparent fees, no hidden charges that I noticed.",,0
ACCT-0000798,2022-01-07,24.0,female,northeast,associate,part_time,standard,mobile,True,False,692,3312.72,40104.26,14404.13,0.3592,23599.29,0.0816,24,1069.06,25657.42,0,1.0,511,5.0,"easy to track payments through the mobile app. transparent fees, no hidden charges that I noticed. rates were competitive and the funds came through quickly.",,0
ACCT-0000391,2023-01-13,52.0,female,northeast,associate,part_time,premium,online,False,False,703,1731.15,20987.91,18391.85,0.8763,16599.62,0.0597,36,504.73,18170.36,1,2.0,83,8.0,"ok experience overall, no strong feelings to share. documentation requirements were typical for this kind of loan.",2023-08-12,1
ACCT-0001020,2022-01-12,45.0,female,pacific,bachelor,full_time,basic,branch,False,True,659,4772.76,57559.32,13536.88,0.2352,36658.7,0.1007,12,3224.13,38689.6,1,1.0,347,9.0,,,0
ACCT-0001200,2023-08-26,51.0,male,west,high_school,full_time,standard,branch,False,True,767,6102.16,73493.3,19209.74,0.2614,24001.98,0.051,72,387.72,27915.84,1,,1379,8.0,very smooth application process and the agent was helpful. rates were competitive and the funds came through quickly.,,0
ACCT-0002326,2022-06-13,33.0,female,northeast,bachelor,self_employed,basic,online,False,False,666,4286.06,51490.27,10760.32,0.209,33033.1,0.0963,36,1060.19,38166.92,0,3.0,1382,2.0,"great customer service, will recommend to friends and family. transparent fees, no hidden charges that I noticed. very smooth application process and the agent was helpful.",,0
ACCT-0001521,2024-04-22,23.0,female,south,graduate,contract,standard,online,True,True,727,2316.78,27652.48,5779.07,0.209,24629.92,0.0803,36,772.13,27796.66,1,0.0,1253,8.0,"great customer service, will recommend to friends and family.",,0
ACCT-0002175,2024-12-26,27.0,female,west,graduate,part_time,basic,mobile,True,True,796,6681.73,80422.71,17972.14,0.2235,45599.78,0.1026,84,763.24,64111.98,1,1.0,565,10.0,"great customer service, will recommend to friends and family. easy to track payments through the mobile app. rates were competitive and the funds came through quickly.",,0
ACCT-0000330,2023-01-10,51.0,male,midwest,high_school,self_employed,premium,branch,True,True,573,3060.17,36819.77,36344.29,0.9871,13240.74,0.1157,72,255.88,18423.53,2,0.0,1290,10.0,"easy to track payments through the mobile app. transparent fees, no hidden charges that I noticed.",,0
ACCT-0000873,2022-02-17,49.0,male,south,bachelor,part_time,standard,mobile,True,True,600,9645.33,115312.71,22825.27,0.1979,105875.17,0.0867,36,3350.58,120620.86,1,0.0,1011,7.0,"great customer service, will recommend to friends and family. easy to track payments through the mobile app.",,0
ACCT-0001397,2024-01-17,31.0,female,south,graduate,self_employed,basic,online,False,False,654,3316.29,40134.88,21640.99,0.5392,55466.05,0.0892,60,1149.36,68961.73,0,1.0,226,6.0,"rates were competitive and the funds came through quickly. transparent fees, no hidden charges that I noticed.",,0
ACCT-0000561,2022-06-28,22.0,male,northeast,bachelor,part_time,premium,online,True,True,680,6615.28,79230.8,14142.53,0.1785,102972.54,0.1029,48,2625.83,126039.65,0,1.0,805,6.0,"transparent fees, no hidden charges that I noticed. great customer service, will recommend to friends and family.",,0
ACCT-0000387,2023-12-10,27.0,male,south,high_school,part_time,basic,branch,False,False,708,2292.21,27795.55,6966.47,0.2506,15416.94,0.0764,12,1338.5,16061.96,0,0.0,914,10.0,"transparent fees, no hidden charges that I noticed.",,0
ACCT-0002399,2022-01-09,18.0,male,south,associate,full_time,basic,online,True,False,558,4166.65,50170.46,13319.48,0.2655,26423.34,0.0688,48,631.33,30303.74,1,2.0,67,4.0,rates were competitive and the funds came through quickly.,,0
ACCT-0000691,2023-07-15,48.0,male,midwest,bachelor,full_time,premium,online,True,False,585,3618.82,43642.46,21602.35,0.495,27124.46,0.1264,84,488.18,41007.19,0,4.0,1342,10.0,"transparent fees, no hidden charges that I noticed. rates were competitive and the funds came through quickly. easy to track payments through the mobile app.",,0
ACCT-0001579,2024-06-13,32.0,male,pacific,high_school,part_time,basic,agent,True,True,731,4082.86,49463.35,12811.0,0.259,27772.78,0.0501,36,832.48,29969.39,1,3.0,203,5.0,easy to track payments through the mobile app. very smooth application process and the agent was helpful.,,0
ACCT-0000680,2023-01-27,22.0,male,west,bachelor,self_employed,standard,branch,False,False,635,4901.32,59079.93,29580.57,0.5007,71710.51,0.0983,84,1184.14,99467.69,4,0.0,1499,5.0,"ok experience overall, no strong feelings to share. process was fine, nothing exceptional either way.",,0
ACCT-0001268,2024-12-30,56.0,male,northeast,high_school,full_time,premium,branch,True,False,660,8010.66,95857.78,32845.13,0.3426,108802.99,0.0793,36,3406.12,122620.25,0,0.0,1446,7.0,"took longer than expected but got approved in the end. ok experience overall, no strong feelings to share.",,0
ACCT-0000598,2022-11-23,39.0,male,pacific,associate,full_time,premium,online,True,False,658,3176.27,38053.36,8381.52,0.2203,32991.19,0.0756,36,1027.21,36979.4,2,0.0,1116,10.0,took longer than expected but got approved in the end. documentation requirements were typical for this kind of loan.,,0
ACCT-0000306,2022-01-12,44.0,female,south,bachelor,self_employed,standard,online,True,False,597,12502.12,149699.2,22705.97,0.1517,47998.02,0.1184,24,2255.8,54139.1,1,1.0,361,5.0,"great customer service, will recommend to friends and family. transparent fees, no hidden charges that I noticed.",,0
ACCT-0001540,2024-11-11,33.0,female,south,associate,full_time,standard,online,False,False,678,3096.79,37152.67,14789.73,0.3981,37961.55,0.1077,60,821.08,49264.8,0,0.0,855,7.0,easy to track payments through the mobile app.,,0
ACCT-0000260,2024-03-17,58.0,male,northeast,graduate,part_time,basic,online,True,False,782,4893.38,58990.03,21571.99,0.3657,15905.44,0.0741,24,715.12,17162.85,1,,197,2.0,"ok experience overall, no strong feelings to share. took longer than expected but got approved in the end. still evaluating against other offers from competitor banks.",,0
ACCT-0002101,2022-03-03,28.0,female,west,graduate,full_time,standard,branch,False,True,574,2992.07,35797.6,26734.69,0.7468,16807.03,0.1062,24,780.37,18728.91,3,2.0,1197,4.0,"took longer than expected but got approved in the end. process was fine, nothing exceptional either way.",,0
ACCT-0002055,2024-11-28,50.0,male,midwest,bachelor,full_time,basic,branch,False,False,657,3116.67,37297.17,11038.45,0.296,25373.13,0.089,60,525.45,31527.09,0,1.0,821,3.0,"rates were competitive and the funds came through quickly. transparent fees, no hidden charges that I noticed.",,0
ACCT-0002367,2024-09-17,46.0,male,northeast,bachelor,full_time,standard,mobile,False,False,721,9744.62,117134.99,22438.33,0.1916,46917.45,0.0717,84,711.98,59806.02,0,1.0,396,8.0,"ok experience overall, no strong feelings to share. took longer than expected but got approved in the end.",,0
ACCT-0000983,2024-02-20,57.0,female,south,bachelor,part_time,premium,mobile,False,True,733,2612.42,31368.21,8043.49,0.2564,36093.47,0.0762,48,874.68,41984.67,0,1.0,772,6.0,rates were competitive and the funds came through quickly.,,0
ACCT-0000870,2024-10-21,56.0,female,pacific,graduate,full_time,premium,branch,True,False,716,6829.51,82093.13,18016.59,0.2195,74078.61,0.0558,48,1725.36,82817.08,2,1.0,756,8.0,very smooth application process and the agent was helpful.,,0
ACCT-0001391,2022-10-22,28.0,male,midwest,high_school,full_time,basic,mobile,True,False,842,4424.12,53152.34,17989.33,0.3384,18673.8,0.0802,84,291.26,24465.55,1,2.0,888,10.0,still evaluating against other offers from competitor banks. took longer than expected but got approved in the end. documentation requirements were typical for this kind of loan.,,0
ACCT-0000211,2022-05-05,53.0,male,pacific,bachelor,full_time,standard,online,True,False,643,3725.52,44667.92,11661.21,0.2611,57426.13,0.1083,60,1243.68,74620.68,0,2.0,352,5.0,"ok experience overall, no strong feelings to share. took longer than expected but got approved in the end. still evaluating against other offers from competitor banks.",,0
ACCT-0002345,2022-11-13,43.0,male,west,high_school,self_employed,basic,mobile,True,False,794,5163.19,61852.12,18444.37,0.2982,61752.72,0.078,48,1501.91,72091.53,2,0.0,1108,9.0,"very smooth application process and the agent was helpful. great customer service, will recommend to friends and family.",,0
ACCT-0000969,2024-12-28,45.0,male,south,graduate,full_time,premium,mobile,True,False,692,5425.91,64911.91,23009.15,0.3545,22960.02,0.1087,60,497.78,29866.54,0,0.0,855,9.0,"easy to track payments through the mobile app. transparent fees, no hidden charges that I noticed.",,0
ACCT-0001650,2023-01-01,18.0,female,south,bachelor,full_time,basic,mobile,False,False,741,2153.43,25740.52,7937.07,0.3083,16689.73,0.1009,12,1468.0,17616.03,0,2.0,1251,2.0,"process was fine, nothing exceptional either way. ok experience overall, no strong feelings to share. documentation requirements were typical for this kind of loan.",,0
ACCT-0000324,2023-07-17,39.0,male,pacific,high_school,full_time,basic,online,True,False,654,9442.93,113537.65,19876.75,0.1751,58570.53,0.0934,84,952.61,80019.38,2,4.0,900,7.0,easy to track payments through the mobile app. very smooth application process and the agent was helpful.,,0
ACCT-0001619,2024-11-12,44.0,male,northeast,associate,full_time,premium,online,False,True,736,2844.88,34025.68,22403.32,0.6584,16286.38,0.0554,36,492.07,17714.61,1,4.0,1433,6.0,documentation requirements were typical for this kind of loan. took longer than expected but got approved in the end.,,0
ACCT-0001428,2024-04-06,19.0,male,south,graduate,full_time,standard,online,True,True,850,4451.85,54112.02,12965.69,0.2396,24949.06,0.0435,60,463.43,27806.05,0,2.0,182,10.0,"transparent fees, no hidden charges that I noticed. great customer service, will recommend to friends and family. rates were competitive and the funds came through quickly.",,0
ACCT-0000056,2024-01-20,51.0,male,northeast,bachelor,full_time,standard,branch,False,False,794,4709.69,56908.34,19325.86,0.3396,55874.52,0.0763,60,1123.08,67385.05,0,0.0,1443,7.0,"transparent fees, no hidden charges that I noticed. great customer service, will recommend to friends and family.",,0
ACCT-0002246,2023-02-10,,male,northeast,graduate,self_employed,basic,online,True,False,742,4240.84,50901.53,20522.41,0.4032,35564.34,0.0881,12,3106.95,37283.43,3,0.0,262,5.0,interest rate jumped after the first quarter without warning.,2023-10-13,1
ACCT-0000566,2023-02-05,35.0,male,south,bachelor,full_time,basic,online,False,False,683,8144.13,97767.03,25496.37,0.2608,45173.94,0.1059,12,3983.87,47806.45,2,2.0,931,9.0,rates were competitive and the funds came through quickly.,,0
ACCT-0002325,2022-06-02,41.0,male,midwest,high_school,full_time,basic,mobile,False,False,695,4840.55,57727.89,45293.1,0.7846,78464.65,0.102,24,3627.88,87069.02,4,0.0,414,6.0,"fees were not explained clearly upfront, very disappointing. interest rate jumped after the first quarter without warning.",2022-11-13,1
ACCT-0000977,2023-01-30,45.0,male,south,bachelor,part_time,standard,mobile,False,False,850,6207.38,74774.6,23582.85,0.3154,98518.42,0.0546,24,4342.41,104217.83,1,3.0,687,6.0,"very smooth application process and the agent was helpful. easy to track payments through the mobile app. great customer service, will recommend to friends and family.",,0
ACCT-0001856,2023-12-10,49.0,male,south,bachelor,self_employed,basic,online,False,True,684,2354.63,28556.29,6551.71,0.2294,28168.35,0.0729,36,873.44,31443.9,0,2.0,323,4.0,"great customer service, will recommend to friends and family.",,0
ACCT-0001535,2023-11-14,53.0,female,south,bachelor,contract,standard,online,True,False,608,4881.06,58676.5,24523.8,0.4179,65643.25,0.1041,60,1408.04,84482.46,2,2.0,108,3.0,took longer than expected but got approved in the end. documentation requirements were typical for this kind of loan.,,0
ACCT-0001536,2022-12-03,,female,midwest,high_school,full_time,premium,branch,True,False,715,4336.42,52558.26,19740.47,0.3756,29599.17,0.1032,24,1370.21,32884.99,0,0.0,929,4.0,"ok experience overall, no strong feelings to share. process was fine, nothing exceptional either way. still evaluating against other offers from competitor banks.",,0
ACCT-0000488,2022-06-19,45.0,female,south,high_school,self_employed,standard,online,False,False,822,4326.61,51586.26,13874.33,0.269,34324.38,0.0676,72,581.3,41853.78,1,2.0,524,5.0,"easy to track payments through the mobile app. transparent fees, no hidden charges that I noticed.",,0
ACCT-0001400,2022-07-25,43.0,female,midwest,bachelor,full_time,standard,online,False,False,648,4204.25,50262.37,9365.81,0.1863,41443.55,0.0881,72,743.15,53506.91,1,2.0,411,7.0,easy to track payments through the mobile app.,,0
ACCT-0000346,2024-06-27,32.0,female,south,bachelor,full_time,basic,mobile,True,False,802,2316.57,28284.49,10859.52,0.3839,10240.8,0.0854,48,252.61,12125.42,0,2.0,44,6.0,rates were competitive and the funds came through quickly.,,0
ACCT-0000750,2024-03-25,41.0,male,northeast,graduate,full_time,basic,online,True,False,711,7520.55,90258.24,24974.2,0.2767,114893.2,0.0836,48,2824.1,135556.73,1,0.0,527,9.0,"ok experience overall, no strong feelings to share.",,0
ACCT-0002324,2024-07-24,48.0,male,west,high_school,contract,standard,online,True,False,616,3825.73,46021.17,9555.94,0.2076,25245.12,0.0936,60,528.42,31704.93,2,1.0,738,10.0,documentation requirements were typical for this kind of loan.,,0
ACCT-0001662,2024-03-29,54.0,female,midwest,high_school,full_time,basic,online,True,False,780,22678.68,271969.66,44523.67,0.1637,155768.6,0.0897,72,2805.63,202005.44,1,0.0,1471,7.0,"ok experience overall, no strong feelings to share. documentation requirements were typical for this kind of loan. took longer than expected but got approved in the end.",,0
ACCT-0000027,2023-12-20,39.0,female,west,bachelor,full_time,basic,online,True,False,603,2248.97,26738.49,7955.9,0.2975,13027.55,0.1048,12,1148.23,13778.71,1,0.0,1473,6.0,"transparent fees, no hidden charges that I noticed. rates were competitive and the funds came through quickly.",,0
ACCT-0001887,2023-12-24,33.0,female,south,high_school,contract,standard,online,True,False,619,6411.18,77027.11,19708.21,0.2559,41684.44,0.1023,72,777.17,55956.0,0,5.0,1475,6.0,"transparent fees, no hidden charges that I noticed. easy to track payments through the mobile app. rates were competitive and the funds came through quickly.",,0
ACCT-0001242,2024-02-15,18.0,female,midwest,graduate,self_employed,basic,online,True,True,613,4564.03,54376.93,,0.4213,72530.5,0.0965,84,1190.95,100039.97,2,0.0,760,8.0,documentation requirements were typical for this kind of loan.,,0
ACCT-0000151,2022-08-09,32.0,female,northeast,bachelor,full_time,basic,branch,False,False,766,5408.82,64947.76,22439.5,0.3455,57873.46,0.0825,60,1180.51,70830.74,0,1.0,744,7.0,"great customer service, will recommend to friends and family.",,0
ACCT-0001796,2022-04-23,54.0,male,south,bachelor,self_employed,standard,online,True,False,687,5533.49,66714.9,15687.79,0.2351,77770.66,0.0613,84,1140.84,95830.8,0,3.0,352,7.0,easy to track payments through the mobile app.,,0
ACCT-0001181,2023-08-02,67.0,female,south,graduate,full_time,basic,branch,False,False,560,9217.47,110528.1,22177.09,0.2006,67149.44,0.1204,84,1186.63,99677.3,0,1.0,412,9.0,very smooth application process and the agent was helpful.,,0
ACCT-0001646,2024-01-19,25.0,female,south,bachelor,part_time,basic,online,True,True,706,2742.34,33358.44,6155.42,0.1845,15655.85,0.0899,12,1369.02,16428.23,0,2.0,246,7.0,still evaluating against other offers from competitor banks.,,0
ACCT-0000650,2024-08-26,44.0,female,northeast,graduate,full_time,standard,branch,True,True,797,5276.84,63005.28,14065.14,0.2232,81399.55,0.0734,48,1962.23,94186.88,0,1.0,765,2.0,"great customer service, will recommend to friends and family. rates were competitive and the funds came through quickly.",,0
ACCT-0002229,2022-06-29,40.0,male,south,bachelor,full_time,basic,online,False,False,681,3547.53,42796.53,8623.47,0.2015,15633.52,0.0881,12,1365.82,16389.89,1,0.0,567,8.0,"transparent fees, no hidden charges that I noticed.",,0
ACCT-0001728,2024-12-07,40.0,female,pacific,high_school,contract,standard,online,True,False,595,5283.81,63088.05,,0.1684,37907.14,0.1081,36,1237.6,44553.57,2,1.0,1070,10.0,took longer than expected but got approved in the end.,,0
ACCT-0000227,2024-01-21,51.0,male,northeast,associate,self_employed,basic,branch,True,True,711,5072.73,60370.27,19669.59,0.3258,65405.67,0.1116,36,2146.33,77267.81,1,3.0,1424,,"ok experience overall, no strong feelings to share. took longer than expected but got approved in the end.",,0
ACCT-0001653,2022-07-24,22.0,female,northeast,high_school,full_time,basic,mobile,True,False,632,4874.81,58744.14,15251.96,0.2596,35864.48,0.076,60,720.37,43222.4,0,0.0,1123,7.0,"transparent fees, no hidden charges that I noticed. rates were competitive and the funds came through quickly. very smooth application process and the agent was helpful.",,0
ACCT-0000941,2022-04-22,23.0,female,northeast,bachelor,full_time,standard,online,False,False,745,6573.1,79224.76,21130.83,0.2667,77183.07,0.0916,12,6755.51,81066.07,0,2.0,870,5.0,rates were competitive and the funds came through quickly. very smooth application process and the agent was helpful. easy to track payments through the mobile app.,,0
ACCT-0001191,2024-05-07,30.0,male,midwest,bachelor,full_time,basic,branch,False,False,602,7612.2,91635.06,26099.64,0.2848,99545.0,0.0654,24,4436.12,106466.96,0,2.0,339,7.0,easy to track payments through the mobile app. very smooth application process and the agent was helpful.,,0
ACCT-0000010,2023-01-15,58.0,male,west,bachelor,part_time,basic,mobile,False,False,627,9441.71,113195.8,24807.05,0.2192,149654.7,0.0682,24,6687.91,160509.86,0,1.0,102,8.0,rates were competitive and the funds came through quickly.,,0
ACCT-0000625,2023-01-23,51.0,male,northeast,bachelor,self_employed,standard,branch,False,False,651,3932.14,47366.87,25092.23,0.5297,47636.92,0.0942,12,4175.18,50102.15,1,0.0,1373,8.0,very smooth application process and the agent was helpful. rates were competitive and the funds came through quickly. easy to track payments through the mobile app.,,0
ACCT-0001982,2024-05-30,53.0,female,midwest,graduate,full_time,standard,branch,True,False,672,4018.11,48497.91,10528.21,0.2171,19276.08,0.1178,12,1710.66,20527.91,0,1.0,611,4.0,"great customer service, will recommend to friends and family.",,0
ACCT-0001404,2024-01-15,32.0,female,west,bachelor,self_employed,standard,branch,False,True,588,5152.2,61356.23,18970.11,0.3092,38910.12,0.0789,72,680.06,48964.33,0,2.0,274,8.0,"documentation requirements were typical for this kind of loan. ok experience overall, no strong feelings to share.",,0
ACCT-0001712,2024-09-12,40.0,female,midwest,bachelor,part_time,standard,online,True,False,773,7894.82,94393.59,17681.61,0.1873,43214.23,0.0774,12,3753.9,45046.75,1,2.0,38,5.0,documentation requirements were typical for this kind of loan.,,0
ACCT-0000348,2024-11-13,57.0,female,south,associate,full_time,premium,agent,True,False,760,7412.84,89145.68,26063.41,0.2924,90107.2,0.0526,36,2711.29,97606.48,0,2.0,1132,6.0,"easy to track payments through the mobile app. transparent fees, no hidden charges that I noticed. rates were competitive and the funds came through quickly.",,0
ACCT-0001674,2022-06-05,32.0,female,midwest,high_school,full_time,basic,mobile,True,False,659,1440.28,17221.14,4812.98,0.2795,7886.9,0.0369,24,341.39,8193.4,0,3.0,287,3.0,"very smooth application process and the agent was helpful. great customer service, will recommend to friends and family.",,0
ACCT-0001276,2023-05-12,48.0,female,south,high_school,full_time,premium,mobile,False,True,693,3217.81,39068.35,10808.62,0.2767,34033.69,0.0985,48,860.74,41315.4,0,1.0,371,4.0,"easy to track payments through the mobile app. great customer service, will recommend to friends and family. rates were competitive and the funds came through quickly.",,0
ACCT-0002048,2022-04-17,18.0,male,south,high_school,full_time,premium,online,True,True,694,3174.43,38006.03,22939.14,0.6036,37158.31,0.0726,24,1668.09,40034.18,0,0.0,593,9.0,"very smooth application process and the agent was helpful. transparent fees, no hidden charges that I noticed.",,0
ACCT-0001077,2022-04-05,47.0,male,pacific,bachelor,full_time,basic,online,True,False,810,4296.6,51455.53,16362.46,0.318,38643.25,0.052,48,893.38,42882.09,1,2.0,687,0.0,"ok experience overall, no strong feelings to share. documentation requirements were typical for this kind of loan.",,0
ACCT-0000478,2024-07-13,37.0,male,south,high_school,self_employed,basic,branch,False,False,726,2403.12,29021.47,13042.22,0.4494,16583.99,0.1274,12,1479.2,17750.45,2,1.0,850,7.0,"process was fine, nothing exceptional either way.",,0
ACCT-0001848,2022-11-02,53.0,female,south,bachelor,full_time,standard,online,True,False,524,9568.72,114539.76,37063.96,0.3236,62733.77,0.1212,48,1655.78,79477.65,0,1.0,625,10.0,rates were competitive and the funds came through quickly. easy to track payments through the mobile app.,,0
ACCT-0001379,2022-02-15,47.0,female,northeast,high_school,full_time,basic,mobile,True,True,622,6143.69,73515.23,22450.87,0.3054,74175.77,0.0831,60,1515.22,90913.27,2,0.0,1016,6.0,rates were competitive and the funds came through quickly. very smooth application process and the agent was helpful.,,0
ACCT-0001252,2023-03-02,28.0,female,south,associate,self_employed,basic,branch,True,False,668,3888.17,46818.09,39631.47,0.8465,28350.36,0.0958,12,2486.9,29842.83,1,0.0,462,4.0,"process was fine, nothing exceptional either way. documentation requirements were typical for this kind of loan. still evaluating against other offers from competitor banks.",,0
ACCT-0001740,2024-03-13,29.0,female,south,bachelor,full_time,basic,online,True,False,623,3398.42,40634.68,19373.83,0.4768,34050.88,0.1091,72,646.5,46548.26,2,,409,2.0,easy to track payments through the mobile app.,,0
ACCT-0000278,2022-12-30,25.0,female,south,associate,part_time,standard,online,False,False,747,3100.52,37255.49,15359.65,0.4123,33803.9,0.0627,72,564.57,40648.79,1,3.0,43,5.0,"rates were competitive and the funds came through quickly. transparent fees, no hidden charges that I noticed.",,0
ACCT-0001408,2022-03-19,35.0,female,midwest,bachelor,self_employed,standard,branch,False,False,706,3966.17,47685.38,18077.97,0.3791,12619.05,0.0845,24,573.31,13759.51,2,1.0,410,7.0,,,0
ACCT-0000624,2023-07-19,31.0,male,midwest,bachelor,full_time,premium,agent,True,False,722,2573.42,31051.28,11554.86,0.3721,40596.92,0.0433,84,561.02,47125.41,0,0.0,1329,7.0,"great customer service, will recommend to friends and family.",,0
ACCT-0001106,2023-03-09,49.0,male,midwest,bachelor,part_time,basic,branch,True,False,664,4532.72,54371.17,16414.59,0.3019,43892.1,0.084,60,898.45,53907.15,1,1.0,338,,"rates were competitive and the funds came through quickly. easy to track payments through the mobile app. great customer service, will recommend to friends and family.",,0
ACCT-0000890,2024-05-21,30.0,male,south,graduate,full_time,basic,online,False,False,670,2241.69,26782.3,14982.91,0.5594,16066.29,0.0948,84,262.39,22040.93,2,1.0,860,4.0,very smooth application process and the agent was helpful. rates were competitive and the funds came through quickly.,,0
ACCT-0000350,2024-12-24,18.0,male,south,associate,full_time,standard,online,False,False,658,4165.84,50311.63,12945.56,0.2573,37243.87,0.0807,24,1685.69,40456.58,0,0.0,827,10.0,very smooth application process and the agent was helpful.,,0
ACCT-0000225,2022-11-17,39.0,male,pacific,bachelor,full_time,basic,mobile,True,False,773,5539.36,66449.65,16705.15,0.2514,60319.86,0.1093,84,1030.63,86572.66,0,0.0,272,7.0,"process was fine, nothing exceptional either way.",,0
ACCT-0000447,2024-10-05,64.0,male,pacific,graduate,full_time,basic,online,False,False,587,1969.92,23137.56,9270.38,0.4007,32216.88,0.1275,12,2873.79,34485.51,1,3.0,168,10.0,"easy to track payments through the mobile app. transparent fees, no hidden charges that I noticed. great customer service, will recommend to friends and family.",,0
ACCT-0001697,2022-11-21,51.0,female,south,bachelor,full_time,premium,online,True,False,730,5362.76,64252.62,24353.76,0.379,67314.89,0.0371,84,911.29,76547.99,0,2.0,992,4.0,"rates were competitive and the funds came through quickly. transparent fees, no hidden charges that I noticed.",,0
ACCT-0002074,2022-05-09,39.0,male,northeast,high_school,full_time,standard,online,False,False,760,5979.53,72045.28,18292.16,0.2539,95920.38,0.1124,24,4481.21,107549.09,0,0.0,708,2.0,"process was fine, nothing exceptional either way. still evaluating against other offers from competitor banks.",,0
ACCT-0002258,2024-02-18,42.0,female,south,bachelor,full_time,basic,branch,False,False,723,5906.36,71019.12,11293.98,0.159,93627.39,0.0927,24,4288.83,102932.04,0,1.0,146,10.0,"transparent fees, no hidden charges that I noticed. easy to track payments through the mobile app. rates were competitive and the funds came through quickly.",,0
ACCT-0001108,2023-04-23,54.0,male,pacific,graduate,contract,standard,online,True,True,676,4385.11,52214.1,20209.6,0.3871,34087.34,0.0792,84,529.91,44512.03,0,0.0,124,10.0,rates were competitive and the funds came through quickly.,,0
ACCT-0001844,2024-06-04,43.0,male,midwest,associate,part_time,standard,mobile,False,False,823,11052.93,132592.73,21610.38,0.163,157761.99,0.1069,48,4053.4,194563.01,0,0.0,1240,10.0,very smooth application process and the agent was helpful.,,0
ACCT-0000988,2022-04-05,41.0,female,south,associate,part_time,standard,mobile,True,True,683,3004.09,35875.0,6921.5,0.1929,49845.65,0.1105,24,2324.38,55785.17,0,0.0,906,3.0,"process was fine, nothing exceptional either way. documentation requirements were typical for this kind of loan. took longer than expected but got approved in the end.",,0
ACCT-0000805,2024-06-05,49.0,female,south,high_school,self_employed,premium,online,False,True,665,5546.69,66867.1,15719.88,0.2351,60480.25,0.109,12,5342.55,64110.61,1,1.0,1018,4.0,easy to track payments through the mobile app. very smooth application process and the agent was helpful.,,0
ACCT-0002323,2022-03-13,34.0,male,northeast,bachelor,self_employed,standard,mobile,True,False,850,6921.02,82965.08,17980.18,0.2167,106717.99,0.0822,24,4837.23,116093.47,0,2.0,1379,6.0,"very smooth application process and the agent was helpful. transparent fees, no hidden charges that I noticed.",,0
ACCT-0000425,2023-03-22,19.0,female,south,bachelor,full_time,standard,online,True,True,727,6300.27,75532.76,21622.24,0.2863,71214.86,0.0485,48,1635.15,78487.07,0,2.0,357,6.0,took longer than expected but got approved in the end. still evaluating against other offers from competitor banks.,,0
ACCT-0000990,2023-02-25,59.0,male,northeast,bachelor,part_time,basic,branch,True,False,689,2822.65,33525.72,15459.97,0.4611,37771.46,0.0725,36,1170.67,42144.26,0,4.0,859,4.0,easy to track payments through the mobile app.,,0
ACCT-0001654,2022-02-03,18.0,female,northeast,graduate,contract,basic,online,False,True,483,7408.32,88853.5,25093.79,0.2824,119237.37,0.1124,36,3917.08,141015.04,0,1.0,326,8.0,"documentation requirements were typical for this kind of loan. took longer than expected but got approved in the end. process was fine, nothing exceptional either way.",,0
ACCT-0001918,2024-03-13,23.0,male,midwest,high_school,full_time,basic,branch,False,False,681,2185.52,25997.97,5827.2,0.2241,7472.58,0.0722,12,647.35,7768.14,1,2.0,832,2.0,easy to track payments through the mobile app.,,0
ACCT-0001337,2024-11-09,55.0,female,midwest,high_school,part_time,standard,mobile,True,False,779,4477.62,53255.8,11604.7,0.2179,50098.85,0.1013,24,2314.84,55556.06,0,0.0,1127,7.0,"very smooth application process and the agent was helpful. great customer service, will recommend to friends and family.",,0
ACCT-0001156,2024-01-13,52.0,male,west,bachelor,full_time,standard,mobile,True,True,615,5668.43,67942.82,22783.12,0.3353,23534.01,0.1004,72,436.47,31425.99,0,0.0,375,9.0,"ok experience overall, no strong feelings to share.",,0
ACCT-0000510,2024-11-08,50.0,female,northeast,graduate,full_time,standard,online,True,False,762,4618.45,55311.46,16442.89,0.2973,37027.7,0.1142,72,712.73,51316.77,0,0.0,278,5.0,rates were competitive and the funds came through quickly. easy to track payments through the mobile app.,,0
ACCT-0000825,2023-07-11,38.0,male,northeast,bachelor,full_time,basic,mobile,False,False,731,3338.78,39953.16,21339.67,0.5341,47850.72,0.0724,36,1482.79,53380.51,0,1.0,752,5.0,the autopay system charged me twice in the same month.,2023-11-09,1
ACCT-0001069,2023-04-16,47.0,male,west,bachelor,part_time,basic,online,False,False,722,5262.11,63220.56,24299.63,0.3844,79177.64,0.1029,84,1326.41,111418.34,0,2.0,936,2.0,"very smooth application process and the agent was helpful. great customer service, will recommend to friends and family. transparent fees, no hidden charges that I noticed.",,0
ACCT-0001714,2023-05-09,33.0,male,northeast,high_school,self_employed,basic,branch,True,False,842,8174.03,98353.0,23514.96,0.2391,87419.87,0.0704,84,1321.2,110980.56,0,1.0,1212,8.0,"great customer service, will recommend to friends and family. transparent fees, no hidden charges that I noticed. very smooth application process and the agent was helpful.",,0
ACCT-0002098,2022-01-23,35.0,male,west,bachelor,full_time,basic,online,False,True,564,9431.45,113193.56,20254.44,0.1789,153337.08,0.083,48,3764.84,180712.37,0,1.0,891,2.0,"documentation requirements were typical for this kind of loan. ok experience overall, no strong feelings to share.",,0
ACCT-0002140,2023-05-13,33.0,female,west,bachelor,part_time,basic,online,True,True,768,4442.39,53784.84,10954.33,0.2037,58828.39,0.0656,36,1804.64,64967.02,1,0.0,700,,"transparent fees, no hidden charges that I noticed. rates were competitive and the funds came through quickly.",,0
ACCT-0000179,2023-10-21,25.0,male,south,associate,full_time,standard,online,True,False,519,3093.97,37271.31,13152.39,0.3529,40226.45,0.0907,12,3519.16,42229.89,0,1.0,681,6.0,"great customer service, will recommend to friends and family. rates were competitive and the funds came through quickly.",,0
ACCT-0000755,2022-05-27,26.0,female,west,bachelor,self_employed,basic,mobile,True,False,641,12345.76,148224.47,30202.2,0.2038,68561.5,0.1026,24,3171.97,76127.22,2,0.0,977,,"very smooth application process and the agent was helpful. rates were competitive and the funds came through quickly. great customer service, will recommend to friends and family.",,0
ACCT-0000895,2023-04-12,31.0,male,south,associate,self_employed,basic,mobile,False,False,671,9623.36,115551.68,23558.85,0.2039,41947.54,0.0805,12,3649.97,43799.59,1,0.0,550,6.0,"great customer service, will recommend to friends and family. transparent fees, no hidden charges that I noticed.",,0
ACCT-0002448,2024-07-31,41.0,female,west,high_school,full_time,standard,online,True,False,685,3608.44,43576.52,12357.5,0.2836,21568.19,0.0951,84,352.67,29624.34,0,0.0,680,6.0,"ok experience overall, no strong feelings to share.",,0
ACCT-0000276,2023-10-09,43.0,female,midwest,bachelor,full_time,basic,branch,False,False,551,13865.79,166603.74,35246.67,0.2116,183741.93,0.1345,72,3731.93,268698.67,0,2.0,1376,10.0,rates were competitive and the funds came through quickly.,,0
ACCT-0001320,2024-06-20,34.0,male,pacific,bachelor,full_time,standard,online,False,True,738,3486.88,41254.69,17393.33,0.4216,51155.61,0.0754,48,1237.79,59414.16,1,0.0,817,7.0,took longer than expected but got approved in the end. still evaluating against other offers from competitor banks.,,0
ACCT-0000493,2022-02-10,52.0,male,south,bachelor,full_time,standard,online,True,False,542,6094.18,72849.86,16326.27,0.2241,39415.44,0.1527,60,943.19,56591.31,2,2.0,104,5.0,"fees were not explained clearly upfront, very disappointing. support never returned my calls about the missed payment.",2023-05-11,1
ACCT-0001731,2023-03-22,41.0,female,south,bachelor,full_time,standard,branch,False,False,569,2693.16,32468.21,8673.79,0.2671,31110.93,0.1143,36,1024.93,36897.46,1,1.0,660,4.0,"great customer service, will recommend to friends and family.",,0
ACCT-0000161,2024-06-26,31.0,male,pacific,bachelor,contract,basic,branch,True,False,656,4054.58,48640.68,16626.82,0.3418,17195.71,0.1157,48,449.17,21560.14,1,1.0,728,6.0,"rates were competitive and the funds came through quickly. great customer service, will recommend to friends and family.",,0
ACCT-0002243,2024-08-11,26.0,female,northeast,graduate,full_time,standard,online,True,False,716,8435.19,101150.5,,0.2073,36753.82,0.1113,72,702.0,50544.28,0,0.0,1131,4.0,"great customer service, will recommend to friends and family. easy to track payments through the mobile app.",,0
ACCT-0002214,2024-06-06,56.0,male,south,bachelor,full_time,standard,mobile,False,False,645,4322.36,51782.68,24605.41,0.4752,26771.6,0.0968,84,440.0,36960.13,1,1.0,1351,10.0,rates were competitive and the funds came through quickly. very smooth application process and the agent was helpful.,,0
ACCT-0000351,2022-06-01,45.0,male,northeast,bachelor,self_employed,premium,mobile,True,False,725,3329.91,39776.54,11364.79,0.2857,27408.67,0.1011,84,456.56,38351.3,1,1.0,1155,5.0,"great customer service, will recommend to friends and family. easy to track payments through the mobile app.",,0
ACCT-0000635,2024-11-30,41.0,male,south,high_school,full_time,basic,branch,False,False,723,3312.68,39903.82,13597.61,0.3408,34645.33,0.0846,48,853.34,40960.19,1,2.0,1284,6.0,"documentation requirements were typical for this kind of loan. process was fine, nothing exceptional either way.",,0
ACCT-0001049,2023-02-03,30.0,female,northeast,associate,contract,standard,mobile,True,False,561,2294.89,27580.74,8749.57,0.3172,25468.09,0.1399,72,524.7,37778.17,1,1.0,618,4.0,"documentation requirements were typical for this kind of loan. process was fine, nothing exceptional either way. still evaluating against other offers from competitor banks.",,0
ACCT-0000702,2024-04-08,20.0,female,west,bachelor,full_time,basic,agent,False,False,842,2016.98,24056.95,6115.18,0.2542,11425.81,0.0883,72,205.02,14761.15,3,2.0,746,4.0,"took longer than expected but got approved in the end. ok experience overall, no strong feelings to share. still evaluating against other offers from competitor banks.",,0
ACCT-0001518,2022-02-18,49.0,nonbinary,midwest,bachelor,full_time,premium,branch,True,False,600,2530.4,30079.68,11443.97,0.3805,37142.32,0.0694,84,559.51,46998.62,0,2.0,464,7.0,"rates were competitive and the funds came through quickly. great customer service, will recommend to friends and family.",,0
ACCT-0001950,2024-12-21,46.0,male,south,high_school,full_time,premium,mobile,False,False,691,5010.76,60117.23,11364.7,0.189,25788.83,0.0805,60,523.57,31414.15,0,3.0,1000,7.0,"fees were not explained clearly upfront, very disappointing. support never returned my calls about the missed payment. the autopay system charged me twice in the same month.",2026-04-30,1
ACCT-0000504,2024-04-17,42.0,nonbinary,south,bachelor,full_time,basic,mobile,False,False,704,4601.86,54825.92,33067.44,0.6031,32595.04,0.1187,36,1080.54,38899.4,3,0.0,439,4.0,"very smooth application process and the agent was helpful. great customer service, will recommend to friends and family.",,0
ACCT-0002256,2023-09-12,29.0,female,west,associate,part_time,basic,online,True,False,597,2424.86,29061.68,8969.49,0.3086,17883.77,0.1266,48,476.76,22884.71,0,1.0,563,8.0,"ok experience overall, no strong feelings to share. documentation requirements were typical for this kind of loan.",,0
ACCT-0000534,2024-06-17,36.0,female,northeast,bachelor,full_time,basic,online,False,False,750,2787.54,33501.79,14043.26,0.4192,39262.47,0.0922,36,1252.63,45094.54,1,0.0,58,7.0,"ok experience overall, no strong feelings to share. documentation requirements were typical for this kind of loan.",,0
ACCT-0002359,2022-06-01,46.0,nonbinary,west,graduate,full_time,basic,mobile,False,False,722,8237.87,98812.2,19224.22,0.1946,49643.63,0.087,48,1228.39,58962.66,0,0.0,900,8.0,"ok experience overall, no strong feelings to share.",,0
ACCT-0002017,2023-12-12,60.0,female,midwest,graduate,full_time,standard,online,False,True,716,4560.24,54757.1,33106.49,0.6046,44994.07,0.1087,60,975.39,58523.11,1,1.0,914,5.0,"easy to track payments through the mobile app. transparent fees, no hidden charges that I noticed.",,0
ACCT-0001418,2024-09-11,51.0,female,northeast,bachelor,full_time,basic,online,True,False,755,2593.61,31129.07,16422.01,0.5275,39653.08,0.1099,24,1847.89,44349.31,1,0.0,80,3.0,"fees were not explained clearly upfront, very disappointing. the autopay system charged me twice in the same month.",2026-01-26,1
ACCT-0001132,2022-12-06,42.0,female,northeast,bachelor,full_time,basic,mobile,True,False,699,1587.23,19076.22,8369.16,0.4387,16451.98,0.0988,60,348.59,20915.67,3,0.0,1473,10.0,rates were competitive and the funds came through quickly. easy to track payments through the mobile app.,,0
ACCT-0000054,2024-11-21,49.0,male,south,high_school,full_time,standard,mobile,True,False,752,3332.74,40135.41,12577.51,0.3134,53763.27,0.0894,24,2454.72,58913.34,2,1.0,993,8.0,documentation requirements were typical for this kind of loan.,,0
ACCT-0001358,2024-08-12,41.0,female,midwest,associate,full_time,basic,online,True,False,627,2788.15,33717.72,8723.77,0.2587,43946.37,0.077,84,678.46,56990.48,0,2.0,158,10.0,"very smooth application process and the agent was helpful. transparent fees, no hidden charges that I noticed.",,0
ACCT-0002203,2023-08-23,44.0,male,midwest,high_school,full_time,standard,mobile,False,False,630,2534.51,30141.94,27782.24,0.9217,40745.81,0.092,48,1017.87,48857.6,1,1.0,807,4.0,"easy to track payments through the mobile app. great customer service, will recommend to friends and family.",,0
ACCT-0002485,2023-12-19,44.0,male,midwest,bachelor,full_time,basic,agent,False,True,822,6626.46,79398.86,14689.34,0.185,77983.23,0.0407,24,3388.78,81330.79,1,1.0,1080,7.0,"documentation requirements were typical for this kind of loan. ok experience overall, no strong feelings to share.",,0
ACCT-0000107,2022-04-21,33.0,male,south,bachelor,full_time,standard,mobile,False,False,700,6786.76,81379.17,31079.59,0.3819,113060.33,0.11,60,2458.24,147494.16,0,2.0,592,6.0,still evaluating against other offers from competitor banks. took longer than expected but got approved in the end.,,0
ACCT-0001596,2022-11-01,46.0,female,northeast,bachelor,full_time,premium,online,True,True,722,2985.46,36015.31,9877.27,0.2743,25017.08,0.1122,36,821.68,29580.61,2,1.0,1480,6.0,"very smooth application process and the agent was helpful. transparent fees, no hidden charges that I noticed.",,0
ACCT-0001550,2022-09-06,30.0,male,northeast,associate,full_time,basic,mobile,True,False,670,3426.81,41549.87,14921.85,0.3591,14135.19,0.0762,72,245.19,17653.72,3,0.0,794,8.0,"process was fine, nothing exceptional either way. documentation requirements were typical for this kind of loan.",,0
ACCT-0000491,2022-05-27,34.0,female,northeast,high_school,full_time,basic,online,True,True,648,4128.73,49647.27,13796.8,0.2779,16661.09,0.0805,84,260.09,21847.36,3,2.0,537,10.0,"very smooth application process and the agent was helpful. easy to track payments through the mobile app. transparent fees, no hidden charges that I noticed.",,0
ACCT-0001283,2024-09-19,46.0,male,northeast,graduate,full_time,premium,branch,True,False,785,5192.31,62595.1,14564.75,0.2327,85608.73,0.0716,48,2056.38,98706.33,1,5.0,787,7.0,"easy to track payments through the mobile app. transparent fees, no hidden charges that I noticed.",,0
ACCT-0001632,2023-10-17,62.0,female,pacific,graduate,full_time,standard,mobile,False,False,723,6031.6,72435.37,26850.09,0.3707,41379.26,0.074,48,998.63,47934.04,1,,1045,7.0,"process was fine, nothing exceptional either way.",2024-01-09,1
ACCT-0000219,2024-01-25,43.0,female,northeast,associate,part_time,premium,online,False,True,539,4634.14,55748.36,13236.51,0.2374,72950.92,0.0964,36,2341.61,84297.85,1,4.0,244,2.0,,,0
ACCT-0001029,2023-09-13,36.0,male,pacific,bachelor,contract,standard,branch,True,False,669,2974.77,35806.5,12174.24,0.34,18233.09,0.0711,48,437.56,21002.73,0,0.0,898,9.0,"very smooth application process and the agent was helpful. great customer service, will recommend to friends and family.",,0
ACCT-0002453,2024-09-08,18.0,female,midwest,bachelor,contract,basic,online,True,False,471,4754.76,57042.01,28380.14,0.4975,73309.97,0.1318,24,3491.65,83799.56,1,1.0,859,3.0,"ok experience overall, no strong feelings to share. still evaluating against other offers from competitor banks.",,0
ACCT-0001655,2022-03-17,37.0,female,midwest,high_school,full_time,premium,online,False,False,663,3387.33,40790.37,20342.67,0.4987,55802.98,0.117,24,2619.12,62858.88,1,1.0,972,5.0,"process was fine, nothing exceptional either way.",,0
ACCT-0001784,2022-10-31,46.0,male,northeast,bachelor,full_time,basic,branch,True,True,617,4895.47,58906.75,37215.27,0.6318,23467.65,0.1005,84,390.22,32778.63,1,6.0,722,8.0,"interest rate jumped after the first quarter without warning. fees were not explained clearly upfront, very disappointing. the agent kept rescheduling and the process took weeks.",2023-06-22,1
ACCT-0001201,2023-09-29,35.0,female,midwest,graduate,full_time,standard,mobile,True,True,700,2765.4,33479.94,16249.26,0.4853,32409.39,0.1088,60,702.73,42163.79,2,0.0,411,7.0,documentation requirements were typical for this kind of loan. still evaluating against other offers from competitor banks.,,0
ACCT-0000206,2024-02-24,48.0,male,pacific,bachelor,self_employed,standard,agent,True,True,746,5550.65,66716.45,15033.87,0.2253,25030.95,0.0808,84,391.08,32850.39,0,1.0,1322,9.0,"ok experience overall, no strong feelings to share. process was fine, nothing exceptional either way.",,0
ACCT-0001870,2024-12-06,28.0,female,south,associate,full_time,basic,online,True,False,670,3767.5,45190.47,,0.3376,49563.63,0.1081,24,2305.68,55336.39,0,3.0,1017,8.0,"the agent kept rescheduling and the process took weeks. fees were not explained clearly upfront, very disappointing.",2025-07-22,1
ACCT-0001664,2022-03-29,42.0,female,south,bachelor,self_employed,basic,agent,True,False,616,5360.1,64416.86,15985.53,0.2482,66283.01,0.0513,24,2911.91,69885.79,0,2.0,397,9.0,"ok experience overall, no strong feelings to share. still evaluating against other offers from competitor banks.",,0
ACCT-0000230,2022-03-21,35.0,male,northeast,high_school,full_time,standard,online,True,False,606,3868.66,46093.58,17322.64,0.3758,27446.34,0.1112,72,524.15,37738.6,1,3.0,909,2.0,"transparent fees, no hidden charges that I noticed. very smooth application process and the agent was helpful.",,0
ACCT-0001723,2024-01-13,28.0,male,pacific,bachelor,full_time,basic,branch,True,True,714,4996.21,59977.18,18189.94,0.3033,44596.46,0.0613,12,3840.88,46090.6,1,1.0,1144,7.0,"transparent fees, no hidden charges that I noticed. great customer service, will recommend to friends and family.",,0
ACCT-0001209,2022-09-01,49.0,female,midwest,associate,full_time,basic,agent,False,False,844,4151.1,50089.17,11370.03,0.227,59134.53,0.1048,12,5212.09,62545.03,2,1.0,1059,9.0,"documentation requirements were typical for this kind of loan. process was fine, nothing exceptional either way.",,0
ACCT-0002354,2024-03-03,48.0,male,midwest,bachelor,full_time,standard,branch,True,True,553,3345.84,40142.51,14917.52,0.3716,34717.02,0.1073,36,1132.22,40760.01,1,0.0,182,8.0,"fees were not explained clearly upfront, very disappointing. the agent kept rescheduling and the process took weeks.",2025-06-30,1
ACCT-0001878,2023-07-01,58.0,male,west,high_school,self_employed,standard,online,True,False,688,3531.63,42748.2,10348.63,0.2421,24519.96,0.0962,48,617.42,29636.31,1,0.0,1083,4.0,"still evaluating against other offers from competitor banks. process was fine, nothing exceptional either way.",,0
ACCT-0001832,2022-01-14,32.0,female,midwest,bachelor,part_time,basic,branch,True,True,607,7857.24,94292.15,29376.7,0.3115,75790.08,0.073,60,1511.64,90698.41,0,2.0,671,6.0,"process was fine, nothing exceptional either way. took longer than expected but got approved in the end. ok experience overall, no strong feelings to share.",,0
ACCT-0002062,2023-04-28,31.0,nonbinary,south,bachelor,full_time,basic,online,False,False,617,11320.03,135823.06,31424.01,0.2314,157710.93,0.0683,36,4857.5,174869.85,0,2.0,1491,10.0,"process was fine, nothing exceptional either way. ok experience overall, no strong feelings to share.",,0
ACCT-0001607,2024-10-06,32.0,male,west,bachelor,full_time,standard,online,False,False,696,6915.64,83471.19,21686.07,0.2598,50572.24,0.1028,36,1638.59,58989.21,0,1.0,1352,7.0,"easy to track payments through the mobile app. great customer service, will recommend to friends and family.",,0
ACCT-0002422,2024-03-04,43.0,female,south,graduate,self_employed,basic,online,False,False,559,2109.63,25166.73,21443.41,0.8521,11831.58,0.0307,36,344.44,12399.87,1,0.0,573,4.0,the agent kept rescheduling and the process took weeks. support never returned my calls about the missed payment.,2024-11-06,1
ACCT-0000078,2024-10-02,41.0,male,pacific,bachelor,self_employed,standard,agent,True,False,850,4317.06,51657.99,10511.94,0.2035,57368.38,0.0444,12,4896.45,58757.34,1,2.0,1086,6.0,,2025-07-05,1
ACCT-0001943,2024-04-26,39.0,male,south,high_school,self_employed,basic,online,False,False,762,6314.05,75955.7,13220.62,0.1741,85677.57,0.0669,36,2633.27,94797.79,2,1.0,739,7.0,"easy to track payments through the mobile app. transparent fees, no hidden charges that I noticed. very smooth application process and the agent was helpful.",,0
ACCT-0002044,2024-11-23,22.0,nonbinary,south,graduate,full_time,basic,online,False,False,636,5382.55,64899.97,10436.6,0.1608,53952.34,0.0748,72,932.44,67136.0,1,1.0,935,10.0,the autopay system charged me twice in the same month.,2025-12-07,1
ACCT-0002262,2024-07-16,31.0,female,south,graduate,self_employed,standard,online,True,False,639,2693.5,31941.68,,0.5586,16660.79,0.1202,72,325.85,23461.4,2,1.0,1120,6.0,still evaluating against other offers from competitor banks.,,0
ACCT-0001365,2023-06-02,33.0,female,south,graduate,full_time,standard,online,True,False,823,5127.03,61321.27,14633.89,0.2386,76225.43,0.0742,36,2368.23,85256.26,0,1.0,1297,4.0,"process was fine, nothing exceptional either way. took longer than expected but got approved in the end.",,0
ACCT-0001584,2024-12-04,43.0,female,midwest,bachelor,part_time,standard,online,False,False,535,5610.55,67091.59,11440.74,0.1705,52593.81,0.1344,72,1068.03,76898.02,1,3.0,450,7.0,interest rate jumped after the first quarter without warning.,2025-12-31,1
ACCT-0001901,2022-09-23,48.0,male,northeast,bachelor,full_time,basic,agent,False,True,727,5071.57,61142.17,17898.1,0.2927,66635.77,0.0997,36,2149.34,77376.33,4,0.0,1158,8.0,"ok experience overall, no strong feelings to share. process was fine, nothing exceptional either way.",,0
ACCT-0001269,2024-03-26,56.0,female,west,bachelor,full_time,basic,mobile,False,False,541,3613.8,43355.61,18168.32,0.4191,11481.81,0.152,12,1037.4,12448.81,2,1.0,687,9.0,"still evaluating against other offers from competitor banks. ok experience overall, no strong feelings to share.",2025-02-23,1
ACCT-0001112,2024-11-12,22.0,male,west,associate,full_time,standard,branch,True,True,657,2903.41,34530.7,14544.64,0.4212,21385.46,0.0861,72,381.31,27454.24,2,1.0,814,6.0,,,0
ACCT-0002318,2022-03-12,55.0,male,south,graduate,full_time,basic,online,True,False,600,1458.69,17344.7,18453.67,1.0639,21058.85,0.0812,60,428.23,25693.97,1,1.0,179,6.0,"rates were competitive and the funds came through quickly. great customer service, will recommend to friends and family. transparent fees, no hidden charges that I noticed.",,0
ACCT-0002172,2023-11-12,38.0,female,south,associate,contract,basic,online,True,True,748,6542.05,78604.26,16751.93,0.2131,104639.31,0.1033,48,2670.66,128191.8,1,0.0,829,5.0,interest rate jumped after the first quarter without warning.,2024-09-07,1
ACCT-0000950,2024-11-06,52.0,male,northeast,graduate,full_time,basic,mobile,False,False,732,2232.51,26779.0,16086.55,0.6007,22852.35,0.0994,84,378.65,31806.97,1,2.0,1337,10.0,"great customer service, will recommend to friends and family. very smooth application process and the agent was helpful.",,0
ACCT-0002494,2023-09-15,49.0,male,northeast,bachelor,full_time,basic,mobile,True,True,794,6958.01,83201.39,22424.25,0.2695,53588.78,0.0959,12,4700.98,56411.7,2,0.0,381,10.0,"transparent fees, no hidden charges that I noticed.",,0
ACCT-0000987,2024-10-15,18.0,nonbinary,west,high_school,full_time,basic,mobile,False,False,653,5389.34,64350.86,12454.91,0.1935,85473.76,0.0652,48,2027.84,97336.44,0,1.0,818,10.0,"process was fine, nothing exceptional either way. ok experience overall, no strong feelings to share.",,0
ACCT-0002123,2024-03-12,33.0,female,northeast,bachelor,full_time,basic,online,False,False,673,3298.84,39684.58,8747.34,0.2204,39293.93,0.0847,72,697.93,50250.94,2,1.0,436,6.0,"transparent fees, no hidden charges that I noticed. rates were competitive and the funds came through quickly.",,0
ACCT-0001280,2023-05-26,43.0,female,pacific,bachelor,full_time,basic,mobile,True,False,550,3168.75,38029.34,9511.32,0.2501,33503.06,0.1099,72,637.51,45900.51,0,0.0,566,4.0,"transparent fees, no hidden charges that I noticed. very smooth application process and the agent was helpful.",,0
ACCT-0002122,2022-07-21,18.0,male,northeast,associate,self_employed,basic,branch,False,False,659,7763.81,93665.18,20586.82,0.2198,49416.91,0.0973,48,1247.02,59856.85,2,2.0,542,7.0,"rates were competitive and the funds came through quickly. very smooth application process and the agent was helpful. transparent fees, no hidden charges that I noticed.",,0
ACCT-0000468,2022-06-18,46.0,female,midwest,graduate,self_employed,standard,online,False,True,653,4623.03,55725.84,13033.51,0.2339,28219.71,0.0817,12,2456.99,29483.89,1,0.0,975,9.0,the autopay system charged me twice in the same month.,2023-07-08,1
ACCT-0001109,2023-12-16,34.0,female,south,graduate,full_time,standard,mobile,True,False,628,2132.85,25832.32,5163.99,0.1999,28169.98,0.0975,24,1296.66,31119.72,0,0.0,1094,8.0,rates were competitive and the funds came through quickly. very smooth application process and the agent was helpful.,,0
ACCT-0001766,2022-04-27,18.0,female,west,bachelor,contract,standard,online,True,False,581,4283.98,51488.71,13382.17,0.2599,52187.94,0.1553,72,1118.7,80546.62,3,2.0,65,5.0,still evaluating against other offers from competitor banks. took longer than expected but got approved in the end.,2023-04-06,1
ACCT-0001994,2024-09-30,,male,midwest,bachelor,self_employed,standard,online,False,False,644,4935.8,59208.02,31917.61,0.5391,31983.18,0.088,48,792.94,38061.29,1,2.0,1478,8.0,"transparent fees, no hidden charges that I noticed. very smooth application process and the agent was helpful.",,0
ACCT-0001676,2022-11-16,41.0,male,northeast,high_school,full_time,basic,online,True,False,797,3896.3,46891.67,10240.2,0.2184,63486.11,0.0606,48,1492.76,71652.58,1,0.0,895,6.0,"transparent fees, no hidden charges that I noticed.",,0
ACCT-0002435,2023-05-01,52.0,male,northeast,graduate,part_time,standard,online,True,True,850,3390.54,40209.24,6241.15,0.1552,26132.83,0.0711,60,518.81,31128.41,0,2.0,79,10.0,"process was fine, nothing exceptional either way. ok experience overall, no strong feelings to share.",,0
ACCT-0002278,2024-02-24,27.0,female,south,high_school,self_employed,premium,online,True,True,850,4597.81,55101.0,20412.82,0.3705,51305.38,0.09,24,2343.96,56254.93,1,0.0,275,,rates were competitive and the funds came through quickly.,,0
ACCT-0001103,2023-08-03,,male,west,bachelor,full_time,standard,agent,True,True,575,3865.58,46857.31,8095.04,0.1728,39224.88,0.1182,84,688.76,57855.43,1,1.0,835,8.0,"process was fine, nothing exceptional either way. still evaluating against other offers from competitor banks.",,0
ACCT-0002413,2024-09-22,42.0,male,south,associate,full_time,standard,mobile,True,False,704,7296.97,87486.21,22388.35,0.2559,42549.36,0.0754,36,1324.32,47675.55,2,0.0,1351,2.0,very smooth application process and the agent was helpful.,,0
ACCT-0001429,2023-09-14,37.0,male,midwest,bachelor,full_time,basic,branch,False,False,686,3127.04,37595.47,10561.37,0.2809,15931.89,0.1074,24,740.61,17774.64,0,1.0,730,5.0,"still evaluating against other offers from competitor banks. ok experience overall, no strong feelings to share.",,0
ACCT-0000738,2022-09-12,39.0,male,northeast,bachelor,self_employed,standard,online,True,True,721,3031.24,36352.01,13302.57,0.3659,836.8584,0.0893,72,15.0568,1084.0976,1,1.0,118,7.0,easy to track payments through the mobile app.,,0
ACCT-0000097,2024-11-26,56.0,female,northeast,high_school,full_time,basic,online,True,False,685,11549.92,138722.1,21571.9,0.1555,180990.28,0.0863,48,4472.09,214660.44,0,0.0,634,3.0,"great customer service, will recommend to friends and family. transparent fees, no hidden charges that I noticed. rates were competitive and the funds came through quickly.",,0
ACCT-0001364,2023-04-15,29.0,female,pacific,bachelor,full_time,standard,mobile,False,True,539,2507.44,29993.29,18824.03,0.6276,19031.7,0.1299,36,641.19,23082.97,2,0.0,1277,3.0,took longer than expected but got approved in the end.,2024-04-03,1
ACCT-0001649,2022-01-14,37.0,female,pacific,associate,part_time,basic,branch,False,True,680,4894.86,58995.57,14025.61,0.2377,64978.16,0.0672,84,971.94,81643.12,0,2.0,1090,,easy to track payments through the mobile app. very smooth application process and the agent was helpful.,,0
ACCT-0000487,2022-06-06,50.0,female,south,high_school,full_time,standard,online,False,True,709,6268.85,75358.09,11833.97,0.157,56666.34,0.1205,24,2668.73,64049.56,1,2.0,160,9.0,"great customer service, will recommend to friends and family. rates were competitive and the funds came through quickly.",,0
ACCT-0000450,2023-11-29,45.0,female,south,associate,contract,standard,agent,True,False,446,2242.18,27432.57,17154.8,0.6253,36750.01,0.15,36,1273.92,45861.15,1,1.0,551,9.0,"still evaluating against other offers from competitor banks. ok experience overall, no strong feelings to share.",,0
ACCT-0000208,2022-02-27,24.0,nonbinary,pacific,bachelor,full_time,basic,online,False,False,720,6636.9,79604.76,33899.34,0.4258,54361.76,0.1055,36,1768.27,63657.72,1,0.0,115,8.0,,,0
ACCT-0000433,2024-08-11,77.0,female,south,bachelor,full_time,standard,mobile,True,False,634,5165.3,61916.63,18527.53,0.2992,33146.43,0.0895,12,2897.99,34775.87,0,3.0,76,2.0,rates were competitive and the funds came through quickly.,,0
ACCT-0000842,2024-11-18,41.0,male,northeast,bachelor,full_time,basic,mobile,False,True,558,4060.25,48720.65,9360.62,0.1921,64620.85,0.1264,12,5760.94,69131.23,2,1.0,1346,8.0,rates were competitive and the funds came through quickly. easy to track payments through the mobile app. very smooth application process and the agent was helpful.,,0
ACCT-0001842,2024-05-24,47.0,female,south,graduate,full_time,standard,online,False,False,668,5739.65,68730.25,16794.41,0.2444,32036.13,0.1292,12,2860.22,34322.65,1,0.0,871,6.0,"great customer service, will recommend to friends and family.",,0
ACCT-0001316,2022-12-22,49.0,female,west,graduate,full_time,basic,mobile,True,False,696,4449.91,53259.08,21971.92,0.4125,48645.5,0.0549,24,2144.91,51477.94,2,0.0,957,3.0,"great customer service, will recommend to friends and family. transparent fees, no hidden charges that I noticed. very smooth application process and the agent was helpful.",,0
ACCT-0002015,2024-12-18,57.0,nonbinary,south,bachelor,full_time,basic,branch,False,False,571,3499.9,41862.95,29402.59,0.7024,20566.1,0.1097,84,351.78,29549.65,2,3.0,266,5.0,support never returned my calls about the missed payment.,2025-05-15,1
ACCT-0002142,2023-01-28,30.0,male,midwest,high_school,contract,standard,mobile,True,True,543,10307.28,123797.42,32081.79,0.2591,47193.58,0.1308,24,2245.42,53890.14,1,2.0,1205,6.0,"easy to track payments through the mobile app. very smooth application process and the agent was helpful. great customer service, will recommend to friends and family.",,0
ACCT-0001286,2024-06-01,55.0,male,pacific,bachelor,full_time,basic,online,False,False,667,4104.77,49380.22,15643.03,0.3168,62431.04,0.1092,24,2907.38,69777.17,0,1.0,297,5.0,still evaluating against other offers from competitor banks. took longer than expected but got approved in the end.,,0
ACCT-0000440,2022-12-21,32.0,female,south,graduate,full_time,standard,branch,True,False,649,2144.38,25666.61,13773.15,0.5366,25982.36,0.0796,48,633.88,30426.04,0,1.0,920,9.0,"transparent fees, no hidden charges that I noticed. rates were competitive and the funds came through quickly.",,0
ACCT-0002235,2022-04-25,43.0,male,west,graduate,full_time,standard,mobile,True,False,798,3654.62,43840.07,7682.76,0.1752,23064.9,0.0541,84,330.5,27762.39,0,3.0,646,7.0,"fees were not explained clearly upfront, very disappointing. interest rate jumped after the first quarter without warning.",2023-07-31,1
ACCT-0000929,2022-11-17,44.0,male,northeast,high_school,full_time,premium,mobile,True,False,786,7628.98,91259.57,26798.24,0.2936,74653.98,0.0756,36,2324.2,83671.22,0,2.0,357,10.0,"process was fine, nothing exceptional either way. ok experience overall, no strong feelings to share.",,0
ACCT-0001008,2024-08-16,41.0,female,northeast,high_school,full_time,standard,online,True,False,705,1898.97,22291.25,11242.73,0.5044,6081.31,0.093,36,194.25,6992.91,1,2.0,831,3.0,"ok experience overall, no strong feelings to share. took longer than expected but got approved in the end. still evaluating against other offers from competitor banks.",,0
ACCT-0001303,2023-04-07,59.0,male,south,bachelor,full_time,standard,online,True,False,694,2854.59,34585.52,10812.64,0.3126,37828.14,0.1147,84,657.05,55192.44,0,2.0,50,7.0,"great customer service, will recommend to friends and family. rates were competitive and the funds came through quickly.",,0
ACCT-0000390,2024-07-30,56.0,male,south,bachelor,full_time,basic,online,True,False,766,3318.06,39369.8,15064.98,0.3827,39153.24,0.1226,84,696.71,58523.65,1,2.0,1144,6.0,very smooth application process and the agent was helpful. easy to track payments through the mobile app.,,0
ACCT-0000709,2024-06-18,45.0,male,west,graduate,full_time,standard,branch,False,False,691,6631.3,79740.22,28445.31,0.3567,70682.45,0.0662,60,1387.05,83223.15,1,0.0,89,9.0,very smooth application process and the agent was helpful. easy to track payments through the mobile app. rates were competitive and the funds came through quickly.,,0
ACCT-0000739,2023-07-20,48.0,male,south,bachelor,full_time,basic,mobile,True,True,531,5833.97,69796.26,32978.56,0.4725,22006.3,0.1212,60,490.84,29450.42,0,1.0,302,8.0,"great customer service, will recommend to friends and family. rates were competitive and the funds came through quickly.",,0
ACCT-0000232,2023-02-22,28.0,female,west,associate,full_time,premium,agent,True,False,738,3026.05,36506.16,11586.48,0.3174,39288.09,0.089,60,813.73,48824.07,2,0.0,362,7.0,"very smooth application process and the agent was helpful. easy to track payments through the mobile app. transparent fees, no hidden charges that I noticed.",,0
ACCT-0002182,2022-07-23,22.0,male,west,bachelor,full_time,basic,agent,True,False,610,3069.73,36796.37,14605.79,0.3969,19544.18,0.0566,60,374.78,22486.83,1,2.0,1432,6.0,"transparent fees, no hidden charges that I noticed. great customer service, will recommend to friends and family. very smooth application process and the agent was helpful.",,0
ACCT-0001378,2022-10-16,37.0,male,pacific,high_school,full_time,basic,branch,True,True,427,2534.55,30470.77,31836.05,1.0448,8385.03,0.117,84,146.69,12321.96,0,2.0,1302,7.0,"rates were competitive and the funds came through quickly. transparent fees, no hidden charges that I noticed.",,0
ACCT-0001499,2022-04-02,45.0,male,midwest,graduate,full_time,premium,online,True,False,850,3536.21,42384.31,12408.19,0.2928,31248.73,0.0582,72,515.29,37101.24,1,2.0,427,6.0,"process was fine, nothing exceptional either way. took longer than expected but got approved in the end. documentation requirements were typical for this kind of loan.",,0
ACCT-0000084,2023-07-03,37.0,male,south,high_school,self_employed,standard,mobile,True,False,727,5219.0,62188.23,13491.24,0.2169,50099.55,0.0847,24,2276.53,54636.8,0,1.0,1116,4.0,"great customer service, will recommend to friends and family.",,0
ACCT-0000030,2023-12-22,34.0,male,northeast,bachelor,self_employed,standard,online,True,False,674,2855.51,34303.71,13769.15,0.4014,39383.53,0.0742,36,1223.67,44052.12,2,3.0,75,8.0,"transparent fees, no hidden charges that I noticed. very smooth application process and the agent was helpful. easy to track payments through the mobile app.",,0
ACCT-0001120,2024-01-13,34.0,female,midwest,high_school,full_time,standard,mobile,False,False,750,5013.98,60307.15,13630.3,0.226,19682.82,0.0906,24,899.75,21593.9,0,1.0,592,6.0,documentation requirements were typical for this kind of loan. still evaluating against other offers from competitor banks.,,0
ACCT-0000587,2022-08-08,18.0,female,west,associate,full_time,premium,branch,True,True,577,5241.39,62785.22,13082.99,0.2084,87701.1,0.0945,72,1600.66,115247.7,0,2.0,544,7.0,"great customer service, will recommend to friends and family.",,0
ACCT-0001598,2024-08-30,30.0,male,pacific,bachelor,full_time,basic,online,False,True,689,5946.51,71249.7,25757.76,0.3615,64138.48,0.109,72,1217.45,87656.68,1,0.0,1471,6.0,"great customer service, will recommend to friends and family.",,0
ACCT-0002466,2023-10-06,34.0,female,south,graduate,full_time,standard,mobile,True,False,592,3473.25,41481.02,8491.08,0.2047,34964.21,0.1209,72,685.16,49331.81,0,0.0,821,7.0,"rates were competitive and the funds came through quickly. transparent fees, no hidden charges that I noticed. very smooth application process and the agent was helpful.",,0
ACCT-0001435,2024-01-04,46.0,female,west,high_school,full_time,basic,online,False,True,620,6040.38,72253.31,18150.72,0.2512,44652.2,0.0987,72,824.35,59352.93,0,0.0,554,6.0,"ok experience overall, no strong feelings to share. took longer than expected but got approved in the end.",,0
ACCT-0000916,2024-05-26,21.0,male,northeast,high_school,part_time,standard,mobile,False,True,616,3678.19,44287.95,32377.8,0.7311,58206.21,0.0802,12,5063.76,60765.17,1,2.0,1297,10.0,"interest rate jumped after the first quarter without warning. fees were not explained clearly upfront, very disappointing. the agent kept rescheduling and the process took weeks.",2025-07-08,1
ACCT-0001248,2022-09-27,39.0,female,midwest,high_school,full_time,basic,mobile,False,False,730,7556.03,91030.48,36715.5,0.4033,73949.18,0.0621,36,2256.74,81242.58,2,2.0,652,8.0,easy to track payments through the mobile app. rates were competitive and the funds came through quickly.,,0
ACCT-0002250,2024-03-01,57.0,female,northeast,bachelor,contract,basic,online,True,True,658,5615.55,67206.8,13859.39,0.2062,92889.29,0.1025,12,8177.24,98126.93,0,1.0,927,8.0,"process was fine, nothing exceptional either way. took longer than expected but got approved in the end.",,0
ACCT-0001547,2023-10-27,21.0,male,south,high_school,self_employed,standard,mobile,True,False,696,5249.76,62639.58,20772.92,0.3316,72160.95,0.1056,24,3348.41,80361.86,0,1.0,463,8.0,"easy to track payments through the mobile app. transparent fees, no hidden charges that I noticed.",,0
ACCT-0001458,2022-01-31,46.0,female,south,high_school,full_time,standard,branch,False,False,688,12837.52,153749.91,30926.56,0.2011,71778.09,0.0559,48,1672.37,80273.97,1,1.0,368,9.0,very smooth application process and the agent was helpful. rates were competitive and the funds came through quickly.,,0
ACCT-0000586,2024-12-23,55.0,male,northeast,high_school,full_time,standard,agent,False,False,578,6535.49,78474.65,,0.3379,80977.84,0.1503,48,2254.99,108239.47,1,2.0,1256,8.0,"ok experience overall, no strong feelings to share. documentation requirements were typical for this kind of loan.",,0
ACCT-0001884,2024-09-22,31.0,female,midwest,bachelor,full_time,premium,branch,False,False,658,2305.46,27605.46,18899.56,0.6846,30834.75,0.0938,48,772.85,37096.85,2,0.0,350,4.0,"easy to track payments through the mobile app. great customer service, will recommend to friends and family.",,0
ACCT-0002457,2024-05-20,67.0,female,south,associate,full_time,standard,online,False,False,557,4856.67,58345.04,14655.03,0.2512,46396.99,0.09,36,1475.48,53117.23,0,1.0,649,6.0,"documentation requirements were typical for this kind of loan. process was fine, nothing exceptional either way.",,0
ACCT-0002108,2023-02-19,37.0,male,south,high_school,full_time,basic,online,False,False,639,3137.68,37515.35,30611.83,0.816,39757.23,0.0724,12,3444.51,41334.12,3,2.0,96,6.0,"ok experience overall, no strong feelings to share. took longer than expected but got approved in the end.",,0
ACCT-0001351,2024-09-21,44.0,female,west,bachelor,full_time,basic,mobile,False,False,681,4030.46,48282.6,27430.73,0.5681,65887.11,0.1006,72,1222.63,88029.1,1,0.0,1255,4.0,"very smooth application process and the agent was helpful. great customer service, will recommend to friends and family.",,0
ACCT-0001768,2024-10-17,58.0,male,south,bachelor,self_employed,premium,online,True,False,607,4354.66,52144.35,9040.0,0.1734,52891.76,0.1185,60,1172.64,70358.38,1,1.0,731,7.0,"transparent fees, no hidden charges that I noticed. rates were competitive and the funds came through quickly.",,0
ACCT-0000806,2022-09-03,41.0,male,northeast,associate,full_time,standard,mobile,False,False,663,3450.85,41356.06,15514.27,0.3751,25479.67,0.098,12,2237.68,26852.12,0,1.0,464,5.0,rates were competitive and the funds came through quickly.,,0
ACCT-0000281,2022-05-07,57.0,female,west,bachelor,full_time,standard,online,True,False,629,1764.9,21589.94,26415.44,1.2235,23637.85,0.0698,72,402.72,28996.05,1,1.0,455,7.0,interest rate jumped after the first quarter without warning.,2022-07-26,1
ACCT-0000523,2024-12-15,32.0,female,northeast,bachelor,full_time,standard,online,False,False,626,8695.34,103984.6,30771.09,0.2959,122647.81,0.067,72,2073.43,149286.86,1,1.0,103,2.0,"transparent fees, no hidden charges that I noticed. rates were competitive and the funds came through quickly.",,0
ACCT-0000228,2024-11-30,51.0,female,south,high_school,full_time,premium,online,True,True,630,6553.72,78831.35,23485.08,0.2979,98719.68,0.0757,84,1517.37,127459.46,0,1.0,92,10.0,"great customer service, will recommend to friends and family. rates were competitive and the funds came through quickly. easy to track payments through the mobile app.",,0
ACCT-0000718,2022-02-28,33.0,female,south,bachelor,part_time,basic,mobile,False,True,724,1725.67,20299.26,12233.05,0.6026,24506.98,0.0613,24,1087.6,26102.39,1,2.0,716,10.0,still evaluating against other offers from competitor banks.,,0
ACCT-0000363,2024-01-14,18.0,male,west,bachelor,full_time,standard,mobile,True,True,703,4868.37,58331.31,22549.04,0.3866,44476.37,0.0783,84,689.51,57918.47,0,0.0,861,3.0,"great customer service, will recommend to friends and family.",,0
ACCT-0001775,2023-01-27,41.0,male,west,high_school,full_time,standard,agent,True,True,673,3522.43,42092.47,8526.96,0.2026,12158.99,0.105,36,395.18,14226.42,0,0.0,402,9.0,took longer than expected but got approved in the end. still evaluating against other offers from competitor banks.,,0
ACCT-0001797,2024-11-13,49.0,female,pacific,bachelor,self_employed,basic,mobile,True,True,647,3706.6,44135.38,12445.52,0.282,49057.53,0.1176,60,1085.35,65121.11,0,2.0,1180,9.0,"great customer service, will recommend to friends and family.",,0
ACCT-0001944,2024-04-17,42.0,female,midwest,graduate,full_time,premium,online,False,False,618,4767.28,56999.43,13148.67,0.2307,60635.27,0.1545,24,2953.08,70873.8,1,2.0,996,9.0,"documentation requirements were typical for this kind of loan. process was fine, nothing exceptional either way. took longer than expected but got approved in the end.",,0
ACCT-0000021,2022-02-02,35.0,female,northeast,associate,full_time,standard,branch,False,False,726,5754.66,68711.87,,0.3313,43868.96,0.0801,12,3816.22,45794.59,2,1.0,293,9.0,"still evaluating against other offers from competitor banks. process was fine, nothing exceptional either way.",,0
ACCT-0000584,2023-02-22,32.0,male,south,graduate,full_time,basic,mobile,True,True,633,3601.91,43198.11,11925.72,0.2761,42624.51,0.1112,24,1988.96,47735.03,0,1.0,1396,8.0,"transparent fees, no hidden charges that I noticed. great customer service, will recommend to friends and family. easy to track payments through the mobile app.",,0
ACCT-0000662,2023-02-01,35.0,male,pacific,high_school,full_time,standard,online,False,True,731,5704.26,68717.4,13790.17,0.2007,68664.87,0.0794,12,5971.22,71654.7,1,1.0,656,4.0,"ok experience overall, no strong feelings to share.",,0
ACCT-0000919,2022-10-22,31.0,male,south,bachelor,contract,premium,online,False,False,575,2407.66,28759.04,12832.57,0.4462,25597.35,0.1076,72,484.06,34852.29,0,1.0,1220,8.0,"still evaluating against other offers from competitor banks. ok experience overall, no strong feelings to share.",,0
ACCT-0001573,2022-03-21,25.0,male,south,bachelor,part_time,standard,online,False,False,794,4272.28,51173.24,14184.13,0.2772,66170.78,0.0452,48,1509.67,72464.11,0,,1149,5.0,rates were competitive and the funds came through quickly.,,0
ACCT-0002317,2022-08-21,38.0,female,south,high_school,part_time,standard,online,True,True,612,6121.69,73431.76,27509.8,0.3746,60060.8,0.0879,12,5246.55,62958.64,1,1.0,939,4.0,"great customer service, will recommend to friends and family.",,0
ACCT-0001333,2022-01-21,,female,west,bachelor,full_time,basic,branch,True,True,719,3193.97,38570.56,14264.48,0.3698,37972.27,0.0258,72,569.83,41028.07,0,2.0,1476,6.0,"great customer service, will recommend to friends and family.",,0
ACCT-0001083,2022-01-29,29.0,female,south,associate,full_time,standard,online,True,False,715,3837.18,46463.18,13712.71,0.2951,57487.41,0.0544,36,1734.38,62437.59,2,,692,3.0,still evaluating against other offers from competitor banks.,,0
ACCT-0001179,2022-04-11,19.0,male,northeast,bachelor,full_time,standard,online,False,False,762,2198.39,26404.18,24389.09,0.9237,25233.27,0.0605,24,1118.96,26855.08,1,1.0,752,6.0,"great customer service, will recommend to friends and family. transparent fees, no hidden charges that I noticed.",,0
ACCT-0000423,2023-01-30,37.0,female,south,bachelor,full_time,basic,branch,True,False,751,3376.19,40694.38,11916.94,0.2928,25651.8,0.0786,84,397.99,33431.17,0,1.0,1485,,"great customer service, will recommend to friends and family. rates were competitive and the funds came through quickly. easy to track payments through the mobile app.",,0
ACCT-0001421,2022-06-27,43.0,female,south,high_school,contract,basic,branch,False,True,715,5661.61,68232.02,18311.24,0.2684,90041.81,0.0722,24,4040.42,96970.15,0,0.0,1269,6.0,"great customer service, will recommend to friends and family.",,0
ACCT-0002454,2023-08-05,54.0,male,south,bachelor,self_employed,basic,mobile,True,True,609,5269.49,62958.12,21328.06,0.3388,33457.17,0.0825,36,1052.35,37884.57,1,0.0,1036,3.0,rates were competitive and the funds came through quickly.,,0
ACCT-0001226,2022-12-05,26.0,female,pacific,high_school,full_time,basic,mobile,False,True,660,4310.07,51762.59,16054.91,0.3102,27457.66,0.0968,48,692.25,33227.92,0,1.0,1211,7.0,"fees were not explained clearly upfront, very disappointing. support never returned my calls about the missed payment.",2023-11-09,1
ACCT-0002164,2023-05-29,48.0,male,pacific,associate,full_time,standard,agent,True,True,697,5908.45,70771.34,26831.2,0.3791,75771.92,0.0843,60,1552.07,93124.36,0,1.0,880,3.0,"transparent fees, no hidden charges that I noticed.",,0
ACCT-0000489,2024-10-20,52.0,male,northeast,bachelor,full_time,standard,mobile,True,False,592,1720.07,20407.17,4123.81,0.2021,14735.31,0.1083,84,250.98,21082.71,0,1.0,647,10.0,,,0
ACCT-0001136,2023-03-09,32.0,male,northeast,bachelor,self_employed,standard,mobile,False,False,595,5278.67,63273.33,25553.8,0.4039,63138.68,0.1031,36,2046.59,73677.25,2,3.0,1193,6.0,"took longer than expected but got approved in the end. ok experience overall, no strong feelings to share.",,0
ACCT-0001902,2024-04-10,26.0,female,northeast,bachelor,full_time,basic,branch,False,False,766,4760.73,57121.7,,0.2459,59802.6,0.025,12,5051.29,60615.52,1,,995,6.0,rates were competitive and the funds came through quickly. easy to track payments through the mobile app.,,0
ACCT-0000765,2022-11-12,28.0,male,south,bachelor,full_time,standard,online,True,False,721,3612.45,43638.36,15883.2,0.364,13090.01,0.0446,60,243.79,14627.67,0,2.0,221,6.0,very smooth application process and the agent was helpful.,,0
ACCT-0001343,2022-01-22,36.0,female,midwest,graduate,full_time,basic,mobile,True,False,715,3505.5,42317.9,11173.96,0.264,29776.69,0.0691,84,448.11,37641.31,0,2.0,335,6.0,"process was fine, nothing exceptional either way.",,0
ACCT-0000898,2023-03-07,57.0,male,midwest,bachelor,full_time,basic,mobile,True,True,636,5118.58,61354.57,24550.45,0.4001,68487.19,0.0733,36,2125.06,76502.05,2,0.0,1007,5.0,"great customer service, will recommend to friends and family.",,0
ACCT-0001485,2022-03-19,38.0,female,northeast,graduate,full_time,standard,branch,True,True,812,2753.19,32716.9,6926.96,0.2117,15042.62,0.0842,60,308.08,18484.61,0,0.0,33,7.0,rates were competitive and the funds came through quickly. very smooth application process and the agent was helpful.,,0
ACCT-0001684,2022-12-04,32.0,female,northeast,bachelor,self_employed,basic,online,False,False,671,3922.25,47000.72,12871.51,0.2739,26872.99,0.0581,24,1188.75,28529.94,0,0.0,560,6.0,rates were competitive and the funds came through quickly. very smooth application process and the agent was helpful.,,0
ACCT-0000337,2022-12-03,43.0,male,pacific,high_school,self_employed,basic,online,False,False,789,3603.19,42781.93,30224.23,0.7065,34583.23,0.0483,72,554.3,39909.92,0,0.0,895,6.0,"rates were competitive and the funds came through quickly. transparent fees, no hidden charges that I noticed.",,0
ACCT-0002350,2023-11-07,23.0,female,west,bachelor,part_time,premium,mobile,False,True,757,4607.95,54924.79,17423.03,0.3172,14678.75,0.0911,60,305.46,18327.82,2,1.0,1185,5.0,,,0
ACCT-0000394,2024-02-02,42.0,female,midwest,associate,part_time,basic,mobile,True,False,634,2850.33,33989.91,10502.08,0.309,27606.23,0.083,60,563.73,33823.57,1,,211,6.0,"transparent fees, no hidden charges that I noticed. rates were competitive and the funds came through quickly.",,0
ACCT-0001180,2022-02-04,29.0,female,west,high_school,full_time,standard,mobile,False,False,739,4642.65,55806.31,24136.55,0.4325,61684.59,0.0968,48,1555.05,74642.3,3,1.0,290,7.0,rates were competitive and the funds came through quickly.,,0
ACCT-0001597,2024-06-10,35.0,male,south,bachelor,full_time,basic,online,True,False,782,2883.45,34296.39,,0.6188,12100.19,0.0556,84,174.2,14632.59,1,1.0,506,5.0,very smooth application process and the agent was helpful. rates were competitive and the funds came through quickly.,,0
ACCT-0001661,2024-03-27,48.0,female,midwest,graduate,full_time,standard,online,False,False,573,1568.72,18702.2,9302.52,0.4974,25008.65,0.1124,36,821.61,29578.11,0,2.0,453,7.0,took longer than expected but got approved in the end. documentation requirements were typical for this kind of loan.,,0
ACCT-0001977,2023-09-02,23.0,male,midwest,graduate,full_time,basic,online,True,True,602,4756.57,57496.19,8936.89,0.1554,33108.87,0.0794,36,1036.55,37315.94,0,0.0,490,5.0,easy to track payments through the mobile app. very smooth application process and the agent was helpful.,,0
ACCT-0002331,2024-04-14,37.0,male,west,graduate,full_time,basic,online,False,False,652,7745.44,92678.05,,0.2507,23403.54,0.1144,60,514.04,30842.18,0,0.0,1012,5.0,"great customer service, will recommend to friends and family. very smooth application process and the agent was helpful.",,0
ACCT-0001614,2023-01-30,34.0,male,midwest,bachelor,full_time,basic,mobile,True,False,764,6611.88,79389.01,23493.45,0.2959,58210.57,0.0499,72,937.1,67471.01,0,0.0,1288,8.0,"great customer service, will recommend to friends and family. rates were competitive and the funds came through quickly.",,0
ACCT-0000527,2022-04-01,33.0,female,pacific,high_school,full_time,standard,online,True,False,614,2236.38,26759.41,,0.3945,222074.72,0.0782,60,4483.78,269023.44,0,1.0,1424,6.0,"process was fine, nothing exceptional either way.",,0
ACCT-0000365,2023-09-26,51.0,male,west,graduate,full_time,standard,branch,False,False,768,2708.6,32444.26,10501.19,0.3237,18978.92,0.0559,12,1629.9,19558.86,0,2.0,1331,6.0,easy to track payments through the mobile app. rates were competitive and the funds came through quickly.,,0
ACCT-0002183,2022-06-03,25.0,male,northeast,high_school,full_time,basic,mobile,True,False,643,6175.81,73516.88,,0.17,38136.06,0.1424,72,790.68,56928.69,0,4.0,1150,3.0,"transparent fees, no hidden charges that I noticed. very smooth application process and the agent was helpful.",,0
ACCT-0001970,2023-04-29,37.0,male,midwest,high_school,full_time,premium,branch,True,False,751,4242.9,50993.88,10513.72,0.2062,64907.27,0.0884,60,1342.47,80547.96,0,3.0,76,10.0,"easy to track payments through the mobile app. very smooth application process and the agent was helpful. transparent fees, no hidden charges that I noticed.",,0
ACCT-0001210,2022-03-10,32.0,male,midwest,high_school,part_time,basic,online,False,False,673,5403.77,64766.6,,0.2269,19712.41,0.0546,84,282.92,23765.55,1,2.0,1038,7.0,rates were competitive and the funds came through quickly.,,0
ACCT-0000599,2024-11-23,32.0,female,pacific,bachelor,self_employed,basic,branch,True,False,729,5655.69,68031.9,18781.97,0.2761,74184.36,0.1099,36,2428.38,87421.56,1,0.0,1155,4.0,"took longer than expected but got approved in the end. still evaluating against other offers from competitor banks. process was fine, nothing exceptional either way.",,0
ACCT-0001154,2023-12-15,43.0,female,northeast,bachelor,full_time,standard,online,False,False,645,3327.34,39816.51,35564.59,0.8932,32263.85,0.093,60,674.48,40468.96,3,1.0,551,6.0,"process was fine, nothing exceptional either way. ok experience overall, no strong feelings to share.",,0
ACCT-0000667,2024-06-23,18.0,female,west,bachelor,full_time,basic,online,False,False,684,3478.77,41760.06,14427.62,0.3455,38816.3,0.0553,48,903.21,43354.18,0,0.0,442,3.0,very smooth application process and the agent was helpful. easy to track payments through the mobile app. rates were competitive and the funds came through quickly.,,0
ACCT-0002209,2023-03-30,23.0,male,northeast,bachelor,contract,basic,mobile,False,False,460,8941.84,106977.33,24862.05,0.2324,109463.86,0.1083,12,9666.14,115993.7,0,2.0,556,6.0,"fees were not explained clearly upfront, very disappointing. the autopay system charged me twice in the same month.",2023-07-14,1
ACCT-0000048,2024-09-28,58.0,male,midwest,graduate,full_time,basic,mobile,True,False,800,11628.34,139370.41,28529.66,0.2047,149692.06,0.0545,36,4516.68,162600.31,1,0.0,480,10.0,"great customer service, will recommend to friends and family.",,0
ACCT-0002158,2023-03-27,43.0,female,pacific,high_school,full_time,basic,online,True,True,657,4702.53,56746.21,12278.2,0.2164,54052.44,0.0808,36,1695.83,61049.85,1,2.0,527,6.0,"transparent fees, no hidden charges that I noticed. rates were competitive and the funds came through quickly.",,0
ACCT-0001164,2023-08-25,35.0,female,northeast,bachelor,full_time,standard,online,True,True,610,2861.74,34055.14,10240.28,0.3007,27811.2,0.108,84,473.31,39757.9,0,2.0,793,9.0,"transparent fees, no hidden charges that I noticed. very smooth application process and the agent was helpful. rates were competitive and the funds came through quickly.",,0
ACCT-0000210,2022-03-06,27.0,male,midwest,associate,full_time,standard,online,False,True,819,4037.15,48551.4,14021.36,0.2888,42204.89,0.0261,72,633.94,45643.6,0,2.0,746,8.0,easy to track payments through the mobile app.,,0
ACCT-0001308,2022-02-04,41.0,male,south,bachelor,full_time,basic,branch,True,False,589,3203.93,38429.77,23239.54,0.6047,44132.43,0.0751,12,3829.0,45947.99,0,0.0,129,9.0,"ok experience overall, no strong feelings to share. process was fine, nothing exceptional either way.",2023-02-10,1
ACCT-0000846,2024-05-29,39.0,male,midwest,associate,part_time,basic,online,False,False,689,5164.61,61450.79,11007.94,0.1791,63696.11,0.0624,84,937.85,78779.62,0,0.0,167,8.0,easy to track payments through the mobile app. rates were competitive and the funds came through quickly.,,0
ACCT-0002407,2024-10-01,56.0,female,south,bachelor,full_time,basic,branch,False,False,668,3777.86,45080.45,22704.8,0.5037,18321.01,0.1175,84,321.01,26964.45,2,1.0,335,7.0,rates were competitive and the funds came through quickly. very smooth application process and the agent was helpful.,,0
ACCT-0002389,2023-09-18,56.0,male,south,bachelor,part_time,standard,online,True,True,646,8613.41,103308.28,16841.41,0.163,37118.35,0.1225,48,982.06,47139.11,1,0.0,668,6.0,very smooth application process and the agent was helpful. easy to track payments through the mobile app.,,0
ACCT-0000567,2024-09-01,31.0,female,west,associate,part_time,basic,online,False,False,719,2339.7,27680.16,23439.82,0.8468,9925.73,0.0597,36,301.82,10865.43,1,0.0,213,9.0,rates were competitive and the funds came through quickly.,,0
ACCT-0001816,2022-01-13,34.0,female,midwest,graduate,full_time,standard,branch,True,False,761,2397.78,28672.85,17692.26,0.617,32521.91,0.0718,72,557.21,40119.44,2,1.0,77,7.0,"rates were competitive and the funds came through quickly. easy to track payments through the mobile app. great customer service, will recommend to friends and family.",,0
ACCT-0001054,2022-05-19,47.0,male,northeast,graduate,full_time,standard,branch,False,False,764,3392.97,40851.44,17683.58,0.4329,38324.29,0.0644,12,3306.19,39674.31,0,1.0,104,7.0,documentation requirements were typical for this kind of loan. still evaluating against other offers from competitor banks.,,0
ACCT-0000018,2023-08-19,46.0,male,northeast,high_school,self_employed,standard,online,False,True,619,5465.74,65287.72,19258.22,0.295,40153.47,0.0625,48,947.61,45485.29,1,0.0,86,5.0,documentation requirements were typical for this kind of loan.,,0
ACCT-0001828,2022-04-23,33.0,male,northeast,associate,full_time,basic,branch,False,False,619,3302.01,39270.98,19749.94,0.5029,29495.45,0.118,72,573.51,41292.42,0,2.0,143,10.0,"process was fine, nothing exceptional either way.",,0
ACCT-0001306,2023-12-16,35.0,male,northeast,bachelor,self_employed,basic,mobile,True,True,688,4752.03,57332.96,14041.36,0.2449,50430.98,0.1169,72,977.81,70402.55,2,0.0,1173,4.0,"easy to track payments through the mobile app. transparent fees, no hidden charges that I noticed.",,0
ACCT-0001659,2024-12-01,42.0,male,northeast,associate,full_time,basic,online,True,True,758,5560.09,66981.83,11449.47,0.1709,78462.02,0.071,36,2426.39,87349.98,1,2.0,1036,5.0,"took longer than expected but got approved in the end. process was fine, nothing exceptional either way.",,0
ACCT-0000608,2024-10-23,24.0,male,south,bachelor,full_time,standard,mobile,False,True,765,3403.51,40949.45,21966.81,0.5364,40408.77,0.0782,72,704.96,50757.2,2,0.0,917,4.0,"fees were not explained clearly upfront, very disappointing.",2025-05-26,1
ACCT-0000865,2023-06-24,44.0,female,northeast,bachelor,full_time,standard,online,False,False,638,7138.54,85700.9,20794.53,0.2426,90266.22,0.0686,84,1356.04,113907.2,0,1.0,1262,4.0,"great customer service, will recommend to friends and family. easy to track payments through the mobile app.",,0
ACCT-0000521,2022-03-16,18.0,male,midwest,associate,full_time,premium,online,False,False,699,6276.49,75371.52,24062.77,0.3193,90829.71,0.0769,72,1579.01,113688.96,1,0.0,1377,6.0,"transparent fees, no hidden charges that I noticed. easy to track payments through the mobile app.",,0
ACCT-0001189,2024-05-11,32.0,male,south,bachelor,full_time,premium,online,False,False,621,4070.74,49060.07,20590.01,0.4197,49347.54,0.1165,24,2314.97,55559.16,0,4.0,1139,8.0,"great customer service, will recommend to friends and family. easy to track payments through the mobile app.",,0
ACCT-0001134,2022-07-17,42.0,male,midwest,bachelor,part_time,standard,branch,True,True,741,4600.45,55385.08,34522.75,0.6233,41860.01,0.0855,48,1032.78,49573.37,1,0.0,1324,5.0,"took longer than expected but got approved in the end. ok experience overall, no strong feelings to share. process was fine, nothing exceptional either way.",,0
ACCT-0002263,2022-05-28,41.0,female,south,bachelor,part_time,premium,mobile,False,False,687,5890.57,70719.72,21425.43,0.303,43958.41,0.1002,36,1418.9,51080.44,0,2.0,405,7.0,"rates were competitive and the funds came through quickly. great customer service, will recommend to friends and family.",,0
ACCT-0000498,2024-03-11,33.0,male,northeast,associate,part_time,standard,branch,True,False,663,5126.57,61366.8,15148.93,0.2469,53130.16,0.064,72,890.53,64118.48,0,0.0,1248,2.0,"ok experience overall, no strong feelings to share. process was fine, nothing exceptional either way.",,0
ACCT-0000162,2022-01-10,54.0,male,west,high_school,full_time,basic,branch,True,False,570,1830.0,21860.22,12989.42,0.5942,17450.53,0.1266,84,314.27,26398.78,0,0.0,887,4.0,"documentation requirements were typical for this kind of loan. ok experience overall, no strong feelings to share.",,0
ACCT-0001424,2023-01-19,32.0,male,midwest,bachelor,full_time,basic,online,True,False,728,4603.2,55268.68,,0.2852,24734.6,0.0834,48,607.81,29174.74,1,3.0,1108,6.0,"great customer service, will recommend to friends and family. rates were competitive and the funds came through quickly.",,0
ACCT-0002271,2023-09-06,22.0,male,south,bachelor,full_time,basic,mobile,False,True,619,4261.34,51058.52,20123.07,0.3941,62329.51,0.0911,48,1554.45,74613.55,0,,598,10.0,"process was fine, nothing exceptional either way.",,0
ACCT-0002205,2023-04-20,36.0,female,south,associate,full_time,basic,online,False,False,675,4928.59,59041.43,14092.64,0.2387,40217.96,0.0681,60,792.71,47562.76,0,1.0,896,4.0,very smooth application process and the agent was helpful. easy to track payments through the mobile app.,,0
ACCT-0000830,2024-12-17,29.0,female,south,associate,part_time,premium,online,False,False,550,3954.03,47658.4,14512.37,0.3045,54211.06,0.1012,12,4769.13,57229.54,0,0.0,182,6.0,"transparent fees, no hidden charges that I noticed. great customer service, will recommend to friends and family. easy to track payments through the mobile app.",,0
ACCT-0001528,2022-05-24,43.0,female,midwest,bachelor,full_time,standard,online,False,False,558,3408.25,41255.4,34435.62,0.8347,46699.05,0.1129,36,1535.18,55266.61,0,1.0,911,10.0,still evaluating against other offers from competitor banks. documentation requirements were typical for this kind of loan.,2023-05-16,1
ACCT-0000490,2023-01-30,43.0,female,midwest,graduate,part_time,standard,branch,False,True,607,3312.3,39768.6,9965.6,0.2506,40868.47,0.0903,48,1017.52,48840.83,1,0.0,361,10.0,"took longer than expected but got approved in the end. process was fine, nothing exceptional either way.",,0
ACCT-0000182,2023-04-12,34.0,male,midwest,bachelor,full_time,basic,mobile,True,False,693,8902.32,106461.76,28071.85,0.2637,76341.32,0.0816,84,1195.96,100460.8,1,1.0,1289,9.0,"great customer service, will recommend to friends and family. transparent fees, no hidden charges that I noticed.",,0
ACCT-0001678,2023-03-31,18.0,female,northeast,bachelor,contract,basic,branch,True,False,688,5009.48,60237.14,16549.07,0.2747,69616.65,0.111,36,2282.31,82163.19,1,3.0,439,10.0,rates were competitive and the funds came through quickly.,,0
ACCT-0000767,2022-11-21,25.0,female,midwest,bachelor,full_time,standard,branch,False,False,617,3042.1,36804.34,,0.2125,10313.8,0.1294,36,347.23,12500.18,0,1.0,1434,5.0,"very smooth application process and the agent was helpful. great customer service, will recommend to friends and family.",,0
ACCT-0001574,2024-01-25,40.0,male,northeast,bachelor,full_time,basic,online,True,False,768,3096.1,37033.11,17060.09,0.4607,40328.06,0.0383,24,1748.21,41956.97,1,,1150,8.0,"very smooth application process and the agent was helpful. transparent fees, no hidden charges that I noticed.",,0
ACCT-0000524,2023-11-22,38.0,male,south,bachelor,part_time,premium,agent,False,False,755,7588.1,91271.77,16331.72,0.1789,58363.24,0.082,60,1189.0,71340.16,0,0.0,284,5.0,very smooth application process and the agent was helpful.,,0
ACCT-0000807,2023-12-23,51.0,male,northeast,bachelor,full_time,standard,online,False,False,850,5884.47,70835.85,14710.09,0.2077,62796.49,0.0783,84,973.54,81777.68,0,1.0,706,5.0,easy to track payments through the mobile app.,,0
ACCT-0002216,2024-11-27,45.0,male,south,high_school,full_time,basic,online,False,False,619,3304.9,39681.06,15142.39,0.3816,26035.0,0.1001,12,2289.06,27468.77,0,1.0,103,1.0,"transparent fees, no hidden charges that I noticed. easy to track payments through the mobile app.",,0
ACCT-0001669,2024-05-05,37.0,male,south,associate,full_time,basic,online,False,False,668,7168.24,86421.55,23435.61,0.2712,109424.62,0.049,12,9362.6,112351.24,0,0.0,77,8.0,"ok experience overall, no strong feelings to share.",,0
ACCT-0000103,2022-04-27,52.0,female,south,bachelor,full_time,premium,mobile,True,False,578,2841.85,34159.61,8461.79,0.2477,10760.35,0.0594,84,156.9,13179.21,0,1.0,364,6.0,"fees were not explained clearly upfront, very disappointing.",2022-10-11,1
ACCT-0000694,2023-12-29,45.0,female,west,associate,part_time,basic,online,False,False,642,9000.11,108760.22,31325.02,0.288,45912.54,0.0581,12,3947.51,47370.13,0,2.0,995,6.0,"ok experience overall, no strong feelings to share. still evaluating against other offers from competitor banks.",,0
ACCT-0000557,2024-01-13,32.0,male,pacific,graduate,full_time,basic,branch,False,False,736,2681.62,32113.87,14442.91,0.4497,23323.12,0.0806,36,731.48,26333.19,3,4.0,983,8.0,"easy to track payments through the mobile app. rates were competitive and the funds came through quickly. great customer service, will recommend to friends and family.",,0
ACCT-0002156,2022-11-30,34.0,female,south,bachelor,full_time,basic,mobile,False,False,832,3313.04,39488.16,11903.38,0.3014,37767.54,0.0918,12,3306.06,39672.67,1,1.0,1153,7.0,"great customer service, will recommend to friends and family. very smooth application process and the agent was helpful. rates were competitive and the funds came through quickly.",,0
ACCT-0000560,2022-08-06,46.0,female,midwest,high_school,full_time,standard,online,True,True,694,5336.29,64422.78,15958.84,0.2477,81631.64,0.0481,24,3574.46,85787.1,0,1.0,490,6.0,"transparent fees, no hidden charges that I noticed. easy to track payments through the mobile app. great customer service, will recommend to friends and family.",,0
ACCT-0000508,2022-04-22,54.0,female,pacific,high_school,full_time,standard,mobile,False,False,588,8753.44,104692.81,23186.25,0.2215,131837.7,0.1304,72,2649.43,190758.69,1,1.0,1177,10.0,the autopay system charged me twice in the same month.,2022-06-04,1
ACCT-0000120,2023-12-08,31.0,female,northeast,associate,full_time,standard,mobile,False,False,704,7141.22,85582.34,19277.45,0.2253,61824.47,0.0777,60,1246.9,74813.85,2,0.0,712,6.0,"easy to track payments through the mobile app. transparent fees, no hidden charges that I noticed.",,0
ACCT-0000657,2023-02-11,54.0,male,pacific,associate,full_time,standard,online,False,False,722,3548.25,42800.05,8706.07,0.2034,26857.36,0.1337,24,1281.49,30755.65,3,0.0,266,3.0,"great customer service, will recommend to friends and family.",,0
ACCT-0000273,2022-06-28,38.0,female,south,bachelor,part_time,premium,online,True,False,715,2733.91,32714.31,,0.2941,35160.46,0.0824,12,3062.46,36749.5,0,0.0,1347,3.0,"transparent fees, no hidden charges that I noticed. rates were competitive and the funds came through quickly.",,0
ACCT-0001709,2023-12-30,42.0,male,pacific,associate,part_time,standard,mobile,False,False,715,5237.44,62683.23,20773.52,0.3314,57965.45,0.084,48,1426.08,68452.03,1,0.0,367,6.0,"very smooth application process and the agent was helpful. transparent fees, no hidden charges that I noticed.",,0
ACCT-0000426,2024-03-13,43.0,male,midwest,high_school,self_employed,standard,online,True,False,670,2477.52,29810.01,6145.75,0.2062,40580.32,0.0652,48,962.66,46207.82,0,0.0,856,4.0,"transparent fees, no hidden charges that I noticed.",,0
ACCT-0000563,2023-01-23,37.0,female,west,high_school,full_time,standard,online,False,False,669,6025.89,72416.43,14369.9,0.1984,58208.22,0.0894,48,1446.99,69455.63,1,2.0,547,8.0,easy to track payments through the mobile app. rates were competitive and the funds came through quickly.,,0
ACCT-0001247,2022-05-18,31.0,female,midwest,associate,full_time,basic,online,True,False,668,5015.79,60256.99,19909.19,0.3304,752382.4,0.0745,60,15057.84,903469.7000000001,0,2.0,1229,9.0,rates were competitive and the funds came through quickly.,,0
ACCT-0002040,2023-10-26,52.0,male,west,bachelor,full_time,basic,mobile,True,False,457,2191.5,26412.29,14117.68,0.5345,25955.42,0.1267,12,2314.26,27771.12,1,2.0,1350,8.0,"great customer service, will recommend to friends and family. very smooth application process and the agent was helpful. easy to track payments through the mobile app.",,0
ACCT-0002102,2023-01-23,32.0,female,west,associate,full_time,basic,branch,True,True,620,4877.46,58589.18,13861.22,0.2366,41726.94,0.1081,84,710.2,59657.09,3,0.0,297,6.0,"transparent fees, no hidden charges that I noticed. great customer service, will recommend to friends and family.",,0
ACCT-0000104,2022-01-09,26.0,female,midwest,bachelor,full_time,basic,online,True,False,669,1221.44,15081.21,4800.38,0.3183,11423.39,0.1122,48,296.49,14231.31,0,1.0,512,5.0,rates were competitive and the funds came through quickly. easy to track payments through the mobile app.,,0
ACCT-0001637,2023-05-29,35.0,female,midwest,bachelor,full_time,basic,mobile,True,False,644,6585.73,79125.1,33466.79,0.423,58704.69,0.0528,12,5033.15,60397.79,3,1.0,214,6.0,"process was fine, nothing exceptional either way. still evaluating against other offers from competitor banks.",,0
ACCT-0001566,2024-11-26,34.0,male,midwest,bachelor,part_time,basic,online,True,True,719,15440.11,185470.89,42516.39,0.2292,246965.98,0.0874,84,3940.39,330992.89,0,0.0,828,8.0,"transparent fees, no hidden charges that I noticed.",,0
ACCT-0001696,2023-07-07,24.0,male,pacific,bachelor,full_time,standard,mobile,False,False,790,4883.46,58672.42,23932.14,0.4079,47927.29,0.025,84,622.54,52292.96,0,0.0,1030,,"process was fine, nothing exceptional either way. took longer than expected but got approved in the end. documentation requirements were typical for this kind of loan.",,0
ACCT-0000674,2022-07-04,36.0,male,west,graduate,self_employed,premium,agent,False,False,679,6723.63,80968.25,15938.52,0.1968,75995.65,0.0668,24,3391.54,81397.02,0,1.0,1188,7.0,"rates were competitive and the funds came through quickly. easy to track payments through the mobile app. transparent fees, no hidden charges that I noticed.",,0
ACCT-0001948,2024-03-11,44.0,male,south,bachelor,full_time,standard,online,False,False,814,2614.47,31458.36,13480.83,0.4285,15844.45,0.0753,60,317.72,19063.2,2,0.0,1431,4.0,"the agent kept rescheduling and the process took weeks. fees were not explained clearly upfront, very disappointing. the autopay system charged me twice in the same month.",2025-02-08,1
ACCT-0000068,2023-10-15,44.0,female,west,graduate,self_employed,standard,online,False,False,716,3421.95,41415.81,,0.3318,35591.55,0.0446,84,494.03,41498.5,0,4.0,1243,6.0,documentation requirements were typical for this kind of loan.,,0
ACCT-0002259,2023-02-06,35.0,female,northeast,associate,part_time,basic,agent,True,False,818,6264.25,75443.53,16585.44,0.2198,68640.03,0.1054,60,1476.65,88598.87,1,1.0,354,6.0,rates were competitive and the funds came through quickly. very smooth application process and the agent was helpful.,,0
ACCT-0000098,2024-06-25,28.0,male,west,high_school,part_time,basic,mobile,False,True,828,3837.39,46114.3,11419.4,0.2476,15633.84,0.0616,36,476.74,17162.55,0,0.0,1142,5.0,,,0
ACCT-0000854,2022-11-26,49.0,male,northeast,high_school,self_employed,premium,online,False,False,839,1757.62,21218.37,5285.22,0.2491,6147.61,0.0508,12,526.52,6318.21,0,0.0,1324,8.0,"great customer service, will recommend to friends and family. easy to track payments through the mobile app.",,0
ACCT-0002149,2022-12-28,29.0,female,midwest,bachelor,contract,standard,branch,True,True,623,2578.54,30589.51,13104.77,0.4284,10084.26,0.1186,36,334.26,12033.2,0,1.0,49,7.0,"easy to track payments through the mobile app. transparent fees, no hidden charges that I noticed. great customer service, will recommend to friends and family.",,0
ACCT-0001022,2024-04-26,43.0,female,midwest,high_school,part_time,standard,online,False,False,750,3839.16,45884.24,16102.39,0.3509,24054.03,0.0473,72,384.38,27675.01,1,4.0,521,5.0,"transparent fees, no hidden charges that I noticed. very smooth application process and the agent was helpful.",,0
ACCT-0001735,2022-12-31,53.0,male,south,associate,full_time,basic,mobile,True,False,730,14278.75,171587.39,36292.77,0.2115,49932.74,0.101,72,927.58,66785.62,2,3.0,817,10.0,documentation requirements were typical for this kind of loan.,,0
ACCT-0002316,2024-08-02,31.0,female,midwest,bachelor,part_time,standard,branch,False,False,613,5291.66,63520.13,22790.66,0.3588,75638.69,0.0793,12,6577.33,78927.93,1,0.0,491,4.0,rates were competitive and the funds came through quickly.,,0
ACCT-0000690,2023-04-21,46.0,male,pacific,associate,full_time,basic,mobile,False,False,684,4629.56,55690.91,14716.74,0.2643,57127.7,0.0747,84,875.33,73527.65,2,0.0,940,4.0,"great customer service, will recommend to friends and family. easy to track payments through the mobile app.",,0
ACCT-0001759,2024-09-04,56.0,male,west,bachelor,full_time,premium,online,True,True,780,6292.63,75682.77,22951.19,0.3033,90746.18,0.0881,60,1875.38,112523.06,1,0.0,1421,4.0,took longer than expected but got approved in the end.,,0
ACCT-0001245,2022-01-24,22.0,male,south,bachelor,self_employed,standard,online,False,False,633,6915.77,83135.2,13766.38,0.1656,42029.62,0.1108,72,801.69,57722.04,1,3.0,1435,8.0,"great customer service, will recommend to friends and family. very smooth application process and the agent was helpful.",,0
ACCT-0000270,2022-05-20,31.0,male,south,associate,part_time,basic,online,False,True,713,5829.7,70060.57,16876.98,0.2409,59114.01,0.1009,72,1097.77,79039.38,0,1.0,726,3.0,easy to track payments through the mobile app.,,0
ACCT-0001093,2022-09-23,56.0,male,midwest,bachelor,full_time,basic,mobile,True,False,850,4340.96,52258.55,12878.87,0.2464,71247.96,0.0886,72,1279.51,92124.84,0,0.0,1363,6.0,"transparent fees, no hidden charges that I noticed. great customer service, will recommend to friends and family. very smooth application process and the agent was helpful.",,0
ACCT-0001193,2023-10-25,44.0,female,west,high_school,full_time,basic,online,True,False,659,4200.63,50439.21,27340.5,0.542,59985.16,0.072,60,1193.57,71614.29,2,1.0,1146,8.0,"interest rate jumped after the first quarter without warning. fees were not explained clearly upfront, very disappointing.",2025-04-05,1
ACCT-0002049,2023-05-23,36.0,male,west,associate,full_time,standard,online,True,True,724,4607.96,55230.25,13192.04,0.2389,32348.1,0.0961,72,592.85,42685.41,0,1.0,882,0.0,"process was fine, nothing exceptional either way. took longer than expected but got approved in the end. still evaluating against other offers from competitor banks.",,0
ACCT-0001526,2022-04-21,22.0,male,pacific,bachelor,full_time,standard,online,True,True,667,6881.53,82293.87,14509.11,0.1763,55932.41,0.1149,84,972.31,81673.78,0,1.0,1442,6.0,,,0
ACCT-0001636,2022-01-29,45.0,female,south,bachelor,self_employed,standard,online,True,False,758,4318.25,51658.62,,0.2559,45266.85,0.048,84,635.55,53386.2,0,0.0,968,7.0,,,0
ACCT-0001304,2024-10-02,32.0,female,midwest,bachelor,self_employed,basic,branch,True,False,590,1433.38,17485.76,11169.16,0.6388,21905.47,0.087,60,451.57,27094.01,2,2.0,144,7.0,easy to track payments through the mobile app. very smooth application process and the agent was helpful.,,0
ACCT-0001565,2024-05-11,29.0,male,northeast,bachelor,contract,standard,mobile,False,False,555,5371.57,64808.17,25486.02,0.3933,57872.76,0.083,84,910.64,76493.9,1,1.0,207,10.0,rates were competitive and the funds came through quickly.,,0
ACCT-0001886,2024-09-05,57.0,female,midwest,bachelor,full_time,premium,mobile,True,True,695,5899.04,70350.45,25457.27,0.3619,62566.24,0.076,60,1256.71,75402.41,0,0.0,298,5.0,rates were competitive and the funds came through quickly.,,0
ACCT-0002109,2023-03-08,43.0,male,pacific,bachelor,full_time,basic,mobile,False,True,626,6496.73,78036.84,19842.04,0.2543,33221.82,0.0785,36,1038.82,37397.58,0,2.0,233,4.0,documentation requirements were typical for this kind of loan. still evaluating against other offers from competitor banks.,,0
ACCT-0001501,2022-12-21,44.0,nonbinary,south,high_school,full_time,basic,online,False,False,718,4348.72,52420.59,11384.69,0.2172,35408.46,0.0904,12,3097.12,37165.5,2,0.0,1065,7.0,easy to track payments through the mobile app.,,0
ACCT-0001260,2023-03-16,55.0,male,west,bachelor,full_time,basic,online,True,False,834,9253.29,111498.87,26219.74,0.2352,56097.36,0.097,48,1414.66,67903.52,0,1.0,136,9.0,"transparent fees, no hidden charges that I noticed.",,0
ACCT-0000495,2024-03-18,39.0,male,south,bachelor,self_employed,basic,mobile,False,False,690,8678.29,103844.75,35436.39,0.3412,90882.67,0.0754,12,7886.52,94638.23,0,1.0,177,4.0,"very smooth application process and the agent was helpful. great customer service, will recommend to friends and family. easy to track payments through the mobile app.",,0
ACCT-0001906,2022-02-14,55.0,female,west,high_school,part_time,standard,branch,False,False,673,8760.77,104840.09,31230.22,0.2979,88861.43,0.1111,36,2913.77,104895.61,1,0.0,1140,9.0,"process was fine, nothing exceptional either way. still evaluating against other offers from competitor banks. documentation requirements were typical for this kind of loan.",,0
ACCT-0001721,2024-11-27,42.0,male,west,bachelor,contract,standard,online,True,False,481,2075.72,24822.77,15268.05,0.6151,24485.27,0.1572,60,591.85,35511.19,0,1.0,577,7.0,"ok experience overall, no strong feelings to share.",,0
ACCT-0001394,2023-06-28,31.0,male,pacific,bachelor,full_time,basic,online,True,False,680,9382.24,112387.67,20422.85,0.1817,37985.71,0.1041,60,814.77,48886.01,0,1.0,794,7.0,"took longer than expected but got approved in the end. ok experience overall, no strong feelings to share.",,0
ACCT-0001609,2024-10-17,32.0,female,west,associate,part_time,standard,branch,False,False,622,4707.36,56195.65,14184.33,0.2524,41844.32,0.1133,60,916.62,54997.23,0,0.0,886,8.0,took longer than expected but got approved in the end.,,0
ACCT-0002061,2023-11-05,43.0,female,pacific,high_school,part_time,basic,online,True,False,690,5718.02,68542.59,29194.12,0.4259,49104.54,0.0712,48,1178.61,56573.14,0,,740,6.0,easy to track payments through the mobile app. very smooth application process and the agent was helpful.,,0
ACCT-0001157,2022-03-04,56.0,female,west,high_school,full_time,basic,branch,True,True,618,5220.74,62473.88,19029.37,0.3046,59748.09,0.0436,24,2604.04,62496.94,1,3.0,587,8.0,"took longer than expected but got approved in the end. ok experience overall, no strong feelings to share. still evaluating against other offers from competitor banks.",,0
ACCT-0001586,2024-04-04,36.0,male,midwest,associate,full_time,premium,mobile,True,False,850,3553.19,42328.87,9118.75,0.2154,28320.61,0.0622,72,472.35,34009.55,0,2.0,1173,6.0,"documentation requirements were typical for this kind of loan. ok experience overall, no strong feelings to share.",,0
ACCT-0000007,2024-02-21,47.0,male,midwest,bachelor,full_time,premium,mobile,False,False,739,4430.9,53236.61,24855.25,0.4669,63212.87,0.0848,36,1995.01,71820.23,3,0.0,1229,3.0,rates were competitive and the funds came through quickly. very smooth application process and the agent was helpful.,,0
ACCT-0002012,2022-12-16,51.0,female,midwest,graduate,full_time,standard,online,False,False,696,2885.96,34979.66,16419.3,0.4694,37741.81,0.0851,12,3292.01,39504.15,0,1.0,882,3.0,took longer than expected but got approved in the end. still evaluating against other offers from competitor banks.,,0
ACCT-0001752,2024-07-10,56.0,female,midwest,high_school,full_time,standard,agent,True,True,666,9269.93,111213.02,19044.82,0.1712,150786.45,0.101,84,2511.33,210951.59,0,0.0,1120,8.0,"rates were competitive and the funds came through quickly. very smooth application process and the agent was helpful. great customer service, will recommend to friends and family.",,0
ACCT-0001317,2022-01-06,29.0,male,south,bachelor,full_time,premium,mobile,True,False,666,1784.97,21427.13,12920.5,0.603,6160.87,0.1022,36,199.42,7179.01,1,1.0,1336,5.0,easy to track payments through the mobile app.,,0
ACCT-0000261,2022-01-09,33.0,male,midwest,bachelor,full_time,standard,mobile,True,True,850,6362.03,76349.4,26494.69,0.347,74906.37,0.0574,48,1750.14,84006.7,0,1.0,914,10.0,"process was fine, nothing exceptional either way. took longer than expected but got approved in the end.",,0
ACCT-0001450,2023-05-02,30.0,female,south,graduate,full_time,basic,mobile,True,False,660,4936.54,59097.18,14422.66,0.244,61079.93,0.1136,36,2010.23,72368.45,0,3.0,441,9.0,"ok experience overall, no strong feelings to share. took longer than expected but got approved in the end.",,0
ACCT-0000159,2024-10-26,51.0,female,west,associate,part_time,basic,mobile,True,False,676,7810.02,93736.31,20541.87,0.2191,53194.1,0.1,72,985.38,70947.65,0,4.0,654,9.0,"great customer service, will recommend to friends and family. rates were competitive and the funds came through quickly.",,0
ACCT-0002361,2023-09-24,28.0,male,northeast,high_school,self_employed,basic,online,False,False,773,6551.79,78619.68,26860.97,0.3417,72253.4,0.0343,24,3119.28,74862.76,1,2.0,933,,"transparent fees, no hidden charges that I noticed. easy to track payments through the mobile app.",,0
ACCT-0000617,2022-07-02,46.0,female,south,associate,part_time,premium,online,True,False,659,2130.69,25444.7,14986.92,0.589,12739.73,0.0906,24,582.33,13976.01,2,1.0,284,6.0,the autopay system charged me twice in the same month.,2022-11-17,1
ACCT-0000404,2023-12-03,52.0,female,south,bachelor,self_employed,basic,online,True,True,687,10140.93,121580.51,20416.08,0.1679,118776.59,0.1005,72,2203.59,158658.76,0,0.0,742,5.0,"process was fine, nothing exceptional either way.",,0
ACCT-0000789,2022-12-21,21.0,male,northeast,bachelor,full_time,basic,online,True,False,695,2859.44,34380.63,12746.09,0.3707,31158.1,0.0944,12,2731.24,32774.92,1,2.0,266,8.0,very smooth application process and the agent was helpful.,,0
ACCT-0000652,2024-05-20,45.0,male,midwest,bachelor,part_time,basic,online,True,True,734,2430.24,28961.17,19275.39,0.6656,26887.36,0.0753,60,539.12,32347.32,2,0.0,465,1.0,,,0
ACCT-0000678,2022-09-10,30.0,male,northeast,bachelor,part_time,standard,mobile,False,False,792,7052.35,84481.21,16514.87,0.1955,91828.24,0.0597,36,2792.16,100517.73,0,0.0,1418,4.0,"transparent fees, no hidden charges that I noticed. great customer service, will recommend to friends and family.",,0
ACCT-0001168,2023-06-08,39.0,female,pacific,bachelor,contract,basic,mobile,True,False,593,6201.01,74262.67,19796.86,0.2666,60285.11,0.0924,60,1258.53,75511.8,0,2.0,657,3.0,"the autopay system charged me twice in the same month. fees were not explained clearly upfront, very disappointing.",2024-03-27,1
ACCT-0001384,2023-08-11,47.0,female,west,bachelor,full_time,standard,branch,False,True,667,3209.46,38931.15,7949.21,0.2042,26993.5,0.0805,12,2348.8,28185.55,2,,109,4.0,"great customer service, will recommend to friends and family. transparent fees, no hidden charges that I noticed.",,0
ACCT-0001254,2022-06-06,28.0,male,south,bachelor,full_time,standard,mobile,True,False,813,6951.69,83595.9,20844.22,0.2493,57768.88,0.0999,24,2665.58,63973.82,0,0.0,653,8.0,"transparent fees, no hidden charges that I noticed.",,0
ACCT-0002092,2022-03-13,53.0,male,northeast,graduate,part_time,basic,mobile,False,False,830,4535.81,54560.31,12515.7,0.2294,733017.88,0.0983,84,12103.14,1016664.46,0,0.0,298,6.0,easy to track payments through the mobile app.,,0
ACCT-0001503,2024-09-13,52.0,female,south,bachelor,full_time,basic,online,True,True,664,4813.94,58009.32,22606.38,0.3897,41034.66,0.1013,12,3610.04,43320.43,0,0.0,811,6.0,"transparent fees, no hidden charges that I noticed.",,0
ACCT-0000994,2022-04-15,55.0,male,west,bachelor,part_time,standard,online,False,True,637,4256.56,51099.99,9798.85,0.1918,29832.7,0.0892,84,478.75,40215.04,0,0.0,1026,10.0,"still evaluating against other offers from competitor banks. process was fine, nothing exceptional either way. documentation requirements were typical for this kind of loan.",,0
ACCT-0000501,2023-11-11,23.0,male,south,bachelor,full_time,premium,mobile,False,False,690,5171.89,62137.9,16182.07,0.2604,27570.27,0.1007,72,511.7,36842.08,0,0.0,1431,7.0,rates were competitive and the funds came through quickly.,,0
ACCT-0001789,2022-11-04,52.0,male,south,bachelor,full_time,standard,mobile,True,False,501,8279.16,99477.17,30282.13,0.3044,65227.04,0.1074,36,2127.37,76585.16,1,3.0,1326,9.0,rates were competitive and the funds came through quickly. easy to track payments through the mobile app.,,0
ACCT-0001381,2022-07-27,35.0,female,south,bachelor,contract,standard,mobile,False,True,587,4461.21,53142.2,23472.18,0.4417,70628.5,0.1418,48,1936.3,92942.58,0,2.0,652,6.0,"transparent fees, no hidden charges that I noticed.",,0
ACCT-0000614,2022-10-19,52.0,male,northeast,bachelor,full_time,basic,online,False,True,661,4959.06,59618.08,15935.09,0.2673,68404.17,0.1376,48,1861.08,89331.74,0,0.0,489,7.0,rates were competitive and the funds came through quickly.,,0
ACCT-0000758,2023-05-27,31.0,male,west,high_school,full_time,standard,online,True,False,654,4390.48,52734.17,11509.42,0.2183,65227.59,0.0603,84,953.72,80112.63,1,1.0,647,8.0,"rates were competitive and the funds came through quickly. very smooth application process and the agent was helpful. transparent fees, no hidden charges that I noticed.",,0
ACCT-0001605,2022-08-24,27.0,male,south,graduate,full_time,standard,online,True,True,675,4971.89,59315.82,19447.54,0.3279,51290.97,0.0769,12,4454.38,53452.57,1,0.0,129,,"transparent fees, no hidden charges that I noticed. great customer service, will recommend to friends and family.",,0
ACCT-0002161,2022-01-12,59.0,male,south,high_school,full_time,standard,online,False,True,673,8336.68,100212.32,24159.66,0.2411,42986.4,0.0944,48,1078.63,51774.22,0,2.0,45,7.0,"ok experience overall, no strong feelings to share. documentation requirements were typical for this kind of loan. process was fine, nothing exceptional either way.",,0
ACCT-0000483,2022-07-03,71.0,male,south,bachelor,full_time,basic,online,True,False,701,1859.26,22262.77,36399.01,1.635,25960.71,0.0769,84,400.59,33649.77,2,0.0,652,3.0,very smooth application process and the agent was helpful.,,0
ACCT-0000756,2024-09-01,38.0,female,northeast,high_school,full_time,standard,online,True,True,664,2645.72,32117.16,13472.1,0.4195,24171.92,0.1012,72,449.27,32347.59,1,0.0,122,7.0,"transparent fees, no hidden charges that I noticed. rates were competitive and the funds came through quickly. very smooth application process and the agent was helpful.",,0
ACCT-0001188,2023-07-04,23.0,male,northeast,associate,part_time,basic,online,True,False,604,8438.55,101295.52,21628.67,0.2135,53564.74,0.1411,84,1007.12,84598.47,1,1.0,684,8.0,"great customer service, will recommend to friends and family. very smooth application process and the agent was helpful.",,0
ACCT-0001564,2022-10-15,37.0,female,midwest,graduate,full_time,standard,online,True,False,850,3174.95,38079.0,7462.61,0.196,35630.55,0.0957,24,1637.18,39292.3,2,1.0,800,7.0,"documentation requirements were typical for this kind of loan. process was fine, nothing exceptional either way. still evaluating against other offers from competitor banks.",,0
ACCT-0000102,2023-01-31,41.0,female,south,bachelor,self_employed,basic,agent,False,True,630,3762.12,45129.17,15684.32,0.3475,60942.62,0.0602,60,1178.69,70721.18,0,1.0,153,9.0,,,0
ACCT-0000216,2024-06-05,18.0,female,west,bachelor,self_employed,basic,mobile,False,False,750,3241.39,38737.67,29102.78,0.7513,35345.91,0.129,12,3155.3,37863.65,1,0.0,1006,9.0,"ok experience overall, no strong feelings to share.",,0
ACCT-0001202,2022-07-08,44.0,male,midwest,associate,full_time,premium,mobile,True,True,659,1481.59,17938.22,3186.3,0.1776,12451.65,0.0557,72,203.82,14674.85,0,0.0,31,8.0,documentation requirements were typical for this kind of loan.,2023-04-09,1
ACCT-0000668,2022-08-28,47.0,female,midwest,high_school,self_employed,basic,online,True,False,627,3685.24,44078.97,14231.37,0.3229,41148.75,0.0966,84,675.83,56769.8,2,0.0,459,8.0,still evaluating against other offers from competitor banks. documentation requirements were typical for this kind of loan.,,0
ACCT-0002445,2022-01-17,41.0,male,south,bachelor,self_employed,standard,mobile,True,True,850,12981.47,155519.9,27252.36,0.1752,200857.48,0.0673,60,3952.12,237127.31,2,2.0,84,7.0,"transparent fees, no hidden charges that I noticed. easy to track payments through the mobile app.",,0
ACCT-0001543,2023-08-07,36.0,female,northeast,bachelor,part_time,standard,online,True,False,697,6462.24,77629.43,17056.74,0.2197,56377.17,0.1396,36,1925.82,69329.45,0,1.0,1427,6.0,"great customer service, will recommend to friends and family. easy to track payments through the mobile app.",,0
ACCT-0000618,2023-12-20,34.0,male,midwest,bachelor,full_time,standard,branch,True,False,648,2779.86,33060.5,16335.77,0.4941,31034.05,0.1078,36,1012.74,36458.48,3,1.0,561,4.0,rates were competitive and the funds came through quickly.,,0
ACCT-0000075,2023-09-06,51.0,female,midwest,bachelor,self_employed,standard,online,True,False,716,5256.38,63445.55,14519.41,0.2288,43039.5,0.0741,36,1336.98,48131.33,2,1.0,1018,10.0,rates were competitive and the funds came through quickly. easy to track payments through the mobile app. very smooth application process and the agent was helpful.,,0
ACCT-0001969,2022-02-14,,female,midwest,graduate,full_time,basic,mobile,False,False,821,6887.85,82496.63,18345.54,0.2224,76204.29,0.0664,84,1136.66,95479.22,1,1.0,161,5.0,"great customer service, will recommend to friends and family. easy to track payments through the mobile app.",,0
ACCT-0001072,2023-02-10,33.0,male,midwest,bachelor,full_time,basic,online,False,False,704,2124.72,25171.71,10276.61,0.4083,10733.94,0.0488,48,246.61,11837.09,2,0.0,168,9.0,"great customer service, will recommend to friends and family. very smooth application process and the agent was helpful.",,0
ACCT-0001440,2024-05-15,43.0,female,west,bachelor,part_time,standard,online,True,True,665,8163.91,98026.57,17311.15,0.1766,51213.99,0.0739,12,4440.49,53285.83,1,1.0,656,5.0,"fees were not explained clearly upfront, very disappointing.",2025-05-16,1
ACCT-0001923,2024-04-26,43.0,female,pacific,bachelor,full_time,standard,mobile,False,True,508,3375.16,40511.74,11682.39,0.2884,29347.42,0.1241,12,2613.16,31357.87,1,1.0,809,6.0,"still evaluating against other offers from competitor banks. took longer than expected but got approved in the end. process was fine, nothing exceptional either way.",,0
ACCT-0000088,2023-02-03,49.0,female,midwest,high_school,full_time,basic,online,True,False,610,7529.37,90447.75,27125.08,0.2999,125625.67,0.0608,60,2433.63,146017.55,0,1.0,129,8.0,"great customer service, will recommend to friends and family. transparent fees, no hidden charges that I noticed. rates were competitive and the funds came through quickly.",,0
ACCT-0001559,2024-09-23,50.0,female,south,graduate,full_time,basic,branch,True,True,850,4645.84,56062.13,14359.47,0.2561,40955.71,0.075,60,820.71,49242.57,1,1.0,122,6.0,"easy to track payments through the mobile app. great customer service, will recommend to friends and family.",,0
ACCT-0002455,2023-09-23,42.0,male,south,bachelor,full_time,basic,online,True,False,803,5037.55,60747.3,21679.41,0.3569,41109.0,0.072,60,817.87,49072.09,1,2.0,143,5.0,"very smooth application process and the agent was helpful. transparent fees, no hidden charges that I noticed.",,0
ACCT-0000539,2022-03-31,23.0,male,midwest,associate,full_time,standard,agent,False,False,615,3975.95,47686.72,16049.15,0.3366,24264.89,0.1041,72,454.54,32726.97,1,1.0,246,7.0,took longer than expected but got approved in the end. documentation requirements were typical for this kind of loan. still evaluating against other offers from competitor banks.,,0
ACCT-0001788,2023-02-02,30.0,male,northeast,bachelor,part_time,standard,online,True,False,741,3757.04,45169.11,,0.2278,60344.4,0.0535,24,2656.86,63764.68,1,2.0,1120,4.0,"easy to track payments through the mobile app. great customer service, will recommend to friends and family.",,0
ACCT-0000335,2022-01-01,45.0,male,west,bachelor,full_time,basic,mobile,False,False,670,4885.5,59085.59,22509.53,0.381,76288.02,0.1045,36,2477.93,89205.38,2,0.0,394,6.0,"ok experience overall, no strong feelings to share.",,0
ACCT-0000800,2022-08-03,50.0,female,northeast,associate,full_time,basic,online,False,False,734,12673.82,152642.95,29939.45,0.1961,94309.51,0.0772,84,1456.65,122358.6,1,2.0,826,4.0,easy to track payments through the mobile app.,,0
ACCT-0000876,2022-12-03,48.0,female,south,bachelor,full_time,basic,online,True,False,727,2106.67,25227.57,22161.37,0.8785,6573.82,0.0857,36,207.74,7478.51,0,1.0,580,9.0,still evaluating against other offers from competitor banks.,,0
ACCT-0000795,2022-04-20,57.0,male,pacific,high_school,contract,standard,mobile,True,False,523,8732.7,105267.31,22421.83,0.213,40116.97,0.1193,36,1331.03,47917.05,1,2.0,43,4.0,"process was fine, nothing exceptional either way. took longer than expected but got approved in the end. still evaluating against other offers from competitor banks.",2023-04-15,1
ACCT-0001683,2023-06-18,45.0,male,midwest,bachelor,contract,premium,online,True,False,658,3390.75,40806.74,23839.76,0.5842,49077.9,0.1117,24,2291.22,54989.26,3,0.0,181,7.0,"transparent fees, no hidden charges that I noticed. easy to track payments through the mobile app.",,0
ACCT-0001111,2024-08-05,50.0,male,midwest,high_school,part_time,standard,online,True,False,632,2840.3,34082.26,14385.75,0.4221,9000.66,0.1305,72,180.9,13024.81,0,1.0,233,1.0,"rates were competitive and the funds came through quickly. transparent fees, no hidden charges that I noticed.",,0
ACCT-0000803,2024-05-09,20.0,male,pacific,high_school,self_employed,basic,mobile,True,True,616,3319.66,39893.5,17093.08,0.4285,36029.23,0.1043,84,606.21,50922.04,2,1.0,1354,10.0,"rates were competitive and the funds came through quickly. great customer service, will recommend to friends and family.",,0
ACCT-0002487,2024-04-09,52.0,female,south,graduate,full_time,basic,branch,False,False,696,6782.87,81136.91,14986.62,0.1847,52126.0,0.0844,84,823.94,69210.73,0,1.0,58,2.0,support never returned my calls about the missed payment.,2024-08-13,1
ACCT-0002301,2023-12-26,41.0,female,northeast,bachelor,full_time,basic,mobile,False,False,525,1464.53,17703.92,12650.74,0.7146,23815.7,0.1076,60,514.98,30898.99,0,2.0,866,8.0,took longer than expected but got approved in the end. documentation requirements were typical for this kind of loan.,,0
ACCT-0001172,2024-06-13,26.0,female,west,graduate,full_time,premium,branch,False,False,743,5708.0,68346.97,26569.1,0.3887,41122.93,0.07,72,701.15,50483.13,0,0.0,604,8.0,"transparent fees, no hidden charges that I noticed. very smooth application process and the agent was helpful. rates were competitive and the funds came through quickly.",,0
ACCT-0002298,2023-02-27,49.0,female,west,bachelor,self_employed,basic,online,False,False,741,2894.23,35021.94,21043.54,0.6009,9146.93,0.1016,36,295.84,10650.08,0,3.0,798,8.0,interest rate jumped after the first quarter without warning.,2023-09-26,1
ACCT-0001382,2024-05-03,47.0,female,west,bachelor,part_time,basic,online,True,False,733,2407.6,29227.57,6419.9,0.2197,33303.68,0.0591,12,2865.02,34380.27,0,2.0,155,8.0,rates were competitive and the funds came through quickly.,,0
ACCT-0001880,2023-06-26,21.0,female,west,high_school,full_time,standard,agent,True,False,693,3139.42,37735.25,17133.74,0.4541,52245.18,0.0984,84,863.05,72496.39,0,1.0,1359,7.0,rates were competitive and the funds came through quickly.,,0
ACCT-0000530,2024-02-29,38.0,male,midwest,bachelor,full_time,premium,online,False,False,661,6400.24,76660.32,12187.77,0.159,37709.71,0.0724,72,647.32,46607.04,0,1.0,1026,9.0,"process was fine, nothing exceptional either way. took longer than expected but got approved in the end. documentation requirements were typical for this kind of loan.",,0
ACCT-0001850,2022-04-15,42.0,male,west,associate,full_time,basic,online,False,True,700,1774.79,21070.99,18887.46,0.8964,22708.46,0.0866,72,405.47,29193.57,2,3.0,633,8.0,"process was fine, nothing exceptional either way. ok experience overall, no strong feelings to share. documentation requirements were typical for this kind of loan.",,0
ACCT-0000460,2024-03-31,49.0,female,midwest,bachelor,full_time,standard,mobile,False,False,553,4909.43,59060.37,18119.71,0.3068,65030.18,0.0978,36,2091.48,75293.22,0,2.0,1091,8.0,"transparent fees, no hidden charges that I noticed. rates were competitive and the funds came through quickly.",,0
ACCT-0000422,2022-10-02,22.0,female,midwest,bachelor,part_time,standard,mobile,False,False,806,5131.37,61523.78,14262.37,0.2318,85906.65,0.0981,60,1817.19,109031.66,0,2.0,916,8.0,"documentation requirements were typical for this kind of loan. ok experience overall, no strong feelings to share. took longer than expected but got approved in the end.",,0
ACCT-0002185,2023-12-17,42.0,female,west,bachelor,full_time,standard,mobile,False,False,805,2987.1,36163.48,6940.65,0.1919,23941.48,0.0414,48,542.07,26019.35,1,3.0,1340,2.0,rates were competitive and the funds came through quickly.,,0
ACCT-0000044,2023-01-23,30.0,female,south,bachelor,full_time,basic,mobile,True,False,508,1888.92,22867.15,15126.5,0.6615,26968.32,0.0893,48,670.24,32171.33,2,2.0,777,6.0,easy to track payments through the mobile app. rates were competitive and the funds came through quickly.,,0
ACCT-0000679,2024-10-10,45.0,female,pacific,graduate,full_time,standard,branch,False,True,669,2839.94,34201.58,26197.35,0.766,43406.91,0.1029,12,3822.1,45865.2,0,0.0,1359,2.0,rates were competitive and the funds came through quickly. very smooth application process and the agent was helpful.,,0
ACCT-0000703,2024-06-28,51.0,female,south,graduate,full_time,standard,branch,True,False,588,1994.75,24187.81,13678.71,0.5655,17571.79,0.0843,72,311.78,22448.36,0,0.0,475,7.0,"documentation requirements were typical for this kind of loan. process was fine, nothing exceptional either way.",,0
ACCT-0000352,2023-12-02,34.0,male,west,high_school,full_time,basic,online,False,False,639,4314.68,51986.9,30861.07,0.5936,52750.9,0.1155,72,1018.89,73359.77,2,3.0,824,1.0,very smooth application process and the agent was helpful. easy to track payments through the mobile app.,,0
ACCT-0002180,2022-10-05,26.0,female,midwest,bachelor,full_time,standard,branch,False,False,762,4084.74,49286.98,11621.4,0.2358,14462.43,0.0659,12,1248.65,14983.78,1,2.0,428,5.0,rates were competitive and the funds came through quickly. easy to track payments through the mobile app.,,0
ACCT-0000457,2023-08-27,32.0,male,west,bachelor,part_time,basic,online,True,False,770,3766.56,45420.27,7493.04,0.165,59438.52,0.0674,84,889.55,74721.99,0,1.0,257,2.0,"ok experience overall, no strong feelings to share. still evaluating against other offers from competitor banks.",,0
ACCT-0002239,2022-07-28,28.0,male,northeast,bachelor,self_employed,standard,mobile,False,True,541,5318.79,64310.28,15394.31,0.2394,73621.89,0.0956,48,1851.58,88875.71,0,0.0,590,5.0,"great customer service, will recommend to friends and family. very smooth application process and the agent was helpful.",,0
ACCT-0000077,2022-05-05,,male,south,high_school,part_time,premium,online,False,False,695,6493.31,77956.17,21387.76,0.2744,82183.36,0.0864,12,7173.25,86079.04,0,1.0,1018,9.0,very smooth application process and the agent was helpful.,,0
ACCT-0000209,2024-11-02,52.0,male,northeast,associate,part_time,standard,online,False,False,622,13218.4,158981.84,32647.82,0.2054,120759.81,0.0876,12,10547.39,126568.72,0,1.0,1305,8.0,"transparent fees, no hidden charges that I noticed. easy to track payments through the mobile app.",,0
ACCT-0001318,2024-02-29,41.0,female,south,associate,contract,premium,branch,False,True,575,7479.63,89344.64,24446.89,0.2736,68786.97,0.0874,60,1419.38,85162.58,1,5.0,1382,8.0,interest rate jumped after the first quarter without warning. the agent kept rescheduling and the process took weeks.,2025-01-24,1
ACCT-0000966,2022-12-18,52.0,male,south,graduate,part_time,standard,online,True,False,776,5067.92,61353.99,11179.79,0.1822,65680.89,0.0872,24,2992.29,71814.88,1,3.0,722,3.0,"great customer service, will recommend to friends and family.",,0
ACCT-0000883,2024-01-18,42.0,female,west,bachelor,part_time,basic,online,True,False,655,2166.32,26187.66,8760.07,0.3345,23750.03,0.0746,48,573.77,27540.81,0,2.0,169,7.0,"took longer than expected but got approved in the end. ok experience overall, no strong feelings to share. process was fine, nothing exceptional either way.",,0
ACCT-0000059,2023-07-06,20.0,female,south,high_school,full_time,standard,agent,True,True,818,5000.54,60136.42,24238.48,0.4031,29326.63,0.0663,60,575.55,34532.73,0,0.0,351,4.0,"rates were competitive and the funds came through quickly. great customer service, will recommend to friends and family.",,0
ACCT-0000816,2022-03-25,45.0,female,pacific,bachelor,full_time,premium,online,False,True,709,3010.1,35691.42,14738.37,0.4129,48782.64,0.0899,36,1551.14,55840.88,0,1.0,954,4.0,,,0
ACCT-0000954,2022-04-05,45.0,male,south,high_school,full_time,standard,branch,False,True,730,3991.91,48146.81,14729.18,0.3059,43712.13,0.0898,24,1996.51,47916.3,1,3.0,1155,6.0,,,0
ACCT-0001686,2022-12-29,32.0,female,south,high_school,full_time,basic,agent,False,False,697,3293.46,39821.25,12224.0,0.307,51503.93,0.0874,36,1631.54,58735.35,0,2.0,1009,4.0,took longer than expected but got approved in the end. documentation requirements were typical for this kind of loan.,,0
ACCT-0000451,2022-09-08,34.0,male,northeast,bachelor,full_time,standard,online,True,False,656,10220.41,122654.15,43319.79,0.3532,68799.8,0.1333,60,1577.04,94622.44,2,0.0,1056,6.0,"took longer than expected but got approved in the end. process was fine, nothing exceptional either way.",,0
ACCT-0001464,2024-11-12,31.0,male,south,graduate,full_time,premium,agent,True,True,666,2204.14,26689.5,13319.92,0.4991,13204.72,0.1186,12,1172.37,14068.39,3,1.0,280,10.0,"still evaluating against other offers from competitor banks. process was fine, nothing exceptional either way.",,0
ACCT-0002429,2023-09-06,24.0,female,northeast,graduate,full_time,standard,branch,True,True,559,5135.29,61461.93,10372.61,0.1688,71381.83,0.0991,24,3291.07,78985.73,2,3.0,962,10.0,"great customer service, will recommend to friends and family. very smooth application process and the agent was helpful. rates were competitive and the funds came through quickly.",,0
ACCT-0001583,2023-05-19,52.0,female,west,bachelor,full_time,basic,mobile,False,False,631,3982.05,47525.53,15528.74,0.3267,61163.77,0.1157,60,1347.24,80834.67,0,0.0,747,9.0,the agent kept rescheduling and the process took weeks. support never returned my calls about the missed payment.,2023-11-09,1
ACCT-0000555,2024-09-06,34.0,male,pacific,bachelor,full_time,basic,mobile,True,False,774,3560.76,42538.96,15210.17,0.3576,56471.91,0.0646,48,1338.17,64232.34,0,0.0,706,9.0,documentation requirements were typical for this kind of loan. took longer than expected but got approved in the end.,2025-09-23,1
ACCT-0000904,2024-07-10,18.0,female,midwest,high_school,full_time,standard,mobile,True,False,648,1852.52,22180.68,4854.2,0.2188,25873.32,0.0682,48,617.44,29637.09,0,2.0,1119,4.0,rates were competitive and the funds came through quickly. very smooth application process and the agent was helpful.,,0
ACCT-0001015,2024-10-02,31.0,female,northeast,bachelor,full_time,standard,online,True,False,746,3566.86,42825.03,7070.39,0.1651,42699.45,0.0692,84,642.68,53985.12,0,2.0,1260,5.0,"easy to track payments through the mobile app. great customer service, will recommend to friends and family.",,0
ACCT-0001135,2024-08-11,23.0,male,west,graduate,part_time,standard,online,True,True,626,4904.84,58851.5,20528.3,0.3488,15487.35,0.0829,36,487.37,17545.45,2,1.0,793,0.0,"easy to track payments through the mobile app. very smooth application process and the agent was helpful. transparent fees, no hidden charges that I noticed.",,0
ACCT-0000814,2022-12-20,64.0,male,pacific,associate,full_time,basic,online,True,True,705,4087.52,48875.32,9630.72,0.197,40913.33,0.0914,72,740.38,53307.04,2,4.0,266,8.0,"easy to track payments through the mobile app. transparent fees, no hidden charges that I noticed. great customer service, will recommend to friends and family.",,0
ACCT-0000742,2024-05-01,48.0,male,pacific,associate,full_time,standard,branch,True,False,549,2101.59,25155.27,7309.42,0.2906,19787.36,0.0787,84,307.1,25796.77,1,1.0,1264,10.0,"transparent fees, no hidden charges that I noticed.",,0
ACCT-0001319,2022-12-07,25.0,female,south,bachelor,self_employed,standard,online,True,False,819,3781.61,45490.17,8821.84,0.1939,58731.22,0.0578,24,2597.07,62329.75,0,0.0,544,4.0,"easy to track payments through the mobile app. great customer service, will recommend to friends and family. rates were competitive and the funds came through quickly.",,0
ACCT-0000140,2024-10-12,37.0,male,northeast,associate,self_employed,premium,online,False,True,714,4035.86,48679.05,15643.33,0.3214,63271.46,0.0969,84,1040.37,87390.67,0,1.0,44,8.0,rates were competitive and the funds came through quickly. very smooth application process and the agent was helpful.,,0
ACCT-0001041,2022-07-09,51.0,male,northeast,high_school,full_time,standard,mobile,True,True,675,3683.48,44441.4,17656.06,0.3973,53169.55,0.1245,24,2514.1,60338.52,0,5.0,242,5.0,"documentation requirements were typical for this kind of loan. ok experience overall, no strong feelings to share. process was fine, nothing exceptional either way.",,0
ACCT-0001965,2024-04-17,43.0,male,pacific,bachelor,full_time,basic,branch,False,False,666,4795.81,57192.33,11108.19,0.1942,843087.56,0.0421,24,36691.06,880586.98,0,3.0,1409,6.0,still evaluating against other offers from competitor banks. documentation requirements were typical for this kind of loan.,,0
ACCT-0001115,2024-11-10,34.0,male,south,high_school,full_time,premium,online,False,False,604,3989.44,47972.87,9001.13,0.1876,51005.7,0.0695,60,1008.74,60524.3,0,1.0,1369,4.0,"very smooth application process and the agent was helpful. transparent fees, no hidden charges that I noticed. easy to track payments through the mobile app.",,0
ACCT-0001769,2024-12-08,22.0,female,northeast,high_school,full_time,standard,online,True,False,832,6965.64,83892.48,21872.75,0.2607,109782.6,0.0939,12,9620.32,115443.86,0,2.0,723,9.0,"transparent fees, no hidden charges that I noticed.",,0
ACCT-0002321,2022-07-07,41.0,male,south,bachelor,self_employed,premium,branch,True,False,804,4861.78,58471.81,14584.62,0.2494,33167.08,0.0769,60,667.64,40058.68,1,3.0,1115,5.0,"very smooth application process and the agent was helpful. rates were competitive and the funds came through quickly. transparent fees, no hidden charges that I noticed.",,0
ACCT-0001841,2022-05-24,19.0,female,pacific,associate,part_time,premium,online,True,False,710,6021.32,72150.17,26574.99,0.3683,53873.59,0.1305,84,981.47,82443.56,1,3.0,566,7.0,interest rate jumped after the first quarter without warning.,2023-10-30,1
ACCT-0002266,2023-12-03,32.0,male,northeast,high_school,part_time,basic,mobile,True,True,725,7869.19,94318.06,15679.18,0.1662,127020.49,0.0518,84,1806.33,151731.85,0,1.0,73,6.0,"ok experience overall, no strong feelings to share. documentation requirements were typical for this kind of loan.",,0
ACCT-0001110,2023-11-17,35.0,female,west,associate,full_time,standard,online,True,False,783,3526.23,42140.78,23422.45,0.5558,13318.52,0.059,60,256.89,15413.67,0,0.0,135,6.0,took longer than expected but got approved in the end.,,0
ACCT-0000269,2023-06-20,26.0,female,northeast,bachelor,full_time,basic,online,True,True,656,6817.72,81714.66,15144.11,0.1853,113856.05,0.1027,48,2902.52,139321.03,0,1.0,414,9.0,"still evaluating against other offers from competitor banks. process was fine, nothing exceptional either way.",,0
ACCT-0000949,2022-02-06,43.0,male,pacific,associate,full_time,basic,online,True,False,781,5090.63,61018.31,11932.71,0.1956,25099.58,0.0548,48,583.45,28005.78,0,2.0,115,9.0,"great customer service, will recommend to friends and family. very smooth application process and the agent was helpful.",,0
ACCT-0001910,2022-04-12,33.0,female,south,graduate,full_time,basic,mobile,False,False,723,11081.14,132607.66,21503.12,0.1622,69433.94,0.0959,24,3190.75,76578.06,1,2.0,949,6.0,"ok experience overall, no strong feelings to share.",,0
ACCT-0001327,2023-05-30,58.0,male,south,bachelor,self_employed,standard,mobile,False,True,732,7953.28,95344.68,20607.93,0.2161,59251.54,0.078,24,2674.36,64184.64,0,5.0,220,7.0,"ok experience overall, no strong feelings to share.",,0
ACCT-0000852,2024-12-05,21.0,male,south,bachelor,full_time,basic,online,False,False,603,3094.25,36902.38,9220.47,0.2499,33935.87,0.0746,84,519.88,43670.21,1,1.0,101,6.0,easy to track payments through the mobile app.,,0
ACCT-0002068,2023-04-25,30.0,female,midwest,graduate,contract,standard,online,True,False,849,6217.83,74634.96,14265.5,0.1911,42744.17,0.0658,72,720.22,51856.14,1,2.0,568,10.0,easy to track payments through the mobile app. rates were competitive and the funds came through quickly.,,0
ACCT-0001710,2023-05-10,44.0,female,midwest,associate,self_employed,basic,online,False,False,741,3690.45,44015.78,11686.02,0.2655,46669.4,0.0663,36,1433.16,51593.83,0,1.0,1324,7.0,easy to track payments through the mobile app.,,0
ACCT-0000383,2023-11-07,27.0,female,midwest,bachelor,full_time,standard,online,True,False,751,5566.23,66742.59,,0.2892,37455.96,0.0667,24,1671.41,40113.94,1,1.0,801,8.0,easy to track payments through the mobile app. very smooth application process and the agent was helpful.,,0
ACCT-0001952,2024-10-08,41.0,male,northeast,bachelor,part_time,standard,online,False,True,640,4529.47,54689.47,12124.17,0.2217,60671.72,0.1304,60,1381.77,82906.23,0,1.0,54,8.0,"transparent fees, no hidden charges that I noticed.",,0
ACCT-0002480,2024-10-18,41.0,female,pacific,bachelor,full_time,basic,agent,True,False,714,5815.36,69395.27,17595.51,0.2536,48530.45,0.0968,24,2232.38,53577.2,1,1.0,1186,5.0,rates were competitive and the funds came through quickly. very smooth application process and the agent was helpful.,,0
ACCT-0000358,2024-10-23,33.0,male,northeast,bachelor,contract,premium,mobile,False,False,544,4749.16,56626.36,20909.58,0.3693,55648.98,0.1196,72,1086.77,78247.7,1,1.0,739,3.0,support never returned my calls about the missed payment. the autopay system charged me twice in the same month.,2025-07-04,1
ACCT-0000371,2024-06-19,61.0,female,northeast,graduate,part_time,basic,branch,False,False,462,3381.73,40893.59,20690.76,0.506,34233.58,0.1414,24,1645.93,39502.2,2,0.0,220,3.0,still evaluating against other offers from competitor banks.,,0
ACCT-0001150,2022-02-03,50.0,male,midwest,graduate,full_time,basic,branch,False,True,721,4661.21,56554.91,29011.05,0.513,75571.84,0.0534,84,1080.24,90739.85,2,2.0,536,10.0,rates were competitive and the funds came through quickly.,,0
ACCT-0001159,2024-07-06,29.0,female,south,high_school,self_employed,standard,online,False,True,817,7860.75,93990.92,25411.43,0.2704,64948.25,0.0972,60,1371.11,82266.73,1,0.0,474,7.0,documentation requirements were typical for this kind of loan. took longer than expected but got approved in the end.,,0
ACCT-0001290,2022-11-13,47.0,female,west,graduate,full_time,standard,mobile,False,False,727,4151.01,49401.99,10960.49,0.2219,53293.16,0.0787,48,1297.68,62288.57,0,0.0,231,5.0,"ok experience overall, no strong feelings to share. took longer than expected but got approved in the end.",,0
ACCT-0000191,2024-11-15,43.0,nonbinary,south,bachelor,full_time,standard,online,False,False,652,2884.34,34337.12,21817.17,0.6354,25652.45,0.0583,48,600.49,28823.44,1,0.0,600,10.0,"great customer service, will recommend to friends and family. easy to track payments through the mobile app.",,0
ACCT-0001582,2023-01-23,29.0,female,midwest,high_school,full_time,standard,online,False,False,688,5340.82,64094.82,18180.08,0.2836,71991.8,0.1122,36,2364.59,85125.14,0,3.0,629,8.0,easy to track payments through the mobile app.,,0
ACCT-0001708,2023-10-20,36.0,female,northeast,high_school,part_time,standard,online,True,False,700,1870.54,22638.08,4052.73,0.179,24357.18,0.0747,72,420.83,30299.63,0,2.0,1129,8.0,"easy to track payments through the mobile app. great customer service, will recommend to friends and family.",,0
ACCT-0000824,2022-09-18,45.0,female,west,graduate,self_employed,standard,online,True,True,651,6248.27,75236.62,13418.36,0.1783,75486.57,0.0494,36,2260.25,81368.87,0,1.0,839,7.0,"great customer service, will recommend to friends and family. very smooth application process and the agent was helpful.",,0
ACCT-0000851,2023-01-09,55.0,female,west,bachelor,full_time,basic,online,True,False,763,4102.67,48761.77,13107.54,0.2688,30175.05,0.0938,48,756.36,36305.1,1,0.0,1017,8.0,rates were competitive and the funds came through quickly.,,0
ACCT-0000972,2024-12-29,39.0,female,south,graduate,full_time,standard,mobile,True,False,699,4590.7,55275.43,18959.22,0.343,50333.58,0.0636,60,981.56,58893.5,0,1.0,253,7.0,easy to track payments through the mobile app.,,0
ACCT-0001854,2023-09-29,42.0,male,midwest,high_school,full_time,premium,mobile,False,False,693,4158.33,50522.98,15579.37,0.3084,48063.51,0.1251,12,4281.75,51381.01,1,1.0,403,7.0,rates were competitive and the funds came through quickly. easy to track payments through the mobile app.,,0
ACCT-0000648,2022-01-14,45.0,male,pacific,bachelor,full_time,standard,online,True,True,634,4307.08,51746.95,10410.21,0.2012,22552.3,0.0875,84,359.97,30237.63,0,1.0,953,3.0,"ok experience overall, no strong feelings to share.",,0
ACCT-0001222,2022-01-31,26.0,male,midwest,high_school,self_employed,basic,branch,False,False,719,8191.17,98338.39,26204.29,0.2665,112503.79,0.1011,72,2090.74,150533.41,0,2.0,193,7.0,"process was fine, nothing exceptional either way. still evaluating against other offers from competitor banks. ok experience overall, no strong feelings to share.",,0
ACCT-0000631,2023-08-15,32.0,male,south,graduate,self_employed,basic,mobile,False,False,692,2588.55,31235.76,20118.11,0.6441,41241.59,0.121,48,1088.02,52225.14,1,,393,9.0,still evaluating against other offers from competitor banks.,,0
ACCT-0001047,2022-09-29,43.0,female,west,bachelor,full_time,premium,online,False,False,786,10919.29,131034.92,39429.71,0.3009,135715.1,0.1065,12,11972.43,143669.13,1,2.0,1247,7.0,"easy to track payments through the mobile app. transparent fees, no hidden charges that I noticed.",,0
ACCT-0000603,2024-11-09,37.0,male,midwest,high_school,full_time,standard,branch,False,False,695,3041.89,35786.61,20168.35,0.5636,35536.28,0.0727,36,1101.68,39660.5,0,1.0,1056,7.0,still evaluating against other offers from competitor banks. documentation requirements were typical for this kind of loan. took longer than expected but got approved in the end.,,0
ACCT-0001631,2023-09-01,59.0,male,pacific,bachelor,full_time,standard,branch,False,True,786,4736.95,56706.44,10799.08,0.1904,27152.9,0.1114,72,518.77,37351.69,2,1.0,90,10.0,"easy to track payments through the mobile app. transparent fees, no hidden charges that I noticed. very smooth application process and the agent was helpful.",,0
ACCT-0001720,2024-11-19,45.0,female,northeast,high_school,full_time,standard,online,True,False,623,7973.77,95687.56,15777.09,0.1649,55430.3,0.0502,12,4745.75,56949.03,0,1.0,1182,6.0,very smooth application process and the agent was helpful.,,0
ACCT-0001685,2024-03-28,49.0,female,south,graduate,full_time,basic,online,False,False,755,4981.1,59301.58,16879.1,0.2846,47268.29,0.1104,12,4178.54,50142.54,0,0.0,1434,8.0,"very smooth application process and the agent was helpful. transparent fees, no hidden charges that I noticed.",,0
ACCT-0002208,2022-09-24,20.0,female,west,associate,full_time,premium,branch,True,False,681,3887.47,46971.25,,0.6494,23442.63,0.0773,60,472.32,28339.22,0,0.0,467,2.0,"transparent fees, no hidden charges that I noticed.",,0
ACCT-0001941,2022-07-09,36.0,male,northeast,high_school,contract,standard,branch,True,True,591,3267.61,39049.52,12412.85,0.3179,23892.81,0.1211,60,532.79,31967.47,0,1.0,1027,6.0,still evaluating against other offers from competitor banks.,,0
ACCT-0000794,2022-08-19,27.0,female,west,bachelor,full_time,standard,branch,True,True,732,5124.98,61581.1,15037.48,0.2442,71032.04,0.0774,24,3204.19,76900.53,0,0.0,656,4.0,"documentation requirements were typical for this kind of loan. ok experience overall, no strong feelings to share.",,0
ACCT-0000889,2022-03-06,50.0,female,northeast,high_school,full_time,basic,agent,False,False,826,2367.43,28568.15,7952.16,0.2784,22882.81,0.0623,84,336.8,28290.97,0,1.0,886,8.0,rates were competitive and the funds came through quickly. very smooth application process and the agent was helpful.,,0
ACCT-0001084,2024-03-13,37.0,male,south,bachelor,full_time,basic,agent,False,False,717,2798.76,33513.24,11202.79,0.3343,23451.28,0.0607,48,551.51,26472.27,0,1.0,511,6.0,,,0
ACCT-0002309,2022-08-22,41.0,male,northeast,associate,full_time,basic,online,False,False,765,4014.67,48285.75,11865.39,0.2457,30453.26,0.0638,48,720.49,34583.72,2,0.0,135,2.0,very smooth application process and the agent was helpful.,,0
ACCT-0000943,2024-08-21,56.0,female,west,associate,full_time,basic,online,True,False,637,6644.7,79647.0,23166.75,0.2909,70238.1,0.0818,24,3182.35,76376.31,0,2.0,93,6.0,"still evaluating against other offers from competitor banks. process was fine, nothing exceptional either way.",,0
ACCT-0001724,2024-04-29,38.0,male,midwest,high_school,full_time,standard,online,True,True,803,3660.05,43851.42,13662.35,0.3116,42922.7,0.0724,84,652.89,54842.76,0,1.0,1305,4.0,easy to track payments through the mobile app.,,0
ACCT-0001635,2022-05-08,48.0,male,midwest,bachelor,full_time,standard,online,True,False,850,4172.54,50353.78,13422.28,0.2666,70064.48,0.0637,60,1366.56,81993.55,2,1.0,194,3.0,easy to track payments through the mobile app. very smooth application process and the agent was helpful. rates were competitive and the funds came through quickly.,,0
ACCT-0002404,2022-01-10,46.0,female,south,associate,full_time,premium,online,True,False,773,5957.41,71285.58,13667.45,0.1917,62589.59,0.0994,60,1327.98,79678.63,2,1.0,175,7.0,"transparent fees, no hidden charges that I noticed. great customer service, will recommend to friends and family. very smooth application process and the agent was helpful.",,0
ACCT-0000533,2023-03-11,35.0,female,south,bachelor,full_time,standard,branch,True,True,684,3129.34,37277.34,19023.34,0.5103,39251.8,0.0722,12,3400.35,40804.26,3,0.0,121,7.0,"easy to track payments through the mobile app. transparent fees, no hidden charges that I noticed.",,0
ACCT-0001722,2023-10-21,42.0,male,west,bachelor,self_employed,basic,online,True,False,682,6214.52,74943.92,27231.11,0.3634,49608.63,0.0758,84,762.78,64073.75,0,1.0,714,6.0,documentation requirements were typical for this kind of loan.,,0
ACCT-0001964,2024-08-16,,female,west,bachelor,full_time,basic,online,True,False,608,2739.96,33300.97,22909.05,0.6879,17326.36,0.0911,84,279.73,23497.08,2,3.0,372,7.0,,,0
ACCT-0001266,2023-10-11,33.0,female,west,bachelor,full_time,premium,online,True,False,675,4414.24,52482.97,18427.85,0.3511,14452.75,0.1058,60,311.24,18674.43,1,0.0,965,7.0,"easy to track payments through the mobile app. transparent fees, no hidden charges that I noticed.",,0
ACCT-0000849,2024-08-05,33.0,male,west,associate,full_time,standard,branch,False,True,701,3831.01,45837.81,,0.3694,11995.98,0.0762,12,1041.39,12496.71,0,2.0,1058,4.0,very smooth application process and the agent was helpful.,,0
ACCT-0000101,2024-03-29,40.0,male,northeast,associate,full_time,basic,online,False,False,719,4217.11,50384.06,17400.05,0.3453,26990.24,0.0693,84,406.39,34136.63,1,3.0,863,6.0,"great customer service, will recommend to friends and family. rates were competitive and the funds came through quickly. transparent fees, no hidden charges that I noticed.",,0
ACCT-0001642,2023-01-20,56.0,male,midwest,high_school,self_employed,standard,online,False,True,746,5081.11,61254.7,15527.99,0.2535,27425.14,0.0689,84,412.47,34647.89,1,0.0,405,8.0,"ok experience overall, no strong feelings to share. documentation requirements were typical for this kind of loan.",,0
ACCT-0000420,2023-01-19,42.0,male,south,bachelor,full_time,standard,online,False,True,684,5024.26,59713.67,23968.08,0.4014,60058.46,0.0335,24,2590.76,62178.36,1,3.0,1227,10.0,very smooth application process and the agent was helpful.,,0
ACCT-0000094,2024-08-15,38.0,female,west,bachelor,full_time,basic,mobile,True,False,630,6947.3,83238.42,36303.16,0.4361,95209.64,0.0615,60,1847.2,110832.09,0,0.0,86,9.0,"rates were competitive and the funds came through quickly. great customer service, will recommend to friends and family.",,0
ACCT-0000357,2022-04-09,39.0,male,pacific,high_school,full_time,standard,online,False,False,702,5886.93,70409.89,22353.78,0.3175,52063.92,0.0329,60,942.3,56537.96,0,1.0,870,3.0,"process was fine, nothing exceptional either way. documentation requirements were typical for this kind of loan.",,0
ACCT-0001331,2024-02-03,45.0,male,pacific,bachelor,full_time,basic,online,True,False,731,5786.77,69592.23,22384.6,0.3217,41577.97,0.1318,12,3717.08,44604.96,1,3.0,401,1.0,very smooth application process and the agent was helpful.,,0
ACCT-0001618,2024-12-28,53.0,male,pacific,bachelor,full_time,standard,mobile,False,False,701,5768.97,69129.52,19856.2,0.2872,65666.76,0.0895,72,1181.89,85095.88,0,1.0,1318,8.0,"transparent fees, no hidden charges that I noticed. rates were competitive and the funds came through quickly.",,0
ACCT-0002379,2022-07-26,45.0,female,west,bachelor,full_time,basic,mobile,True,True,645,3580.09,42662.26,9305.36,0.2181,59183.82,0.0837,12,5158.51,61902.16,0,2.0,31,6.0,"ok experience overall, no strong feelings to share. documentation requirements were typical for this kind of loan. process was fine, nothing exceptional either way.",,0
ACCT-0002198,2022-04-02,45.0,female,midwest,associate,part_time,basic,branch,False,True,850,2746.9,32945.84,16821.21,0.5106,31715.16,0.0749,72,548.21,39470.77,1,0.0,728,7.0,"transparent fees, no hidden charges that I noticed. rates were competitive and the funds came through quickly.",,0
ACCT-0002206,2024-10-11,18.0,male,south,bachelor,full_time,basic,online,False,False,683,5342.77,63641.77,18933.51,0.2975,37224.16,0.0745,48,899.14,43158.81,0,2.0,941,4.0,"easy to track payments through the mobile app. great customer service, will recommend to friends and family. rates were competitive and the funds came through quickly.",,0
ACCT-0001792,2023-10-03,41.0,male,midwest,high_school,full_time,basic,mobile,True,False,747,8406.25,100658.7,17798.3,0.1768,68735.33,0.0732,60,1371.43,82286.09,0,3.0,552,5.0,"ok experience overall, no strong feelings to share.",,0
ACCT-0000688,2024-11-20,18.0,male,midwest,associate,self_employed,premium,online,True,False,723,6316.04,76083.34,42503.75,0.5586,61121.65,0.0599,84,892.5,74970.25,1,1.0,341,9.0,"fees were not explained clearly upfront, very disappointing. interest rate jumped after the first quarter without warning.",2025-04-10,1
ACCT-0001575,2024-05-04,69.0,female,south,high_school,full_time,standard,online,True,False,687,3039.82,36398.7,12222.7,0.3358,11433.22,0.1002,24,527.7,12664.73,0,3.0,585,5.0,"great customer service, will recommend to friends and family. easy to track payments through the mobile app.",,0
ACCT-0001622,2022-04-04,36.0,female,west,high_school,self_employed,standard,online,False,False,690,10537.3,126147.19,23915.47,0.1896,94424.12,0.0875,24,4302.83,103267.96,0,3.0,220,7.0,easy to track payments through the mobile app.,,0
ACCT-0001893,2023-12-12,35.0,female,midwest,bachelor,full_time,standard,online,False,False,673,2113.32,25172.48,5235.81,0.208,13540.96,0.0682,72,229.7,16538.68,0,1.0,978,3.0,"documentation requirements were typical for this kind of loan. process was fine, nothing exceptional either way.",,0
ACCT-0002034,2023-02-15,37.0,female,south,bachelor,full_time,basic,agent,False,False,722,4900.1,58945.16,14470.33,0.2455,68688.42,0.0828,36,2161.33,77807.96,3,0.0,1115,,very smooth application process and the agent was helpful.,,0
ACCT-0000093,2023-12-16,44.0,female,northeast,associate,self_employed,basic,mobile,True,False,706,4383.75,52411.67,13591.14,0.2593,58713.35,0.0787,36,1836.41,66110.89,1,0.0,300,9.0,"process was fine, nothing exceptional either way.",,0
ACCT-0002154,2024-06-01,40.0,male,northeast,bachelor,full_time,premium,online,True,False,638,12166.12,145636.0,28502.84,0.1957,45713.79,0.1434,24,2202.28,52854.65,0,1.0,927,6.0,still evaluating against other offers from competitor banks.,,0
ACCT-0001991,2022-07-27,35.0,female,pacific,associate,full_time,standard,branch,False,True,587,4499.73,54275.46,16792.82,0.3094,40753.59,0.1094,48,1052.15,50503.42,0,2.0,1058,9.0,rates were competitive and the funds came through quickly.,,0
ACCT-0001955,2024-02-28,25.0,female,northeast,associate,full_time,standard,online,False,True,722,8635.67,103899.8,20904.77,0.2012,87528.69,0.0472,12,7481.84,89782.08,0,0.0,230,8.0,"documentation requirements were typical for this kind of loan. ok experience overall, no strong feelings to share. took longer than expected but got approved in the end.",,0
ACCT-0002146,2024-04-29,47.0,female,northeast,high_school,contract,standard,mobile,True,True,552,6181.53,74140.16,13776.63,0.1858,39308.12,0.1093,72,746.81,53770.64,0,2.0,805,10.0,"process was fine, nothing exceptional either way. ok experience overall, no strong feelings to share.",,0
ACCT-0000312,2022-07-26,,female,south,bachelor,self_employed,basic,online,False,False,595,4781.31,57248.77,19291.62,0.337,35744.24,0.0626,84,526.6,44234.48,0,4.0,333,8.0,"documentation requirements were typical for this kind of loan. process was fine, nothing exceptional either way. ok experience overall, no strong feelings to share.",,0
ACCT-0001938,2022-02-24,38.0,male,south,high_school,full_time,standard,online,True,False,521,1760.58,20913.52,18037.84,0.8625,27899.72,0.1331,12,2496.03,29952.42,2,1.0,599,7.0,very smooth application process and the agent was helpful.,,0
ACCT-0000359,2024-03-27,48.0,female,south,bachelor,full_time,standard,mobile,True,False,716,8198.41,98673.52,21129.63,0.2141,30666.02,0.1158,84,534.41,44890.67,0,3.0,391,8.0,took longer than expected but got approved in the end.,,0
ACCT-0000300,2024-11-03,18.0,female,south,associate,full_time,basic,branch,False,False,626,3480.2,41607.18,12407.4,0.2982,39372.58,0.0797,12,3424.42,41093.02,1,0.0,936,7.0,"ok experience overall, no strong feelings to share.",,0
ACCT-0002330,2022-05-25,50.0,male,south,bachelor,full_time,premium,mobile,True,False,764,5117.4,61502.14,28165.7,0.458,28837.49,0.0807,36,904.54,32563.61,2,2.0,1077,7.0,rates were competitive and the funds came through quickly.,,0
ACCT-0000640,2022-08-01,49.0,female,south,graduate,full_time,standard,mobile,True,False,690,4116.04,49296.41,18141.27,0.368,50170.56,0.116,36,1656.92,59649.02,1,4.0,865,8.0,took longer than expected but got approved in the end. documentation requirements were typical for this kind of loan.,,0
ACCT-0000411,2022-11-03,29.0,female,northeast,bachelor,full_time,basic,branch,True,True,833,2296.6,27966.18,11681.65,0.4177,25039.74,0.0788,48,609.85,29272.6,1,2.0,579,6.0,documentation requirements were typical for this kind of loan.,,0
ACCT-0000293,2023-02-16,23.0,male,northeast,high_school,full_time,premium,mobile,False,False,658,5750.26,68737.22,12857.06,0.187,26683.69,0.0614,60,517.58,31054.53,0,2.0,1086,7.0,"great customer service, will recommend to friends and family. easy to track payments through the mobile app. very smooth application process and the agent was helpful.",,0
ACCT-0001633,2023-04-23,27.0,male,south,high_school,full_time,basic,agent,True,True,674,3096.84,36730.53,10922.74,0.2974,39060.3,0.1366,24,1869.07,44857.65,1,2.0,1484,5.0,"easy to track payments through the mobile app. great customer service, will recommend to friends and family.",,0
ACCT-0000724,2023-01-14,46.0,female,west,bachelor,part_time,standard,online,True,False,718,3215.35,39062.85,24253.75,0.6209,19446.6,0.06,12,1673.67,20084.09,1,,425,3.0,"ok experience overall, no strong feelings to share. still evaluating against other offers from competitor banks.",,0
ACCT-0002396,2024-10-13,25.0,male,south,associate,full_time,standard,online,True,True,742,4109.07,49007.24,17795.09,0.3631,29811.3,0.0663,84,444.56,37342.8,0,1.0,1250,6.0,"process was fine, nothing exceptional either way.",,0
ACCT-0000347,2022-06-19,40.0,male,pacific,graduate,full_time,basic,online,True,False,715,5259.94,63085.4,10411.01,0.165,16710.13,0.0969,48,421.37,20225.67,0,1.0,373,6.0,"process was fine, nothing exceptional either way. took longer than expected but got approved in the end.",,0
ACCT-0000553,2022-01-22,38.0,male,west,high_school,part_time,basic,mobile,True,False,668,2815.7,33691.6,8031.14,0.2384,22746.19,0.0655,24,1013.8,24331.29,1,1.0,980,6.0,rates were competitive and the funds came through quickly. easy to track payments through the mobile app.,,0
ACCT-0000953,2024-02-15,48.0,male,west,bachelor,self_employed,basic,online,True,False,712,4856.67,58017.56,18310.79,0.3156,59310.2,0.0959,72,1086.5,78228.17,0,1.0,724,8.0,easy to track payments through the mobile app. rates were competitive and the funds came through quickly.,,0
ACCT-0000408,2022-04-02,42.0,female,west,high_school,full_time,basic,branch,False,False,609,4174.32,50267.0,16153.18,0.3213,68416.11,0.129,72,1369.64,98614.37,1,4.0,287,10.0,very smooth application process and the agent was helpful. easy to track payments through the mobile app.,,0
ACCT-0000170,2022-03-24,33.0,male,midwest,bachelor,contract,premium,online,False,True,493,7595.73,90787.75,19210.96,0.2116,32482.75,0.146,12,2925.75,35108.98,2,0.0,474,9.0,rates were competitive and the funds came through quickly.,,0
ACCT-0001537,2023-08-06,40.0,male,midwest,bachelor,full_time,basic,online,True,True,728,3521.61,41880.44,13073.55,0.3122,44564.03,0.11,48,1151.88,55290.35,0,1.0,842,4.0,,,0
ACCT-0001533,2022-06-15,18.0,female,pacific,bachelor,full_time,basic,online,True,False,564,3128.82,37225.02,29994.33,0.8058,18550.22,0.08,48,452.86,21737.31,2,1.0,1269,2.0,support never returned my calls about the missed payment.,2023-10-23,1
ACCT-0001114,2023-12-12,37.0,female,west,high_school,full_time,basic,online,True,False,661,2335.05,27914.03,9094.8,0.3258,19359.3,0.0761,24,872.1,20930.36,0,2.0,1446,5.0,very smooth application process and the agent was helpful.,,0
ACCT-0000298,2024-12-16,33.0,male,midwest,bachelor,full_time,standard,agent,True,False,784,3095.73,36642.92,7536.85,0.2057,45162.52,0.0526,48,1045.3,50174.43,0,0.0,1077,8.0,"transparent fees, no hidden charges that I noticed. easy to track payments through the mobile app.",,0
ACCT-0001386,2024-08-02,39.0,female,south,associate,part_time,standard,mobile,True,True,577,4962.66,59520.9,13163.06,0.2212,25743.24,0.0649,60,503.53,30211.59,0,,296,9.0,very smooth application process and the agent was helpful.,,0
ACCT-0002343,2023-02-01,63.0,male,west,associate,full_time,basic,branch,False,True,726,6895.36,82425.11,23818.25,0.289,92059.03,0.0979,12,8084.26,97011.12,0,0.0,873,7.0,"ok experience overall, no strong feelings to share.",,0
ACCT-0000579,2023-03-23,44.0,female,west,bachelor,part_time,basic,online,True,False,726,5193.99,62581.66,20138.13,0.3218,83533.36,0.089,36,2652.45,95488.11,0,0.0,921,7.0,"easy to track payments through the mobile app. great customer service, will recommend to friends and family.",,0
ACCT-0000199,2023-11-24,55.0,female,west,bachelor,full_time,standard,online,True,True,691,3890.16,46782.73,27793.6,0.5941,13637.47,0.1096,36,446.2,16063.25,1,0.0,1005,6.0,took longer than expected but got approved in the end.,,0
ACCT-0002364,2022-03-01,53.0,female,pacific,bachelor,full_time,basic,mobile,False,True,700,8344.84,99863.32,23290.75,0.2332,99251.03,0.0857,36,3136.47,112912.82,1,2.0,915,6.0,rates were competitive and the funds came through quickly. very smooth application process and the agent was helpful.,,0
ACCT-0002116,2024-08-28,28.0,female,south,associate,part_time,basic,mobile,True,False,630,1354.35,16451.46,10007.72,0.6083,12870.35,0.0961,24,591.56,14197.51,0,2.0,1367,9.0,,,0
ACCT-0002277,2024-08-06,41.0,female,west,graduate,self_employed,standard,agent,True,False,807,7752.54,92682.84,18491.83,0.1995,26694.8,0.0748,12,2315.7,27788.42,0,2.0,1263,8.0,took longer than expected but got approved in the end. still evaluating against other offers from competitor banks.,,0
ACCT-0001263,2023-09-17,44.0,female,midwest,bachelor,contract,standard,online,True,False,465,5477.47,65907.26,22824.72,0.3463,40550.03,0.1409,60,945.5,56729.85,0,,410,7.0,very smooth application process and the agent was helpful. easy to track payments through the mobile app.,,0
ACCT-0002458,2023-01-01,25.0,male,midwest,associate,full_time,premium,online,False,False,820,6294.46,76479.67,17634.05,0.2306,24828.17,0.0465,24,1085.33,26047.9,0,1.0,1481,5.0,"very smooth application process and the agent was helpful. great customer service, will recommend to friends and family.",,0
ACCT-0001778,2022-09-20,52.0,male,pacific,associate,self_employed,premium,online,True,True,705,3085.1,37395.45,18104.92,0.4841,40532.91,0.067,24,1809.24,43421.8,0,3.0,1096,5.0,"process was fine, nothing exceptional either way. took longer than expected but got approved in the end. ok experience overall, no strong feelings to share.",,0
ACCT-0002486,2022-05-20,51.0,male,west,bachelor,contract,standard,agent,True,False,657,6668.29,80123.21,15534.02,0.1939,25519.96,0.0931,12,2235.42,26825.08,2,0.0,720,5.0,"ok experience overall, no strong feelings to share.",,0
ACCT-0000372,2024-07-17,18.0,male,west,associate,self_employed,basic,online,False,True,607,4415.41,52154.11,33770.21,0.6475,44677.18,0.0944,72,815.13,58689.59,0,3.0,734,4.0,easy to track payments through the mobile app. very smooth application process and the agent was helpful.,,0
ACCT-0001940,2024-05-17,41.0,nonbinary,midwest,bachelor,full_time,standard,online,False,False,716,7176.78,86303.7,25118.13,0.291,84633.72,0.073,72,1455.23,104776.81,1,1.0,465,7.0,"ok experience overall, no strong feelings to share. still evaluating against other offers from competitor banks.",,0
ACCT-0000664,2022-06-11,47.0,male,northeast,bachelor,part_time,standard,online,False,False,770,3624.8,43370.29,10367.06,0.239,53028.7,0.069,72,901.61,64916.14,2,0.0,159,7.0,easy to track payments through the mobile app. very smooth application process and the agent was helpful.,,0
ACCT-0000799,2022-08-09,43.0,male,midwest,high_school,contract,basic,branch,True,False,478,3746.96,45330.41,12038.11,0.2656,29547.47,0.1345,12,2645.29,31743.46,0,0.0,554,5.0,rates were competitive and the funds came through quickly. easy to track payments through the mobile app.,,0
ACCT-0000376,2022-07-16,37.0,female,west,bachelor,full_time,basic,online,False,True,474,2643.06,31847.32,11072.71,0.3477,19619.35,0.0968,48,494.59,23740.31,1,0.0,1304,7.0,"great customer service, will recommend to friends and family. transparent fees, no hidden charges that I noticed.",,0
ACCT-0000910,2023-11-04,39.0,male,south,associate,full_time,basic,agent,False,True,681,5831.85,69852.17,15476.99,0.2216,43187.44,0.0636,24,1921.15,46107.59,1,0.0,1044,8.0,"still evaluating against other offers from competitor banks. process was fine, nothing exceptional either way.",,0
ACCT-0001116,2023-02-08,49.0,female,midwest,bachelor,contract,basic,agent,False,True,540,4791.77,57505.04,,0.2376,48682.46,0.1479,72,1023.92,73722.05,0,1.0,1331,6.0,"still evaluating against other offers from competitor banks. process was fine, nothing exceptional either way. documentation requirements were typical for this kind of loan.",,0
ACCT-0001711,2022-12-27,25.0,male,west,graduate,part_time,standard,online,True,True,680,2027.36,24456.24,22014.95,0.9002,19185.12,0.0688,84,288.39,24224.54,0,1.0,151,7.0,"transparent fees, no hidden charges that I noticed.",,0
ACCT-0002286,2023-07-05,31.0,male,midwest,associate,part_time,basic,agent,False,False,613,2888.95,34543.55,19540.94,0.5657,10710.12,0.1055,24,496.95,11926.73,2,,599,6.0,"rates were competitive and the funds came through quickly. easy to track payments through the mobile app. great customer service, will recommend to friends and family.",,0
ACCT-0002200,2023-10-24,40.0,female,west,associate,part_time,standard,online,True,False,678,2562.07,30748.38,8854.51,0.288,39928.42,0.106,72,751.84,54132.61,0,3.0,931,10.0,very smooth application process and the agent was helpful.,,0
ACCT-0002276,2024-06-14,33.0,male,pacific,bachelor,full_time,standard,mobile,False,True,657,10592.55,127457.58,26308.67,0.2064,142840.02,0.0654,48,3390.39,162738.93,0,0.0,1359,8.0,,,0
ACCT-0001012,2023-09-05,40.0,male,south,high_school,full_time,basic,online,False,False,758,9126.09,109223.36,22426.15,0.2053,61330.27,0.066,36,1882.39,67766.14,0,0.0,277,10.0,"transparent fees, no hidden charges that I noticed.",,0
ACCT-0000265,2022-06-21,42.0,male,south,bachelor,full_time,standard,online,True,True,753,4714.57,56914.91,10979.16,0.1929,70710.54,0.0922,60,1475.49,88529.26,1,3.0,231,5.0,"took longer than expected but got approved in the end. still evaluating against other offers from competitor banks. process was fine, nothing exceptional either way.",,0
ACCT-0001677,2022-12-13,44.0,male,pacific,graduate,full_time,basic,mobile,True,False,686,3212.94,38117.09,20569.22,0.5396,14963.94,0.0536,84,214.06,17980.88,3,0.0,1215,6.0,"process was fine, nothing exceptional either way.",,0
ACCT-0001074,2023-08-20,39.0,male,northeast,high_school,full_time,standard,online,True,False,734,5501.03,66359.2,28372.53,0.4276,27437.68,0.1064,12,2420.4,29044.74,1,4.0,1468,,"transparent fees, no hidden charges that I noticed. easy to track payments through the mobile app.",,0
ACCT-0002087,2024-09-19,32.0,male,northeast,graduate,full_time,premium,online,True,False,743,9100.8,109337.93,24815.66,0.227,94010.16,0.0989,24,4333.45,104002.69,0,3.0,211,3.0,"great customer service, will recommend to friends and family. rates were competitive and the funds came through quickly.",,0
ACCT-0000937,2022-01-31,30.0,nonbinary,south,bachelor,full_time,standard,branch,True,False,632,5364.84,64338.76,25564.86,0.3973,58045.92,0.088,60,1199.3,71958.04,1,1.0,906,9.0,very smooth application process and the agent was helpful.,,0
ACCT-0000043,2022-12-10,26.0,male,northeast,associate,full_time,basic,online,True,False,675,5962.71,72343.59,21478.72,0.2969,95506.2,0.0441,72,1511.94,108859.75,1,,402,3.0,"transparent fees, no hidden charges that I noticed. great customer service, will recommend to friends and family.",,0
ACCT-0001517,2023-05-14,37.0,male,south,high_school,full_time,standard,online,False,False,585,3251.86,39026.56,9782.68,0.2507,10719.07,0.1096,36,350.74,12626.82,0,2.0,387,9.0,"easy to track payments through the mobile app. great customer service, will recommend to friends and family. rates were competitive and the funds came through quickly.",,0
ACCT-0002393,2024-11-08,38.0,female,south,bachelor,full_time,standard,mobile,False,False,627,3276.75,39804.15,15927.36,0.4001,20810.91,0.1007,36,672.2,24199.16,0,1.0,1393,8.0,"transparent fees, no hidden charges that I noticed. easy to track payments through the mobile app.",,0
ACCT-0000815,2023-08-26,50.0,female,northeast,high_school,part_time,basic,online,False,True,704,3376.12,40976.41,10035.1,0.2449,10833.95,0.0796,12,942.24,11306.85,1,0.0,1016,6.0,easy to track payments through the mobile app. very smooth application process and the agent was helpful.,,0
ACCT-0000948,2023-12-25,45.0,male,pacific,bachelor,full_time,standard,branch,True,True,650,3617.27,43496.83,18276.88,0.4202,31521.15,0.0967,72,578.8,41673.53,1,0.0,441,5.0,easy to track payments through the mobile app. very smooth application process and the agent was helpful. rates were competitive and the funds came through quickly.,,0
ACCT-0001137,2022-02-12,18.0,male,midwest,high_school,full_time,standard,branch,False,False,721,1721.63,20912.81,,0.9155,23359.5,0.0833,24,1060.05,25441.27,0,4.0,442,4.0,support never returned my calls about the missed payment. interest rate jumped after the first quarter without warning. the agent kept rescheduling and the process took weeks.,2023-02-22,1
ACCT-0000184,2022-03-28,34.0,female,west,bachelor,full_time,standard,online,True,False,554,2710.21,32633.31,18486.67,0.5665,25593.08,0.0647,36,784.05,28225.81,1,0.0,1300,5.0,"transparent fees, no hidden charges that I noticed. rates were competitive and the funds came through quickly. very smooth application process and the agent was helpful.",,0
ACCT-0002053,2023-01-11,47.0,male,south,graduate,contract,premium,mobile,True,False,650,5620.5,67778.81,14416.34,0.2127,29843.16,0.1248,72,590.95,42548.53,1,1.0,1175,10.0,"great customer service, will recommend to friends and family. very smooth application process and the agent was helpful. easy to track payments through the mobile app.",,0
ACCT-0001173,2022-06-20,28.0,male,midwest,bachelor,full_time,premium,agent,False,True,751,4556.58,54697.04,10917.89,0.1996,72829.69,0.095,72,1330.97,95830.13,1,4.0,126,,"ok experience overall, no strong feelings to share.",,0
ACCT-0002395,2024-11-20,36.0,female,northeast,associate,full_time,premium,mobile,True,False,445,3066.71,36791.43,23939.37,0.6507,15592.06,0.1118,12,1379.34,16552.11,0,0.0,626,10.0,"documentation requirements were typical for this kind of loan. ok experience overall, no strong feelings to share.",,0
ACCT-0002251,2024-11-03,19.0,female,midwest,bachelor,full_time,standard,branch,False,False,710,3620.43,43753.77,15008.91,0.343,37034.23,0.0961,48,932.29,44749.71,2,1.0,1474,10.0,very smooth application process and the agent was helpful. easy to track payments through the mobile app. rates were competitive and the funds came through quickly.,,0
ACCT-0000239,2024-11-01,20.0,male,midwest,bachelor,self_employed,basic,online,False,True,735,7968.46,95406.3,19528.88,0.2047,91949.45,0.0661,84,1370.13,115091.16,0,2.0,1092,0.0,"transparent fees, no hidden charges that I noticed. easy to track payments through the mobile app.",,0
ACCT-0002470,2022-05-05,45.0,male,midwest,high_school,self_employed,basic,mobile,True,True,639,2993.62,36105.42,14236.62,0.3943,49343.34,0.0967,24,2269.39,54465.46,0,3.0,1255,3.0,very smooth application process and the agent was helpful. rates were competitive and the funds came through quickly.,,0
ACCT-0000060,2023-02-26,43.0,male,south,bachelor,part_time,standard,branch,True,False,782,3308.91,39986.86,9219.44,0.2306,55300.04,0.0831,36,1740.89,62672.06,2,1.0,838,6.0,the autopay system charged me twice in the same month. support never returned my calls about the missed payment.,2023-08-19,1
ACCT-0001353,2023-01-10,51.0,female,south,associate,full_time,basic,mobile,False,False,766,5451.25,65816.74,13710.53,0.2083,79420.25,0.0595,72,1314.17,94620.45,0,2.0,1143,9.0,"easy to track payments through the mobile app. very smooth application process and the agent was helpful. transparent fees, no hidden charges that I noticed.",,0
ACCT-0001996,2023-04-05,38.0,female,south,graduate,part_time,premium,online,True,False,731,5822.96,69973.38,15113.48,0.216,72886.32,0.0905,12,6375.81,76509.74,0,4.0,672,7.0,documentation requirements were typical for this kind of loan.,,0
ACCT-0001621,2022-03-16,41.0,female,midwest,bachelor,full_time,standard,online,True,False,756,4433.14,53278.84,22247.39,0.4176,51065.42,0.0747,60,1022.45,61347.22,0,2.0,822,7.0,"rates were competitive and the funds came through quickly. great customer service, will recommend to friends and family. very smooth application process and the agent was helpful.",,0
ACCT-0000961,2022-07-14,61.0,female,midwest,bachelor,full_time,basic,online,True,False,546,3061.02,36811.39,19144.71,0.5201,16005.63,0.0992,84,265.03,22262.25,1,0.0,1153,4.0,"transparent fees, no hidden charges that I noticed.",,0
ACCT-0001863,2023-05-31,32.0,male,pacific,graduate,self_employed,basic,online,True,False,648,3273.19,39496.44,13269.16,0.336,29039.9,0.1254,60,653.86,39231.87,0,1.0,1249,6.0,"great customer service, will recommend to friends and family. transparent fees, no hidden charges that I noticed.",,0
ACCT-0002118,2024-04-29,20.0,male,south,bachelor,full_time,standard,online,True,False,646,6220.41,74270.24,33136.66,0.4462,55164.7,0.0894,84,885.93,74418.29,1,1.0,1144,8.0,still evaluating against other offers from competitor banks. took longer than expected but got approved in the end.,,0
ACCT-0000368,2024-02-08,63.0,female,midwest,high_school,full_time,basic,online,True,True,808,11094.07,132919.35,25352.42,0.1907,176075.36,0.0693,60,3480.95,208856.99,0,0.0,1269,5.0,still evaluating against other offers from competitor banks. took longer than expected but got approved in the end.,,0
ACCT-0002279,2022-03-05,34.0,female,northeast,bachelor,full_time,basic,online,False,False,819,4698.32,56061.97,17610.63,0.3141,50062.79,0.0818,72,882.25,63522.06,2,2.0,534,3.0,"process was fine, nothing exceptional either way.",,0
ACCT-0000892,2022-05-20,18.0,female,west,bachelor,part_time,basic,branch,True,False,580,1616.76,19327.88,4671.35,0.2417,21234.47,0.1,48,538.53,25849.44,0,0.0,415,5.0,rates were competitive and the funds came through quickly. easy to track payments through the mobile app.,,0
ACCT-0001267,2024-10-11,19.0,male,south,bachelor,self_employed,basic,mobile,True,False,720,5916.88,70866.94,14356.63,0.2026,80836.78,0.1238,72,1596.39,114940.29,2,1.0,1101,8.0,"documentation requirements were typical for this kind of loan. ok experience overall, no strong feelings to share. took longer than expected but got approved in the end.",,0
ACCT-0000760,2022-12-15,54.0,female,northeast,bachelor,full_time,basic,branch,False,False,703,4304.06,51867.8,19200.58,0.3702,30407.95,0.0499,12,2603.03,31236.38,0,0.0,1333,4.0,"transparent fees, no hidden charges that I noticed.",,0
ACCT-0001250,2024-09-29,52.0,male,west,graduate,full_time,standard,online,False,False,797,2868.19,34066.83,7556.37,0.2218,44309.7,0.0685,48,1057.91,50779.46,0,1.0,398,10.0,,,0
ACCT-0002091,2023-08-04,52.0,male,northeast,bachelor,contract,standard,online,False,True,615,4845.75,57806.71,14498.08,0.2508,25725.3,0.112,24,1201.45,28834.73,0,1.0,113,7.0,"easy to track payments through the mobile app. great customer service, will recommend to friends and family.",,0
ACCT-0002137,2022-10-28,41.0,female,midwest,bachelor,full_time,standard,online,True,False,694,4637.19,55865.22,13440.58,0.2406,65828.69,0.0766,84,1014.76,85239.63,1,0.0,292,10.0,"great customer service, will recommend to friends and family.",,0
ACCT-0000564,2023-09-13,47.0,female,northeast,associate,full_time,basic,branch,True,False,653,5088.08,61510.17,34327.16,0.5581,23616.76,0.0369,24,1022.32,24535.7,2,0.0,288,8.0,support never returned my calls about the missed payment.,2025-01-06,1
ACCT-0001451,2023-10-24,27.0,male,midwest,graduate,full_time,standard,online,True,False,762,4156.75,50326.39,9233.16,0.1835,33446.86,0.1194,48,879.88,42234.07,0,1.0,755,6.0,"took longer than expected but got approved in the end. ok experience overall, no strong feelings to share.",,0
ACCT-0002020,2022-07-04,19.0,male,northeast,bachelor,full_time,standard,online,True,False,733,4534.21,54704.5,9090.92,0.1662,50979.48,0.1224,84,906.51,76146.48,0,5.0,521,0.0,"ok experience overall, no strong feelings to share. process was fine, nothing exceptional either way.",,0
ACCT-0000099,2024-09-30,,male,south,bachelor,contract,standard,branch,True,False,593,3446.45,41242.3,17714.08,0.4295,30187.19,0.1013,84,503.14,42263.93,1,0.0,700,6.0,"process was fine, nothing exceptional either way.",,0
ACCT-0001947,2023-08-09,20.0,male,south,associate,full_time,basic,online,True,True,722,4835.23,58045.13,13690.93,0.2359,31792.97,0.1047,24,1473.98,35375.64,0,0.0,436,4.0,"transparent fees, no hidden charges that I noticed. easy to track payments through the mobile app.",,0
ACCT-0000780,2024-11-07,54.0,nonbinary,south,bachelor,full_time,standard,branch,True,True,718,2656.65,32049.98,9709.18,0.3029,32037.66,0.0445,84,444.66,37351.3,1,0.0,967,10.0,"took longer than expected but got approved in the end. process was fine, nothing exceptional either way.",,0
ACCT-0000749,2024-01-30,18.0,female,south,high_school,contract,standard,online,True,False,645,3028.88,36272.58,7993.65,0.2204,28371.68,0.0628,24,1261.02,30264.42,2,0.0,265,5.0,"easy to track payments through the mobile app. very smooth application process and the agent was helpful. great customer service, will recommend to friends and family.",,0
ACCT-0000777,2024-12-23,32.0,male,west,bachelor,part_time,basic,online,True,False,706,2805.99,33448.91,13738.14,0.4107,44363.44,0.0658,60,869.62,52177.26,0,1.0,1295,6.0,documentation requirements were typical for this kind of loan. still evaluating against other offers from competitor banks.,,0
ACCT-0000339,2022-04-13,49.0,female,south,associate,full_time,standard,mobile,True,False,845,6772.18,81289.02,26711.75,0.3286,87580.91,0.0478,12,7488.79,89865.46,0,2.0,950,,still evaluating against other offers from competitor banks.,,0
ACCT-0001388,2023-05-10,28.0,female,pacific,high_school,full_time,basic,mobile,True,False,591,10736.29,128839.15,28193.08,0.2188,72440.82,0.0678,60,1426.93,85616.03,0,,1233,6.0,"very smooth application process and the agent was helpful. transparent fees, no hidden charges that I noticed.",,0
ACCT-0002187,2023-03-08,43.0,male,west,high_school,full_time,basic,branch,True,True,850,4253.05,51372.38,8060.78,0.1569,60404.59,0.0867,48,1493.66,71695.52,0,0.0,319,3.0,very smooth application process and the agent was helpful. easy to track payments through the mobile app.,,0
ACCT-0000550,2023-03-18,52.0,male,pacific,bachelor,full_time,premium,online,True,True,850,5463.5,65343.2,21719.81,0.3324,48982.39,0.0632,36,1497.14,53897.13,0,0.0,762,6.0,"documentation requirements were typical for this kind of loan. process was fine, nothing exceptional either way. still evaluating against other offers from competitor banks.",,0
ACCT-0001867,2023-10-21,28.0,male,west,bachelor,full_time,basic,online,True,False,722,7157.89,85633.8,18125.54,0.2117,51890.03,0.072,72,889.73,64060.33,1,0.0,1264,5.0,"transparent fees, no hidden charges that I noticed. easy to track payments through the mobile app.",,0
ACCT-0002245,2023-11-13,38.0,male,northeast,high_school,full_time,basic,branch,False,False,660,2786.53,33418.98,5485.04,0.1641,18522.22,0.0943,36,592.72,21337.88,0,0.0,134,5.0,"great customer service, will recommend to friends and family. rates were competitive and the funds came through quickly. very smooth application process and the agent was helpful.",,0
ACCT-0002328,2024-05-04,25.0,female,west,bachelor,full_time,standard,branch,True,False,709,3950.49,46911.69,13611.64,0.2902,46137.75,0.0408,60,851.47,51088.05,1,1.0,275,6.0,"transparent fees, no hidden charges that I noticed. rates were competitive and the funds came through quickly.",,0
ACCT-0002019,2023-11-09,47.0,male,pacific,associate,contract,basic,mobile,True,False,736,7167.51,85884.72,25205.67,0.2935,77177.78,0.0989,48,1953.31,93758.96,0,1.0,933,4.0,"took longer than expected but got approved in the end. process was fine, nothing exceptional either way.",,0
ACCT-0001256,2023-10-11,60.0,nonbinary,pacific,associate,full_time,standard,agent,True,True,671,3415.65,41494.76,10786.55,0.2599,37210.85,0.0622,60,723.19,43391.21,1,1.0,1248,10.0,"transparent fees, no hidden charges that I noticed. great customer service, will recommend to friends and family. rates were competitive and the funds came through quickly.",,0
ACCT-0002371,2022-05-16,39.0,male,pacific,graduate,full_time,standard,branch,True,False,730,4963.2,59715.07,10115.45,0.1694,32064.18,0.07,48,767.75,36852.0,0,1.0,1481,2.0,rates were competitive and the funds came through quickly. easy to track payments through the mobile app.,,0
ACCT-0000470,2023-12-22,67.0,female,northeast,graduate,full_time,standard,mobile,False,False,683,5318.12,64459.75,16879.85,0.2619,20376.53,0.0753,36,634.15,22829.31,0,1.0,924,8.0,"transparent fees, no hidden charges that I noticed. easy to track payments through the mobile app.",,0
ACCT-0000837,2022-06-11,43.0,female,west,associate,part_time,premium,online,True,False,669,3922.19,46885.17,11668.46,0.2489,15862.92,0.1131,48,412.39,19794.87,0,3.0,565,7.0,"ok experience overall, no strong feelings to share. took longer than expected but got approved in the end.",,0
ACCT-0001146,2024-06-04,52.0,male,west,bachelor,full_time,basic,branch,False,True,541,3413.33,40860.26,23704.16,0.5801,24076.09,0.1522,84,467.59,39277.79,0,1.0,616,4.0,"took longer than expected but got approved in the end. process was fine, nothing exceptional either way.",,0
ACCT-0001718,2024-02-26,44.0,female,pacific,bachelor,full_time,standard,online,False,False,560,8984.51,108090.7,33687.3,0.3117,143126.13,0.0938,72,2607.08,187709.5,0,3.0,1193,8.0,support never returned my calls about the missed payment.,2024-07-26,1
ACCT-0000695,2024-02-14,33.0,female,midwest,bachelor,full_time,basic,online,False,False,744,3174.07,38554.11,11193.33,0.2903,44652.37,0.0523,36,1342.87,48343.24,0,1.0,634,6.0,"transparent fees, no hidden charges that I noticed. great customer service, will recommend to friends and family.",,0
ACCT-0001606,2023-12-08,30.0,female,south,graduate,full_time,standard,branch,False,True,632,5415.8,65038.05,10236.94,0.1574,50100.51,0.1137,24,2343.77,56250.54,0,,260,2.0,"transparent fees, no hidden charges that I noticed. very smooth application process and the agent was helpful.",,0
ACCT-0002248,2023-02-28,34.0,male,south,bachelor,self_employed,basic,online,False,False,672,4842.44,58209.15,,0.3519,27083.78,0.1046,72,508.0,36575.67,0,0.0,915,5.0,"transparent fees, no hidden charges that I noticed. very smooth application process and the agent was helpful.",,0
ACCT-0001261,2023-10-05,32.0,female,south,associate,self_employed,basic,online,False,False,727,4502.45,53858.9,18807.73,0.3492,51796.47,0.0886,84,829.71,69695.62,2,4.0,1032,3.0,"process was fine, nothing exceptional either way. ok experience overall, no strong feelings to share.",,0
ACCT-0000698,2024-07-16,28.0,male,south,associate,full_time,standard,mobile,True,True,757,2868.0,34231.02,13752.48,0.4018,24827.97,0.1017,84,414.32,34802.84,5,2.0,1490,4.0,documentation requirements were typical for this kind of loan.,,0
ACCT-0000105,2022-01-29,44.0,female,northeast,high_school,contract,premium,mobile,True,False,488,2790.33,33324.25,19417.17,0.5827,8959.91,0.1695,12,816.98,9803.8,1,3.0,533,8.0,"process was fine, nothing exceptional either way. documentation requirements were typical for this kind of loan.",2022-07-10,1
ACCT-0001092,2022-02-11,45.0,male,south,bachelor,full_time,basic,online,False,False,589,4631.73,56061.95,13947.71,0.2488,46783.01,0.1144,60,1027.45,61647.09,1,1.0,860,8.0,very smooth application process and the agent was helpful.,,0
ACCT-0001176,2023-08-26,32.0,male,west,bachelor,full_time,basic,online,False,False,724,6661.33,79992.54,19017.89,0.2377,101552.46,0.0595,84,1480.9,124395.45,1,1.0,422,10.0,very smooth application process and the agent was helpful.,,0
ACCT-0001091,2024-04-06,34.0,male,south,bachelor,contract,basic,branch,False,True,573,2736.99,32311.85,7973.61,0.2468,44554.5,0.1266,48,1187.69,57009.14,3,0.0,205,2.0,easy to track payments through the mobile app.,,0
ACCT-0002312,2023-08-07,51.0,male,west,high_school,full_time,basic,mobile,True,False,634,5370.72,64499.7,19715.78,0.3057,75773.7,0.1145,12,6712.93,80555.21,0,2.0,536,6.0,rates were competitive and the funds came through quickly. very smooth application process and the agent was helpful.,,0
ACCT-0000945,2024-05-15,48.0,male,northeast,bachelor,self_employed,basic,agent,True,False,625,2620.56,31576.75,14241.53,0.451,8889.43,0.1265,84,160.04,13443.11,3,3.0,707,6.0,"process was fine, nothing exceptional either way.",,0
ACCT-0000687,2024-12-27,22.0,male,south,bachelor,full_time,standard,online,True,False,761,4020.12,48259.66,14896.28,0.3087,63241.11,0.0802,12,5501.77,66021.29,1,1.0,761,6.0,"very smooth application process and the agent was helpful. great customer service, will recommend to friends and family.",,0
ACCT-0001412,2024-03-28,52.0,female,northeast,graduate,part_time,basic,mobile,False,False,719,9779.75,117119.92,25411.01,0.217,119033.82,0.1182,84,2089.62,175528.36,1,0.0,784,10.0,very smooth application process and the agent was helpful. easy to track payments through the mobile app.,,0
ACCT-0001047,2022-09-29,43.0,female,west,bachelor,full_time,premium,online,False,False,786,10919.29,131034.92,39429.71,0.3009,135715.1,0.1065,12,11972.43,143669.13,1,2.0,1247,7.0,"easy to track payments through the mobile app. transparent fees, no hidden charges that I noticed.",,0
ACCT-0000132,2024-08-06,37.0,male,south,bachelor,self_employed,basic,online,True,True,572,2885.33,34569.59,12981.18,0.3755,39812.99,0.1339,36,1349.02,48564.59,1,2.0,1413,7.0,documentation requirements were typical for this kind of loan.,2025-03-29,1
ACCT-0002016,2023-07-26,47.0,male,midwest,bachelor,full_time,basic,branch,True,False,699,6234.59,74986.4,29538.61,0.3939,83730.44,0.111,72,1598.04,115059.06,1,1.0,454,5.0,still evaluating against other offers from competitor banks. took longer than expected but got approved in the end.,,0
ACCT-0001326,2023-03-12,32.0,female,south,bachelor,self_employed,basic,online,False,True,696,2876.61,34361.94,,0.4687,15479.04,0.0584,24,684.9,16437.49,3,2.0,722,5.0,"transparent fees, no hidden charges that I noticed. easy to track payments through the mobile app. rates were competitive and the funds came through quickly.",,0
ACCT-0001974,2024-11-11,28.0,female,west,high_school,part_time,basic,branch,True,False,575,6498.32,78107.85,27657.33,0.3541,55383.58,0.117,72,1074.25,77346.09,0,1.0,1328,6.0,"great customer service, will recommend to friends and family.",,0
ACCT-0000802,2022-04-27,34.0,male,west,high_school,full_time,basic,mobile,True,True,727,3767.48,45087.59,15310.13,0.3396,56055.53,0.0916,24,2565.1,61562.28,0,1.0,1000,10.0,rates were competitive and the funds came through quickly. very smooth application process and the agent was helpful. easy to track payments through the mobile app.,,0
ACCT-0002038,2023-12-05,46.0,male,south,bachelor,full_time,premium,online,False,False,732,7358.0,87844.85,16854.71,0.1919,60291.84,0.068,24,2694.01,64656.25,0,1.0,1010,,"rates were competitive and the funds came through quickly. very smooth application process and the agent was helpful. transparent fees, no hidden charges that I noticed.",,0
ACCT-0002081,2023-06-20,28.0,female,northeast,bachelor,full_time,standard,branch,False,False,666,7654.97,91687.72,24343.03,0.2655,43742.19,0.0887,48,1085.87,52121.67,0,0.0,422,10.0,"took longer than expected but got approved in the end. ok experience overall, no strong feelings to share.",,0
ACCT-0000138,2024-10-16,50.0,male,south,high_school,full_time,basic,online,True,False,753,4962.92,59805.1,19961.76,0.3338,34622.71,0.0595,12,2978.99,35747.89,1,1.0,1331,2.0,easy to track payments through the mobile app. rates were competitive and the funds came through quickly.,,0
ACCT-0000465,2023-08-20,25.0,male,northeast,bachelor,full_time,standard,mobile,False,False,752,9118.65,109658.29,33351.64,0.3041,79271.22,0.0697,84,1195.1,100388.52,0,2.0,275,8.0,"very smooth application process and the agent was helpful. transparent fees, no hidden charges that I noticed.",,0
ACCT-0001293,2024-08-13,37.0,female,northeast,graduate,full_time,premium,online,True,False,637,4896.0,58764.0,14742.63,0.2509,19899.27,0.1033,84,333.76,28035.61,0,2.0,1453,4.0,"transparent fees, no hidden charges that I noticed.",,0
ACCT-0000071,2023-09-27,40.0,female,northeast,bachelor,full_time,standard,online,True,False,673,5802.03,69090.52,12163.26,0.176,90626.64,0.0821,24,4107.43,98578.44,1,1.0,1034,10.0,rates were competitive and the funds came through quickly.,,0
ACCT-0000449,2024-05-11,47.0,male,pacific,bachelor,full_time,basic,branch,True,False,741,3802.68,45620.9,15037.27,0.3296,31166.94,0.0818,72,549.2,39542.32,2,0.0,1234,8.0,"ok experience overall, no strong feelings to share. took longer than expected but got approved in the end.",2024-11-16,1
ACCT-0000452,2022-03-22,36.0,male,south,graduate,full_time,standard,online,False,False,614,5042.84,60503.18,19377.55,0.3203,42113.14,0.0951,24,1933.84,46412.27,0,,247,5.0,"easy to track payments through the mobile app. very smooth application process and the agent was helpful. transparent fees, no hidden charges that I noticed.",,0
ACCT-0000656,2023-09-20,34.0,female,south,graduate,contract,basic,branch,True,True,570,3157.96,37938.95,6271.63,0.1653,18580.04,0.1019,12,1635.13,19621.61,0,0.0,689,,"ok experience overall, no strong feelings to share.",,0
ACCT-0001448,2022-04-23,36.0,male,northeast,bachelor,self_employed,premium,online,False,False,743,3943.07,46998.13,16185.57,0.3444,62732.85,0.087,72,1121.4,80740.94,0,1.0,153,4.0,"support never returned my calls about the missed payment. fees were not explained clearly upfront, very disappointing.",2023-06-19,1
ACCT-0001376,2023-05-27,47.0,male,west,high_school,full_time,basic,branch,False,False,732,4166.91,49969.34,17138.92,0.343,20597.22,0.0973,24,947.86,22748.7,1,3.0,1409,6.0,the autopay system charged me twice in the same month. interest rate jumped after the first quarter without warning. support never returned my calls about the missed payment.,2024-07-21,1
ACCT-0001216,2024-04-24,39.0,female,south,bachelor,full_time,standard,mobile,False,False,691,10535.15,126332.24,29727.2,0.2353,98708.82,0.0774,84,1525.97,128181.48,1,0.0,1462,7.0,"transparent fees, no hidden charges that I noticed. very smooth application process and the agent was helpful. great customer service, will recommend to friends and family.",,0
ACCT-0002196,2023-09-12,52.0,male,midwest,associate,full_time,basic,branch,True,False,630,4309.34,51935.99,8867.38,0.1707,56084.51,0.1019,24,2593.0,62232.12,1,2.0,1126,6.0,"ok experience overall, no strong feelings to share.",,0
ACCT-0000143,2022-07-05,42.0,female,midwest,associate,full_time,basic,mobile,True,True,742,3391.49,40771.96,25872.52,0.6346,33067.08,0.0744,36,1027.71,36997.59,2,1.0,332,7.0,"transparent fees, no hidden charges that I noticed. rates were competitive and the funds came through quickly.",,0
ACCT-0000320,2022-09-21,22.0,male,west,bachelor,contract,standard,online,False,False,597,3638.03,43201.54,9932.8,0.2299,21453.19,0.1156,72,414.48,29842.88,0,1.0,1331,6.0,took longer than expected but got approved in the end. still evaluating against other offers from competitor banks.,,0
ACCT-0001512,2023-01-11,36.0,female,northeast,graduate,part_time,basic,online,True,True,622,3680.26,44159.99,17073.27,0.3866,41343.65,0.0875,36,1309.82,47153.68,2,2.0,1367,3.0,very smooth application process and the agent was helpful. easy to track payments through the mobile app.,,0
ACCT-0001986,2022-04-18,29.0,male,south,bachelor,self_employed,standard,online,False,False,619,3503.76,42257.6,21350.39,0.5052,19487.03,0.0804,48,476.13,22854.48,0,1.0,1182,7.0,"very smooth application process and the agent was helpful. great customer service, will recommend to friends and family.",,0
ACCT-0001360,2022-06-09,29.0,female,northeast,bachelor,part_time,basic,mobile,True,True,778,3667.86,44537.5,10903.2,0.2448,33377.48,0.074,48,805.43,38660.67,0,1.0,1118,8.0,easy to track payments through the mobile app. very smooth application process and the agent was helpful.,,0
ACCT-0000229,2022-08-29,28.0,male,northeast,graduate,full_time,basic,mobile,False,False,743,2458.3,29454.04,9785.65,0.3322,35539.19,0.0714,60,706.08,42364.64,1,0.0,776,8.0,,,0
ACCT-0000430,2023-04-13,36.0,male,west,graduate,full_time,basic,agent,True,False,658,9727.3,116994.61,20058.67,0.1714,147797.13,0.1225,48,3909.98,187679.0,1,0.0,334,9.0,"transparent fees, no hidden charges that I noticed. rates were competitive and the funds came through quickly.",,0
ACCT-0002242,2024-11-05,30.0,female,northeast,associate,full_time,basic,branch,False,False,833,5267.78,63317.6,20237.41,0.3196,41125.04,0.0852,48,1014.13,48678.16,0,2.0,1164,,rates were competitive and the funds came through quickly. very smooth application process and the agent was helpful.,,0
ACCT-0001240,2022-07-16,32.0,female,west,graduate,self_employed,standard,online,True,False,617,3430.04,40815.5,24003.62,0.5881,41908.04,0.1091,60,909.38,54562.66,3,2.0,209,8.0,still evaluating against other offers from competitor banks.,,0
ACCT-0001227,2023-09-16,37.0,female,midwest,high_school,full_time,basic,online,True,False,780,2615.65,31909.72,20146.36,0.6314,24379.35,0.0532,36,734.13,26428.52,0,0.0,902,3.0,easy to track payments through the mobile app.,,0
ACCT-0001117,2024-09-19,26.0,male,south,associate,full_time,standard,mobile,True,False,695,6889.22,83175.0,26402.28,0.3174,47291.75,0.0709,60,938.54,56312.47,1,1.0,887,8.0,documentation requirements were typical for this kind of loan. still evaluating against other offers from competitor banks.,,0
ACCT-0001309,2024-08-14,18.0,male,south,bachelor,contract,basic,agent,True,False,634,3747.43,44735.75,8011.93,0.1791,33686.52,0.0796,24,1522.99,36551.67,0,3.0,1498,8.0,"process was fine, nothing exceptional either way.",2025-01-06,1
ACCT-0001339,2022-01-29,40.0,female,south,bachelor,part_time,standard,online,True,False,708,3760.96,44865.28,8642.0,0.1926,12336.64,0.1088,36,403.2,14515.09,0,1.0,1337,10.0,"great customer service, will recommend to friends and family. easy to track payments through the mobile app.",,0
ACCT-0001946,2022-12-01,32.0,female,midwest,bachelor,full_time,premium,online,True,False,652,1961.85,23454.06,13613.61,0.5804,18009.06,0.0829,48,442.09,21220.43,1,0.0,671,8.0,took longer than expected but got approved in the end. documentation requirements were typical for this kind of loan.,,0
ACCT-0001223,2023-02-07,40.0,female,south,bachelor,self_employed,standard,online,False,False,635,4369.05,52503.17,10177.03,0.1938,28066.51,0.0848,60,575.54,34532.48,0,1.0,223,6.0,"took longer than expected but got approved in the end. ok experience overall, no strong feelings to share.",,0
ACCT-0001396,2024-07-20,22.0,female,south,bachelor,self_employed,basic,online,True,True,741,4237.15,50416.93,21447.81,0.4254,59308.99,0.061,36,1806.91,65048.64,0,1.0,291,4.0,easy to track payments through the mobile app. rates were competitive and the funds came through quickly.,,0
ACCT-0001804,2022-09-23,66.0,male,northeast,high_school,full_time,standard,mobile,True,False,617,3426.54,41243.58,18421.46,0.4467,28899.99,0.1334,60,662.55,39753.27,1,1.0,910,5.0,documentation requirements were typical for this kind of loan. took longer than expected but got approved in the end.,,0
ACCT-0000441,2023-07-25,27.0,female,northeast,bachelor,contract,premium,online,True,True,716,6667.29,80127.16,15545.09,0.194,70221.48,0.1154,48,1833.4,88003.23,1,,1468,3.0,"great customer service, will recommend to friends and family. very smooth application process and the agent was helpful. transparent fees, no hidden charges that I noticed.",,0
ACCT-0000537,2023-05-05,40.0,female,south,graduate,full_time,premium,mobile,True,False,642,2672.07,32101.78,16012.12,0.4988,44068.43,0.062,12,3796.92,45563.01,1,1.0,38,9.0,still evaluating against other offers from competitor banks.,,0
ACCT-0000801,2022-10-31,36.0,female,midwest,bachelor,full_time,basic,mobile,False,False,743,2956.36,35385.93,14902.61,0.4211,47401.64,0.0819,24,2148.0,51552.06,0,1.0,1378,5.0,easy to track payments through the mobile app. rates were competitive and the funds came through quickly. very smooth application process and the agent was helpful.,,0
ACCT-0000507,2022-09-23,34.0,male,northeast,bachelor,self_employed,standard,online,False,False,692,8748.12,105193.65,,0.1711,499916.20000000007,0.0545,60,9537.64,572256.5800000001,0,4.0,150,10.0,"great customer service, will recommend to friends and family. very smooth application process and the agent was helpful.",,0
ACCT-0002274,2022-09-05,28.0,male,pacific,bachelor,part_time,basic,mobile,True,True,454,3275.48,39704.37,16233.29,0.4089,21988.57,0.1233,60,492.74,29564.6,3,1.0,343,2.0,"great customer service, will recommend to friends and family.",,0
ACCT-0000345,2022-04-13,44.0,male,south,graduate,self_employed,premium,online,False,False,653,5360.96,64681.58,12591.76,0.1947,49572.48,0.0996,84,821.94,69042.55,0,2.0,853,4.0,"great customer service, will recommend to friends and family.",,0
ACCT-0001802,2024-01-27,34.0,male,south,bachelor,full_time,basic,online,True,False,718,3008.18,35753.78,7810.79,0.2185,23484.05,0.0765,84,361.9,30399.83,1,1.0,1292,,rates were competitive and the funds came through quickly. very smooth application process and the agent was helpful. easy to track payments through the mobile app.,,0
ACCT-0000774,2023-01-01,69.0,male,west,bachelor,part_time,basic,online,True,True,673,3586.46,42782.93,10720.85,0.2506,56583.95,0.1186,24,2659.85,63836.4,0,3.0,365,7.0,documentation requirements were typical for this kind of loan.,,0
ACCT-0000554,2024-08-30,55.0,male,northeast,associate,self_employed,standard,online,True,True,650,3405.35,41079.9,8775.84,0.2136,49762.46,0.1025,84,832.57,69935.95,1,1.0,724,6.0,still evaluating against other offers from competitor banks. documentation requirements were typical for this kind of loan.,,0
ACCT-0001657,2023-11-13,42.0,female,midwest,bachelor,full_time,standard,branch,True,True,798,7280.75,87164.83,21595.11,0.2478,99524.64,0.0486,48,2285.67,109712.2,1,1.0,125,5.0,"transparent fees, no hidden charges that I noticed.",,0
ACCT-0002085,2022-03-21,48.0,female,south,graduate,part_time,premium,online,False,False,663,8763.65,105025.16,34909.83,0.3324,84117.48,0.0846,48,2071.8,99446.31,0,5.0,1155,10.0,"easy to track payments through the mobile app. rates were competitive and the funds came through quickly. great customer service, will recommend to friends and family.",,0
ACCT-0000194,2023-05-23,43.0,male,northeast,high_school,full_time,premium,mobile,True,True,624,3261.68,39406.25,19866.81,0.5042,18028.89,0.1026,12,1587.19,19046.25,4,1.0,1383,6.0,"great customer service, will recommend to friends and family.",,0
ACCT-0000911,2024-02-09,33.0,female,west,bachelor,self_employed,standard,online,True,False,792,10244.55,123263.92,26514.48,0.2151,42092.53,0.0351,72,649.18,46740.92,0,2.0,1265,7.0,"ok experience overall, no strong feelings to share. documentation requirements were typical for this kind of loan.",,0
ACCT-0000083,2023-04-26,36.0,male,west,bachelor,part_time,standard,mobile,False,False,713,6145.05,73586.28,,0.33,40923.13,0.0697,60,809.84,48590.49,1,0.0,220,7.0,"easy to track payments through the mobile app. transparent fees, no hidden charges that I noticed. rates were competitive and the funds came through quickly.",,0
ACCT-0000003,2024-07-27,47.0,female,pacific,bachelor,full_time,basic,mobile,True,False,687,5431.07,65085.05,11010.19,0.1692,56513.64,0.0545,24,2490.68,59776.29,0,0.0,1464,3.0,"rates were competitive and the funds came through quickly. transparent fees, no hidden charges that I noticed.",,0
ACCT-0001716,2022-08-27,40.0,male,northeast,bachelor,full_time,basic,agent,False,False,682,5895.6,70636.25,43969.61,0.6225,73385.01,0.0814,48,1796.33,86223.93,2,0.0,1033,5.0,rates were competitive and the funds came through quickly.,,0
ACCT-0002113,2022-03-13,35.0,male,south,bachelor,full_time,basic,mobile,False,False,773,2536.69,30536.05,11028.17,0.3612,23144.85,0.1001,48,587.07,28179.56,1,2.0,1400,4.0,took longer than expected but got approved in the end.,,0
ACCT-0000050,2024-06-12,38.0,male,northeast,bachelor,part_time,basic,mobile,True,True,612,9928.78,119375.76,21538.51,0.1804,138128.02,0.0992,24,6368.49,152843.88,0,0.0,959,,very smooth application process and the agent was helpful. rates were competitive and the funds came through quickly. easy to track payments through the mobile app.,,0
ACCT-0001199,2022-07-22,31.0,female,south,associate,self_employed,standard,mobile,False,False,642,7062.25,84559.81,23762.09,0.281,110504.17,0.1103,84,1893.62,159063.9,0,1.0,541,4.0,"rates were competitive and the funds came through quickly. transparent fees, no hidden charges that I noticed.",,0
ACCT-0001881,2024-08-03,22.0,male,west,bachelor,full_time,standard,online,True,True,614,2997.47,35998.77,7906.63,0.2196,17316.02,0.0913,84,279.73,23497.24,2,0.0,1465,6.0,"very smooth application process and the agent was helpful. great customer service, will recommend to friends and family. easy to track payments through the mobile app.",,0
ACCT-0002023,2023-02-12,18.0,male,west,high_school,full_time,premium,mobile,False,True,672,6511.03,78017.34,12504.11,0.1603,78957.14,0.1203,36,2623.64,94451.15,0,1.0,655,1.0,,,0
ACCT-0002236,2022-06-25,50.0,female,midwest,associate,full_time,premium,mobile,True,False,643,7215.35,86331.74,21472.44,0.2487,38368.43,0.0954,12,3365.05,40380.61,0,1.0,388,7.0,very smooth application process and the agent was helpful. easy to track payments through the mobile app.,,0
ACCT-0002392,2024-10-14,45.0,female,west,bachelor,full_time,basic,online,True,False,717,4161.72,49524.37,16135.62,0.3258,36290.24,0.0582,24,1605.51,38532.35,1,1.0,604,5.0,rates were competitive and the funds came through quickly.,,0
ACCT-0000272,2024-09-22,30.0,female,pacific,graduate,full_time,basic,branch,False,False,733,7404.52,89213.73,23372.32,0.262,73838.39,0.117,60,1631.3,97878.06,0,2.0,759,4.0,easy to track payments through the mobile app.,,0
ACCT-0000775,2024-07-12,53.0,male,pacific,bachelor,self_employed,basic,online,False,False,528,5919.55,71250.09,41338.7,0.5802,93342.26,0.0893,72,1679.07,120893.31,3,0.0,1346,4.0,interest rate jumped after the first quarter without warning. the agent kept rescheduling and the process took weeks.,2025-04-23,1
ACCT-0002254,2022-05-19,28.0,male,south,high_school,contract,standard,online,False,True,564,2278.54,27190.72,9325.4,0.343,16423.95,0.0966,12,1441.32,17295.81,1,1.0,591,7.0,"still evaluating against other offers from competitor banks. ok experience overall, no strong feelings to share.",,0
ACCT-0002104,2023-08-30,37.0,male,pacific,associate,full_time,premium,online,True,False,718,4434.67,52925.23,13197.23,0.2494,72079.87,0.0393,36,2125.84,76530.42,0,1.0,463,10.0,"easy to track payments through the mobile app. transparent fees, no hidden charges that I noticed.",,0
ACCT-0001827,2024-10-06,54.0,female,south,bachelor,full_time,standard,online,True,False,771,6156.2,73804.62,25997.65,0.3522,28208.52,0.0792,48,687.66,33007.53,1,2.0,92,3.0,"transparent fees, no hidden charges that I noticed. great customer service, will recommend to friends and family.",,0
ACCT-0000500,2024-08-12,33.0,nonbinary,northeast,associate,part_time,basic,mobile,True,False,737,2742.53,32593.78,25544.29,0.7837,33586.08,0.0698,36,1036.72,37321.96,1,0.0,860,2.0,"ok experience overall, no strong feelings to share. process was fine, nothing exceptional either way. documentation requirements were typical for this kind of loan.",,0
ACCT-0001246,2023-12-03,27.0,male,south,associate,full_time,basic,online,True,True,629,9882.62,118845.12,25180.24,0.2119,138998.61,0.0735,72,2393.05,172299.86,0,3.0,836,4.0,documentation requirements were typical for this kind of loan. took longer than expected but got approved in the end.,,0
ACCT-0000705,2023-05-25,29.0,female,south,associate,contract,standard,branch,True,False,586,6113.65,73225.75,24639.4,0.3365,58441.18,0.1344,60,1342.77,80566.15,1,0.0,342,8.0,"rates were competitive and the funds came through quickly. transparent fees, no hidden charges that I noticed.",,0
ACCT-0000392,2024-12-16,32.0,male,northeast,associate,part_time,basic,online,True,False,597,6691.69,80195.65,17916.78,0.2234,32390.7,0.0935,48,811.41,38947.62,0,1.0,1040,8.0,"great customer service, will recommend to friends and family.",,0
ACCT-0001558,2024-03-07,23.0,female,midwest,bachelor,self_employed,premium,online,False,False,719,11608.57,139088.23,,0.2658,60554.85,0.0396,36,1786.66,64319.9,1,2.0,1100,7.0,"took longer than expected but got approved in the end. ok experience overall, no strong feelings to share. process was fine, nothing exceptional either way.",,0
ACCT-0001237,2022-03-10,33.0,female,west,graduate,full_time,standard,mobile,True,False,771,4480.77,53616.46,15123.65,0.2821,34790.9,0.0748,60,696.87,41812.01,0,1.0,539,8.0,"documentation requirements were typical for this kind of loan. ok experience overall, no strong feelings to share.",,0
ACCT-0002496,2024-11-22,31.0,male,south,bachelor,full_time,basic,mobile,True,False,688,4515.49,53980.3,11731.35,0.2173,21151.02,0.1025,12,1861.92,22343.06,1,1.0,988,10.0,"transparent fees, no hidden charges that I noticed.",,0
ACCT-0001003,2023-08-23,25.0,male,pacific,bachelor,part_time,standard,agent,False,True,782,7505.62,89754.06,25486.7,0.284,92047.21,0.0309,48,2041.15,97975.1,1,0.0,172,10.0,"took longer than expected but got approved in the end. ok experience overall, no strong feelings to share. documentation requirements were typical for this kind of loan.",,0
ACCT-0000813,2022-05-01,41.0,female,pacific,associate,self_employed,standard,mobile,False,True,770,4866.41,58460.06,15032.15,0.2571,29654.17,0.0832,84,466.89,39218.98,0,1.0,821,4.0,"very smooth application process and the agent was helpful. transparent fees, no hidden charges that I noticed. rates were competitive and the funds came through quickly.",,0
ACCT-0001279,2022-04-13,22.0,female,south,bachelor,full_time,standard,mobile,True,False,685,3471.78,41898.96,7443.32,0.1776,37855.53,0.0965,12,3321.86,39862.36,0,2.0,465,8.0,"support never returned my calls about the missed payment. fees were not explained clearly upfront, very disappointing.",2022-10-12,1
ACCT-0001625,2023-11-23,63.0,female,midwest,bachelor,full_time,basic,branch,True,False,746,5940.26,71699.41,,0.4321,60145.04,0.0411,24,2614.75,62753.98,3,0.0,820,,easy to track payments through the mobile app.,,0
ACCT-0001455,2024-05-10,32.0,male,northeast,high_school,self_employed,basic,mobile,True,True,637,2159.62,25694.17,14919.06,0.5806,31832.72,0.1173,72,617.86,44485.82,1,1.0,317,0.0,very smooth application process and the agent was helpful. easy to track payments through the mobile app.,,0
ACCT-0002171,2023-05-26,26.0,male,pacific,associate,full_time,premium,online,False,False,710,4373.0,52753.6,24147.47,0.4577,25113.19,0.1168,24,1178.43,28282.26,0,3.0,837,6.0,rates were competitive and the funds came through quickly.,,0
ACCT-0001707,2022-03-17,59.0,female,northeast,high_school,full_time,basic,online,False,True,735,5610.79,67312.74,21618.73,0.3212,22701.64,0.1106,36,743.86,26778.94,0,2.0,1249,9.0,"ok experience overall, no strong feelings to share. took longer than expected but got approved in the end.",,0
ACCT-0001549,2023-10-20,49.0,female,northeast,associate,part_time,basic,mobile,True,True,539,5327.37,64283.85,18040.3,0.2806,65239.96,0.1095,36,2134.42,76839.22,1,5.0,509,6.0,took longer than expected but got approved in the end.,,0
ACCT-0000005,2022-04-24,35.0,female,northeast,bachelor,self_employed,premium,online,False,False,632,7136.75,85972.24,16604.43,0.1931,100667.14,0.1132,48,2617.31,125630.79,0,3.0,1234,8.0,"transparent fees, no hidden charges that I noticed. very smooth application process and the agent was helpful.",,0
ACCT-0002463,2024-09-02,50.0,female,south,bachelor,part_time,standard,online,False,False,691,3729.7,44829.23,17313.2,0.3862,43674.56,0.0406,48,987.25,47387.82,0,0.0,785,6.0,"rates were competitive and the funds came through quickly. transparent fees, no hidden charges that I noticed. easy to track payments through the mobile app.",,0
ACCT-0000280,2023-02-19,29.0,female,northeast,high_school,full_time,basic,online,True,False,613,6167.61,73995.3,18749.53,0.2534,58587.33,0.1184,48,1538.26,73836.35,2,0.0,1478,10.0,very smooth application process and the agent was helpful.,,0
ACCT-0001817,2022-05-06,28.0,male,south,bachelor,full_time,basic,agent,True,False,656,2804.03,33943.92,,0.2998,12097.53,0.0848,60,248.1,14885.75,0,2.0,156,7.0,"took longer than expected but got approved in the end. ok experience overall, no strong feelings to share.",2022-09-22,1
ACCT-0000087,2022-11-10,32.0,female,west,bachelor,full_time,standard,branch,True,True,586,4936.94,59620.17,9917.38,0.1663,32053.18,0.1137,48,834.23,40043.05,1,5.0,268,8.0,"great customer service, will recommend to friends and family. rates were competitive and the funds came through quickly. very smooth application process and the agent was helpful.",,0
ACCT-0001961,2022-11-20,53.0,female,northeast,associate,self_employed,basic,branch,True,True,775,5005.9,60008.92,13888.53,0.2314,25994.54,0.0835,36,818.77,29475.69,0,2.0,35,5.0,"transparent fees, no hidden charges that I noticed. easy to track payments through the mobile app. very smooth application process and the agent was helpful.",,0
ACCT-0001860,2024-01-24,40.0,female,northeast,high_school,self_employed,basic,online,False,False,729,6122.67,73908.94,30824.29,0.4171,97866.75,0.1145,84,1699.02,142717.71,3,0.0,865,7.0,"process was fine, nothing exceptional either way. still evaluating against other offers from competitor banks.",,0
ACCT-0001138,2024-11-06,62.0,male,south,bachelor,part_time,basic,online,False,True,685,6684.91,80668.41,13878.06,0.172,25778.29,0.0911,36,821.1,29559.56,0,1.0,953,8.0,easy to track payments through the mobile app.,,0
ACCT-0001580,2023-01-05,44.0,female,west,associate,full_time,standard,online,True,False,573,4540.38,54875.24,11563.26,0.2107,52988.95,0.122,60,1184.19,71051.53,1,2.0,1478,3.0,still evaluating against other offers from competitor banks. took longer than expected but got approved in the end.,,0
ACCT-0000653,2024-08-26,66.0,male,south,bachelor,self_employed,basic,online,True,False,626,5784.18,69389.96,19071.15,0.2748,27021.79,0.0851,84,428.04,35955.51,1,1.0,1009,5.0,"very smooth application process and the agent was helpful. great customer service, will recommend to friends and family.",,0
ACCT-0000258,2023-11-24,31.0,female,pacific,bachelor,full_time,standard,online,True,False,625,1815.72,21759.86,14985.05,0.6887,24528.12,0.0972,12,2153.25,25839.03,1,1.0,818,8.0,easy to track payments through the mobile app. very smooth application process and the agent was helpful.,,0
ACCT-0000522,2022-12-06,35.0,female,south,bachelor,part_time,standard,online,False,False,616,3412.05,41235.92,23265.48,0.5642,43745.28,0.1332,24,2086.39,50073.27,1,2.0,61,5.0,"process was fine, nothing exceptional either way. took longer than expected but got approved in the end.",2023-04-27,1
ACCT-0000128,2023-02-03,32.0,male,south,high_school,full_time,basic,branch,False,True,737,3936.99,47506.65,14081.96,0.2964,21427.42,0.0849,12,1868.82,22425.81,1,0.0,82,10.0,documentation requirements were typical for this kind of loan. still evaluating against other offers from competitor banks.,,0
ACCT-0001899,2023-05-05,44.0,female,south,graduate,part_time,basic,online,False,False,653,4275.27,51209.36,9914.03,0.1936,20813.0,0.0867,48,514.68,24704.76,0,0.0,599,10.0,"great customer service, will recommend to friends and family.",,0
ACCT-0000233,2023-03-19,31.0,male,midwest,bachelor,part_time,basic,online,True,True,455,3090.02,36936.98,18999.17,0.5144,21274.2,0.0911,12,1861.57,22338.8,1,2.0,749,4.0,"documentation requirements were typical for this kind of loan. still evaluating against other offers from competitor banks. process was fine, nothing exceptional either way.",,0
ACCT-0001281,2023-08-20,34.0,female,midwest,graduate,full_time,basic,branch,False,False,607,2990.92,36217.14,11197.54,0.3092,47606.32,0.0825,48,1167.87,56057.58,1,3.0,942,9.0,"took longer than expected but got approved in the end. documentation requirements were typical for this kind of loan. process was fine, nothing exceptional either way.",,0
ACCT-0001552,2022-03-20,20.0,male,northeast,graduate,full_time,basic,online,True,True,663,4298.13,51520.73,15424.98,0.2994,39324.99,0.1136,48,1023.26,49116.3,0,1.0,1490,7.0,"rates were competitive and the funds came through quickly. great customer service, will recommend to friends and family.",,0
ACCT-0001405,2023-05-15,48.0,female,northeast,associate,full_time,standard,mobile,False,False,626,8826.25,106242.74,23074.02,0.2172,99917.74,0.1273,36,3353.79,120736.48,0,3.0,1486,8.0,easy to track payments through the mobile app.,,0
ACCT-0001342,2023-01-24,18.0,female,pacific,bachelor,full_time,standard,online,False,False,762,3114.42,37633.54,5878.66,0.1562,19708.93,0.0764,48,477.86,22937.09,0,1.0,1408,8.0,"great customer service, will recommend to friends and family. easy to track payments through the mobile app.",,0
ACCT-0000672,2023-11-21,40.0,male,south,graduate,full_time,standard,mobile,False,False,640,2811.02,33607.19,10704.97,0.3185,16102.93,0.0779,60,324.89,19493.4,0,2.0,1136,5.0,"transparent fees, no hidden charges that I noticed. very smooth application process and the agent was helpful. great customer service, will recommend to friends and family.",,0
ACCT-0002391,2024-04-05,30.0,male,west,associate,full_time,basic,branch,True,False,609,4807.33,57657.58,20287.38,0.3519,73789.57,0.0849,72,1311.39,94420.39,0,1.0,1039,8.0,"process was fine, nothing exceptional either way. still evaluating against other offers from competitor banks. took longer than expected but got approved in the end.",,0
ACCT-0002069,2022-12-16,30.0,male,midwest,high_school,full_time,basic,branch,False,False,751,2944.43,35243.64,13542.51,0.3843,32289.68,0.0684,60,636.87,38212.2,0,1.0,799,6.0,"ok experience overall, no strong feelings to share. process was fine, nothing exceptional either way. still evaluating against other offers from competitor banks.",,0
ACCT-0000505,2022-01-05,29.0,male,northeast,high_school,self_employed,basic,online,False,False,683,5823.24,69812.6,11696.82,0.1675,58574.97,0.0504,48,1349.97,64798.33,1,2.0,1302,7.0,"rates were competitive and the funds came through quickly. transparent fees, no hidden charges that I noticed. very smooth application process and the agent was helpful.",,0
ACCT-0002059,2022-08-25,45.0,female,midwest,bachelor,contract,basic,online,True,True,676,5243.76,63097.85,18042.25,0.2859,57823.93,0.1153,60,1272.51,76350.35,0,5.0,1353,5.0,"transparent fees, no hidden charges that I noticed. rates were competitive and the funds came through quickly.",,0
ACCT-0000429,2024-06-16,37.0,female,midwest,bachelor,part_time,basic,online,False,False,717,7220.33,86554.4,29501.94,0.3408,98822.58,0.0665,48,2350.64,112830.76,0,1.0,822,8.0,"very smooth application process and the agent was helpful. transparent fees, no hidden charges that I noticed.",,0
ACCT-0000163,2022-10-20,37.0,female,midwest,high_school,full_time,basic,online,True,False,769,6200.52,74457.34,16123.19,0.2165,77234.97,0.0629,48,1824.15,87559.14,0,2.0,787,7.0,,,0
ACCT-0001059,2024-04-29,23.0,male,west,bachelor,self_employed,basic,online,True,True,722,2996.94,35674.78,12564.4,0.3522,14362.83,0.0966,60,302.77,18166.1,0,1.0,1128,9.0,"great customer service, will recommend to friends and family. easy to track payments through the mobile app. transparent fees, no hidden charges that I noticed.",,0
ACCT-0002475,2024-12-26,21.0,female,northeast,associate,full_time,standard,branch,True,False,652,4925.37,59039.59,36176.26,0.6127,36564.9,0.068,72,619.85,44628.93,1,1.0,334,5.0,very smooth application process and the agent was helpful. rates were competitive and the funds came through quickly.,,0
ACCT-0000096,2024-02-03,50.0,female,south,bachelor,full_time,premium,online,True,True,669,6503.69,78418.47,12948.77,0.1651,23235.44,0.0714,84,352.32,29594.52,0,0.0,1430,10.0,"transparent fees, no hidden charges that I noticed. very smooth application process and the agent was helpful.",,0
ACCT-0002240,2022-09-10,28.0,female,south,bachelor,part_time,standard,branch,True,True,559,3381.14,40752.49,7313.73,0.1795,25844.62,0.0832,12,2252.0,27023.97,0,1.0,1107,3.0,easy to track payments through the mobile app.,,0
ACCT-0002499,2024-12-11,41.0,female,south,high_school,full_time,basic,online,True,False,850,4342.38,52220.55,14831.83,0.284,60026.61,0.025,24,2566.76,61602.27,1,1.0,147,9.0,"transparent fees, no hidden charges that I noticed. great customer service, will recommend to friends and family.",,0
ACCT-0000053,2024-02-29,46.0,male,northeast,bachelor,full_time,basic,online,False,False,668,5947.37,71303.3,19208.31,0.2694,65367.83,0.1273,84,1179.77,99100.3,0,1.0,1333,5.0,"fees were not explained clearly upfront, very disappointing. the agent kept rescheduling and the process took weeks.",2025-05-25,1
ACCT-0000464,2022-07-23,49.0,female,south,high_school,self_employed,standard,branch,True,True,710,7082.06,85178.03,19072.3,0.2239,102752.89,0.0743,36,3192.87,114943.15,2,3.0,215,5.0,documentation requirements were typical for this kind of loan. still evaluating against other offers from competitor banks.,,0
ACCT-0001206,2022-11-25,22.0,female,south,bachelor,full_time,basic,branch,True,True,527,5919.39,71064.36,17541.55,0.2468,42006.4,0.1241,24,1985.51,47652.16,0,0.0,272,5.0,"ok experience overall, no strong feelings to share.",,0
ACCT-0002377,2023-02-06,46.0,male,northeast,bachelor,full_time,premium,online,True,False,698,1662.86,20118.23,4812.93,0.2392,6109.29,0.0926,12,535.0,6420.01,0,1.0,921,9.0,,,0
ACCT-0001025,2024-10-25,34.0,male,south,bachelor,full_time,standard,mobile,True,False,626,4529.07,54210.24,10824.23,0.1997,59598.11,0.0948,60,1250.99,75059.2,0,1.0,963,10.0,documentation requirements were typical for this kind of loan.,,0
ACCT-0000967,2024-01-09,45.0,female,west,associate,full_time,standard,branch,False,False,755,9121.57,109633.33,18747.27,0.171,152617.15,0.0758,48,3696.05,177410.28,2,0.0,489,7.0,"took longer than expected but got approved in the end. process was fine, nothing exceptional either way.",,0
ACCT-0002139,2024-08-29,31.0,female,west,bachelor,self_employed,standard,mobile,False,False,788,7571.02,90627.55,20164.55,0.2225,60351.41,0.0859,12,5266.35,63196.17,2,1.0,1307,10.0,rates were competitive and the funds came through quickly.,,0
ACCT-0000959,2023-07-05,27.0,male,northeast,bachelor,full_time,standard,branch,True,True,850,3140.11,37385.84,,0.3433,42803.48,0.066,12,3695.85,44350.25,0,1.0,415,8.0,"documentation requirements were typical for this kind of loan. took longer than expected but got approved in the end. process was fine, nothing exceptional either way.",,0
ACCT-0001812,2024-02-01,41.0,female,pacific,graduate,full_time,premium,online,False,False,696,9413.7,112738.91,27445.97,0.2434,109196.92,0.0967,48,2752.11,132101.38,1,1.0,656,6.0,"transparent fees, no hidden charges that I noticed. easy to track payments through the mobile app.",,0
ACCT-0002452,2024-03-12,57.0,female,south,high_school,contract,standard,mobile,False,False,633,5882.87,70466.57,19531.12,0.2772,21486.37,0.1367,60,496.24,29774.22,0,1.0,1305,3.0,"very smooth application process and the agent was helpful. rates were competitive and the funds came through quickly. transparent fees, no hidden charges that I noticed.",,0
ACCT-0002144,2023-03-11,39.0,female,south,graduate,full_time,basic,branch,True,False,850,3308.21,39853.66,14511.11,0.3641,15375.45,0.0664,72,259.52,18685.39,0,1.0,887,7.0,"very smooth application process and the agent was helpful. transparent fees, no hidden charges that I noticed.",,0
ACCT-0001757,2023-03-24,64.0,female,pacific,bachelor,part_time,basic,mobile,False,False,772,2377.86,28339.93,8509.24,0.3003,28900.01,0.0775,60,582.57,34954.29,0,0.0,820,6.0,"transparent fees, no hidden charges that I noticed. very smooth application process and the agent was helpful.",,0
ACCT-0002357,2023-03-31,31.0,male,midwest,associate,self_employed,standard,online,False,False,705,5325.66,63837.02,12625.74,0.1978,62737.16,0.0926,12,5493.93,65927.12,0,0.0,388,9.0,"transparent fees, no hidden charges that I noticed. great customer service, will recommend to friends and family.",,0
ACCT-0001438,2023-05-01,,male,west,associate,full_time,standard,branch,False,False,656,1369.25,16531.79,6438.32,0.3895,22117.2,0.0524,84,315.05,26464.38,1,5.0,905,8.0,"great customer service, will recommend to friends and family. rates were competitive and the funds came through quickly. very smooth application process and the agent was helpful.",,0
ACCT-0001745,2024-01-18,24.0,male,south,bachelor,full_time,standard,mobile,True,False,739,2663.04,31879.77,13569.07,0.4256,40289.05,0.0899,12,3523.06,42276.69,3,3.0,467,8.0,easy to track payments through the mobile app.,,0
ACCT-0001578,2022-08-15,39.0,female,south,associate,part_time,basic,mobile,False,False,705,2014.98,24533.78,14238.48,0.5804,34163.4,0.0887,48,847.99,40703.67,1,0.0,149,5.0,very smooth application process and the agent was helpful.,,0
ACCT-0002129,2024-04-01,42.0,male,midwest,high_school,self_employed,standard,online,True,False,621,7271.29,87429.31,18904.66,0.2162,26535.31,0.0904,24,1212.74,29105.81,0,2.0,750,,"transparent fees, no hidden charges that I noticed. great customer service, will recommend to friends and family.",,0
ACCT-0001786,2022-11-20,34.0,male,pacific,bachelor,full_time,basic,mobile,True,True,667,3502.94,42188.26,8301.53,0.1968,19040.73,0.1114,60,415.37,24921.95,1,0.0,360,6.0,"process was fine, nothing exceptional either way.",,0
ACCT-0000525,2023-10-03,37.0,female,northeast,bachelor,part_time,basic,agent,False,False,602,4688.63,56694.31,25714.1,0.4536,64667.84,0.0486,36,1933.98,69623.25,1,0.0,1303,10.0,documentation requirements were typical for this kind of loan. still evaluating against other offers from competitor banks.,,0
ACCT-0001520,2024-10-28,28.0,nonbinary,pacific,graduate,part_time,basic,online,True,False,706,4795.07,57355.45,11254.21,0.1962,33954.17,0.1169,12,3011.92,36143.03,2,0.0,1230,1.0,"easy to track payments through the mobile app. great customer service, will recommend to friends and family.",,0
ACCT-0001089,2023-04-14,36.0,female,midwest,bachelor,full_time,premium,branch,False,False,769,4407.41,52887.62,17980.04,0.34,49258.69,0.0876,60,1016.7,61001.73,0,1.0,332,8.0,"transparent fees, no hidden charges that I noticed. easy to track payments through the mobile app. very smooth application process and the agent was helpful.",,0
ACCT-0001821,2023-03-25,57.0,female,northeast,bachelor,full_time,basic,online,False,False,743,2174.1,26142.38,16314.35,0.6241,12987.88,0.1068,12,1145.93,13751.21,1,0.0,769,4.0,"still evaluating against other offers from competitor banks. documentation requirements were typical for this kind of loan. ok experience overall, no strong feelings to share.",2023-05-23,1
ACCT-0001036,2023-01-22,29.0,male,south,bachelor,full_time,basic,online,True,False,671,5229.9,62730.74,12335.2,0.1966,69289.79,0.1152,24,3246.08,77906.04,2,0.0,91,8.0,"rates were competitive and the funds came through quickly. transparent fees, no hidden charges that I noticed.",,0
ACCT-0001322,2023-04-26,61.0,female,west,graduate,full_time,basic,mobile,True,False,645,3181.97,38242.68,10257.88,0.2682,32983.64,0.0845,60,675.97,40558.24,0,1.0,49,6.0,"great customer service, will recommend to friends and family. very smooth application process and the agent was helpful.",,0
ACCT-0002421,2024-11-15,42.0,male,pacific,high_school,contract,standard,online,True,False,552,2197.55,26404.47,12073.36,0.4572,11935.67,0.1104,12,1055.14,12661.71,1,3.0,822,7.0,"rates were competitive and the funds came through quickly. transparent fees, no hidden charges that I noticed.",,0
ACCT-0000932,2023-11-26,59.0,male,northeast,bachelor,part_time,standard,branch,True,True,774,3198.67,38467.46,9392.05,0.2442,23631.88,0.101,36,763.61,27490.07,1,1.0,445,8.0,"transparent fees, no hidden charges that I noticed.",,0
ACCT-0000499,2023-05-17,25.0,female,west,graduate,self_employed,basic,branch,True,True,740,3802.2,45527.36,24232.21,0.5323,12554.03,0.0711,36,388.27,13977.8,2,2.0,1376,9.0,,,0
ACCT-0000207,2023-05-11,46.0,female,south,associate,full_time,standard,mobile,True,False,599,1890.58,22664.36,32347.66,1.4272,5913.54,0.1406,60,137.79,8267.27,1,1.0,1043,9.0,"rates were competitive and the funds came through quickly. easy to track payments through the mobile app. great customer service, will recommend to friends and family.",,0
ACCT-0001031,2024-10-10,74.0,male,south,high_school,full_time,basic,mobile,True,False,624,2053.04,24232.81,4815.98,0.1987,7973.69,0.0842,24,362.16,8691.8,0,2.0,1359,4.0,"documentation requirements were typical for this kind of loan. process was fine, nothing exceptional either way.",,0
ACCT-0000295,2023-03-15,34.0,female,west,high_school,contract,standard,branch,False,True,663,3313.52,39850.36,15270.11,0.3832,20397.42,0.0917,36,650.26,23409.49,0,0.0,40,4.0,"documentation requirements were typical for this kind of loan. process was fine, nothing exceptional either way.",,0
ACCT-0000259,2024-01-14,53.0,female,south,high_school,full_time,basic,online,True,True,751,3384.58,40289.1,10705.95,0.2657,40939.76,0.0744,60,819.25,49155.27,1,0.0,535,5.0,"great customer service, will recommend to friends and family.",,0
ACCT-0001415,2024-06-19,31.0,female,south,bachelor,full_time,basic,agent,False,False,691,10127.64,121541.45,42450.89,0.3493,49574.16,0.1253,48,1318.43,63284.53,1,0.0,673,6.0,"transparent fees, no hidden charges that I noticed. rates were competitive and the funds came through quickly. great customer service, will recommend to friends and family.",,0
ACCT-0000908,2024-08-18,57.0,female,south,bachelor,part_time,basic,mobile,True,False,782,8225.47,98797.89,20533.33,0.2078,98202.31,0.0493,24,4305.15,103323.62,0,1.0,1462,10.0,"documentation requirements were typical for this kind of loan. still evaluating against other offers from competitor banks. ok experience overall, no strong feelings to share.",,0
ACCT-0001456,2024-06-24,55.0,male,south,bachelor,full_time,basic,online,False,True,544,5771.36,69372.34,38337.92,0.5526,95273.13,0.1229,12,8478.0,101736.04,1,0.0,1135,6.0,easy to track payments through the mobile app. rates were competitive and the funds came through quickly.,,0
ACCT-0001999,2024-05-17,22.0,female,pacific,graduate,self_employed,premium,online,False,False,701,1285.13,15348.21,4448.9,0.2899,11885.75,0.0821,72,209.61,15091.87,0,1.0,749,10.0,"very smooth application process and the agent was helpful. transparent fees, no hidden charges that I noticed.",,0
ACCT-0000900,2023-08-18,67.0,male,midwest,high_school,full_time,basic,branch,True,False,660,5876.17,70701.53,28755.21,0.4067,94445.09,0.1003,36,3048.7,109753.15,2,1.0,662,7.0,"documentation requirements were typical for this kind of loan. process was fine, nothing exceptional either way.",,0
ACCT-0000955,2024-02-15,39.0,male,south,high_school,full_time,basic,online,True,False,686,3368.86,40903.62,20774.08,0.5079,17852.37,0.1343,48,482.78,23173.58,0,2.0,879,6.0,very smooth application process and the agent was helpful.,,0
ACCT-0000074,2022-11-01,30.0,male,pacific,associate,full_time,standard,online,False,False,693,2345.53,28005.59,9811.88,0.3504,15846.26,0.0867,48,391.86,18809.24,1,1.0,1215,4.0,"rates were competitive and the funds came through quickly. easy to track payments through the mobile app. transparent fees, no hidden charges that I noticed.",,0
ACCT-0002168,2023-07-07,40.0,female,pacific,associate,full_time,standard,online,True,False,834,3937.46,47158.64,10113.52,0.2145,43470.57,0.0525,36,1307.66,47075.68,0,0.0,1271,10.0,interest rate jumped after the first quarter without warning.,2024-07-16,1
ACCT-0000288,2024-05-01,33.0,nonbinary,northeast,associate,full_time,premium,mobile,False,True,664,1472.36,17124.94,7415.39,0.433,11113.25,0.0621,12,957.57,11490.84,0,2.0,559,8.0,very smooth application process and the agent was helpful.,,0
ACCT-0001990,2022-07-30,35.0,male,south,associate,part_time,standard,agent,False,False,765,5288.41,63270.26,22276.88,0.3521,84791.76,0.1086,24,3946.36,94712.66,0,1.0,659,8.0,very smooth application process and the agent was helpful. rates were competitive and the funds came through quickly.,,0
ACCT-0000476,2022-03-06,36.0,male,south,bachelor,full_time,premium,online,True,False,741,6868.08,81841.79,26446.88,0.3231,102680.49,0.0767,84,1583.8,133039.21,0,2.0,435,10.0,took longer than expected but got approved in the end.,,0
ACCT-0001251,2024-11-26,30.0,female,midwest,bachelor,self_employed,standard,mobile,True,False,682,3648.21,43669.97,9101.49,0.2084,51718.05,0.0915,60,1077.36,64641.8,1,1.0,1460,5.0,rates were competitive and the funds came through quickly. easy to track payments through the mobile app.,,0
ACCT-0001571,2024-05-28,45.0,male,northeast,associate,self_employed,basic,online,True,False,730,9008.53,107776.25,25674.99,0.2382,148777.8,0.1054,84,2511.65,210978.73,0,1.0,1295,7.0,"great customer service, will recommend to friends and family. transparent fees, no hidden charges that I noticed. easy to track payments through the mobile app.",,0
ACCT-0002420,2023-11-09,27.0,male,west,bachelor,part_time,premium,online,True,True,671,5329.4,63756.09,22989.39,0.3606,47181.69,0.0771,48,1145.47,54982.56,0,1.0,187,6.0,"process was fine, nothing exceptional either way. documentation requirements were typical for this kind of loan. took longer than expected but got approved in the end.",2024-07-25,1
ACCT-0002163,2022-10-07,28.0,female,west,high_school,part_time,premium,mobile,False,True,764,2272.44,27284.66,10927.11,0.4005,8902.67,0.0659,12,768.62,9223.49,1,,100,2.0,"process was fine, nothing exceptional either way. ok experience overall, no strong feelings to share.",,0
ACCT-0001203,2023-05-19,47.0,male,midwest,bachelor,full_time,premium,online,True,False,637,4091.84,49014.8,17120.63,0.3493,58008.18,0.1034,12,5108.97,61307.67,1,0.0,740,10.0,"very smooth application process and the agent was helpful. transparent fees, no hidden charges that I noticed.",,0
ACCT-0002386,2022-12-13,63.0,male,midwest,bachelor,self_employed,standard,mobile,False,False,660,4096.25,49138.62,27698.71,0.5637,53453.54,0.0905,72,964.86,69470.27,3,3.0,331,6.0,took longer than expected but got approved in the end.,,0
ACCT-0000112,2024-05-08,62.0,male,midwest,bachelor,part_time,premium,branch,True,True,738,1628.22,19898.44,25322.94,1.2726,10434.59,0.0291,60,187.06,11223.76,4,0.0,208,7.0,"fees were not explained clearly upfront, very disappointing.",2024-08-22,1
ACCT-0002290,2024-12-04,27.0,female,south,graduate,self_employed,basic,online,True,False,771,5935.6,71174.96,20599.36,0.2894,20851.25,0.0828,48,511.74,24563.64,2,2.0,40,5.0,very smooth application process and the agent was helpful.,,0
ACCT-0002428,2023-02-07,23.0,female,west,high_school,full_time,standard,online,False,True,732,3722.61,44954.42,7225.59,0.1607,13901.85,0.0486,84,195.59,16429.52,0,0.0,670,4.0,"process was fine, nothing exceptional either way. still evaluating against other offers from competitor banks.",,0
ACCT-0001873,2022-12-12,45.0,male,northeast,high_school,part_time,basic,agent,False,False,817,7403.56,88765.04,26941.75,0.3035,59289.54,0.0669,72,1001.99,72143.33,1,0.0,93,7.0,"very smooth application process and the agent was helpful. great customer service, will recommend to friends and family.",,0
ACCT-0000593,2022-08-24,41.0,female,midwest,high_school,full_time,standard,online,False,False,609,3124.1,37680.5,16424.31,0.4359,12541.39,0.1027,48,319.71,15346.25,1,1.0,1033,7.0,the agent kept rescheduling and the process took weeks. interest rate jumped after the first quarter without warning. support never returned my calls about the missed payment.,2023-01-19,1
ACCT-0000015,2024-10-31,36.0,male,midwest,bachelor,self_employed,standard,online,False,False,850,2445.33,29440.92,18793.94,0.6384,11475.03,0.0815,48,280.94,13485.29,0,2.0,462,5.0,easy to track payments through the mobile app. rates were competitive and the funds came through quickly.,,0
ACCT-0002348,2023-12-17,39.0,male,midwest,high_school,self_employed,basic,online,True,False,821,6177.91,74400.69,18270.55,0.2456,79128.69,0.074,72,1364.38,98235.45,0,1.0,676,9.0,"documentation requirements were typical for this kind of loan. ok experience overall, no strong feelings to share. process was fine, nothing exceptional either way.",,0
ACCT-0001747,2024-11-28,50.0,female,midwest,high_school,self_employed,basic,online,True,False,775,4917.48,58912.84,10268.75,0.1743,51834.11,0.1252,72,1027.39,73971.95,0,3.0,124,5.0,rates were competitive and the funds came through quickly. very smooth application process and the agent was helpful.,,0
ACCT-0000058,2022-02-09,35.0,male,northeast,associate,self_employed,standard,online,True,True,735,3592.78,42959.19,11244.25,0.2617,13219.26,0.0412,24,574.77,13794.49,3,0.0,1370,10.0,still evaluating against other offers from competitor banks.,,0
ACCT-0000171,2023-11-05,46.0,female,south,graduate,full_time,basic,online,True,True,769,3711.58,44819.24,9976.54,0.2226,16638.61,0.0631,36,508.55,18307.68,2,1.0,450,8.0,"rates were competitive and the funds came through quickly. great customer service, will recommend to friends and family.",,0
ACCT-0000917,2022-06-16,45.0,female,west,high_school,full_time,basic,mobile,False,False,590,2320.8,27857.7,13260.4,0.476,38248.27,0.0995,72,707.68,50952.95,0,0.0,927,5.0,"transparent fees, no hidden charges that I noticed. rates were competitive and the funds came through quickly.",,0
ACCT-0002267,2024-12-08,34.0,male,south,high_school,full_time,basic,mobile,True,False,814,6092.57,73582.5,,0.3558,82903.11,0.0963,48,2088.11,100229.46,0,0.0,1184,4.0,very smooth application process and the agent was helpful.,,0
ACCT-0001026,2024-09-16,53.0,female,south,bachelor,full_time,basic,online,True,False,716,2626.94,31409.45,9012.08,0.2869,28317.41,0.0801,60,574.27,34456.39,1,1.0,1200,5.0,"easy to track payments through the mobile app. rates were competitive and the funds came through quickly. great customer service, will recommend to friends and family.",,0
ACCT-0001742,2023-01-13,35.0,male,west,associate,full_time,basic,online,True,False,663,4590.03,55113.53,12825.91,0.2327,74352.01,0.1329,24,3545.04,85081.06,2,0.0,1061,9.0,took longer than expected but got approved in the end. still evaluating against other offers from competitor banks. documentation requirements were typical for this kind of loan.,,0
ACCT-0000859,2024-10-01,67.0,male,northeast,high_school,full_time,basic,online,True,False,713,3487.57,42066.36,10685.04,0.254,31021.01,0.0718,36,960.4,34574.51,0,1.0,574,8.0,,,0
ACCT-0001190,2023-06-22,28.0,male,south,associate,full_time,basic,branch,True,True,695,5525.79,66317.28,12649.61,0.1907,43205.67,0.0945,84,704.95,59216.07,0,3.0,1374,7.0,easy to track payments through the mobile app. very smooth application process and the agent was helpful.,,0
ACCT-0000810,2024-06-03,27.0,female,south,high_school,full_time,premium,agent,False,True,850,1798.4,21325.97,,0.4,29460.94,0.0569,12,2531.37,30376.49,1,2.0,794,10.0,"transparent fees, no hidden charges that I noticed. great customer service, will recommend to friends and family.",,0
ACCT-0002329,2023-08-19,43.0,male,midwest,graduate,full_time,basic,mobile,True,False,686,3730.53,44683.1,16634.49,0.3723,52486.27,0.0545,84,753.08,63259.04,0,2.0,315,9.0,"great customer service, will recommend to friends and family. rates were competitive and the funds came through quickly.",,0
ACCT-0001807,2023-07-05,35.0,female,west,graduate,self_employed,basic,agent,False,False,800,5196.73,62461.4,16261.24,0.2603,41199.24,0.0636,48,974.29,46766.0,2,2.0,1043,,,,0
ACCT-0000761,2023-02-19,52.0,female,south,graduate,full_time,basic,online,True,True,673,6925.67,83047.32,,0.3914,24693.06,0.0782,12,2145.99,25751.83,1,2.0,313,,"transparent fees, no hidden charges that I noticed. great customer service, will recommend to friends and family.",,0
ACCT-0001126,2022-11-20,43.0,female,midwest,high_school,full_time,basic,online,True,True,663,4166.79,49933.28,10514.63,0.2106,36894.79,0.1081,84,628.06,52757.05,2,0.0,1308,8.0,"transparent fees, no hidden charges that I noticed.",,0
ACCT-0001587,2022-07-21,31.0,male,west,high_school,full_time,standard,mobile,True,False,679,5585.98,67299.1,15269.31,0.2269,55816.79,0.1,36,1801.04,64837.4,1,0.0,1343,4.0,"process was fine, nothing exceptional either way. ok experience overall, no strong feelings to share.",,0
ACCT-0000970,2023-05-24,38.0,female,south,associate,self_employed,standard,online,False,True,750,4364.09,52657.97,15154.0,0.2878,54495.78,0.0631,84,804.13,67547.18,1,3.0,1376,8.0,"great customer service, will recommend to friends and family. transparent fees, no hidden charges that I noticed. easy to track payments through the mobile app.",,0
ACCT-0001770,2022-10-25,49.0,female,south,bachelor,part_time,premium,mobile,True,False,669,3327.99,39784.77,10853.05,0.2728,45392.07,0.0821,36,1426.74,51362.65,0,3.0,723,8.0,"rates were competitive and the funds came through quickly. transparent fees, no hidden charges that I noticed.",,0
ACCT-0000366,2022-01-11,47.0,male,pacific,high_school,contract,premium,mobile,False,False,512,5546.72,66765.23,11752.05,0.176,92354.14,0.1491,24,4474.18,107380.32,0,0.0,109,5.0,"ok experience overall, no strong feelings to share.",,0
ACCT-0000474,2024-02-14,51.0,male,west,associate,part_time,standard,mobile,True,False,738,5117.59,61209.4,10588.25,0.173,61125.02,0.0797,48,1491.36,71585.1,0,0.0,164,10.0,still evaluating against other offers from competitor banks.,,0
ACCT-0000342,2024-01-09,39.0,female,west,high_school,full_time,standard,online,True,False,563,5913.11,70848.15,16504.58,0.233,32575.84,0.1271,60,736.42,44185.29,1,0.0,685,7.0,"process was fine, nothing exceptional either way.",,0
ACCT-0001038,2023-05-12,51.0,male,south,graduate,full_time,premium,branch,True,False,746,4962.13,59421.48,13423.06,0.2259,53008.02,0.0638,72,888.0,63935.85,1,0.0,1152,6.0,"ok experience overall, no strong feelings to share. documentation requirements were typical for this kind of loan.",,0
ACCT-0000384,2023-01-18,53.0,male,northeast,associate,full_time,basic,online,False,False,709,4726.45,56268.94,25420.3,0.4518,42306.74,0.0804,24,1914.1,45938.29,0,2.0,312,4.0,"very smooth application process and the agent was helpful. great customer service, will recommend to friends and family. transparent fees, no hidden charges that I noticed.",,0
ACCT-0001052,2023-08-17,36.0,female,northeast,bachelor,contract,basic,online,True,False,605,3935.27,47243.97,15935.87,0.3373,21718.03,0.128,84,392.73,32989.2,2,1.0,977,8.0,easy to track payments through the mobile app.,,0
ACCT-0001491,2022-07-01,36.0,male,west,bachelor,full_time,basic,online,True,True,716,2610.94,31486.21,10323.1,0.3279,9870.03,0.1099,60,214.57,12874.22,0,0.0,1045,,"process was fine, nothing exceptional either way. documentation requirements were typical for this kind of loan. ok experience overall, no strong feelings to share.",,0
ACCT-0000836,2022-04-17,39.0,male,south,bachelor,part_time,standard,online,False,False,629,6081.12,73115.68,29845.02,0.4082,65708.97,0.0916,84,1062.48,89248.5,1,4.0,1119,4.0,"ok experience overall, no strong feelings to share. took longer than expected but got approved in the end. still evaluating against other offers from competitor banks.",,0
ACCT-0001314,2023-10-14,39.0,male,south,associate,contract,premium,mobile,True,False,629,5494.46,66142.15,14617.61,0.221,88101.04,0.0648,84,1307.31,109814.36,0,1.0,800,7.0,"great customer service, will recommend to friends and family. very smooth application process and the agent was helpful.",,0
ACCT-0001414,2024-07-03,37.0,female,south,bachelor,part_time,standard,mobile,True,True,572,5485.6,66009.65,,0.2584,30735.86,0.0859,72,547.83,39443.97,1,1.0,423,9.0,"process was fine, nothing exceptional either way.",,0
ACCT-0000686,2024-10-29,35.0,male,pacific,bachelor,full_time,premium,mobile,False,False,691,2804.43,33259.73,11481.75,0.3452,45273.09,0.0922,24,2072.77,49746.4,1,2.0,1110,5.0,documentation requirements were typical for this kind of loan. took longer than expected but got approved in the end.,,0
ACCT-0002384,2024-04-30,31.0,female,south,graduate,contract,premium,online,True,True,659,2715.79,32864.24,10699.07,0.3256,10234.13,0.1122,84,176.43,14820.13,0,2.0,373,7.0,"ok experience overall, no strong feelings to share.",,0
ACCT-0000240,2022-11-08,41.0,nonbinary,south,high_school,full_time,premium,online,True,False,711,1950.23,23344.44,12630.35,0.541,23504.72,0.0775,72,409.24,29465.53,4,2.0,1213,5.0,documentation requirements were typical for this kind of loan.,,0
ACCT-0000454,2024-12-13,33.0,female,south,bachelor,full_time,standard,online,False,False,850,4322.79,51746.25,14562.74,0.2814,63390.32,0.0809,24,2869.65,68871.58,0,0.0,1206,6.0,"still evaluating against other offers from competitor banks. ok experience overall, no strong feelings to share. documentation requirements were typical for this kind of loan.",,0
ACCT-0000072,2022-07-21,36.0,female,northeast,graduate,self_employed,premium,mobile,True,True,693,4635.61,55719.09,14923.58,0.2678,35623.42,0.0981,48,900.26,43212.67,0,0.0,481,9.0,the agent kept rescheduling and the process took weeks. support never returned my calls about the missed payment.,2023-06-10,1
ACCT-0001656,2024-05-21,39.0,male,west,bachelor,full_time,premium,online,True,True,678,4540.32,54484.32,26406.48,0.4847,65968.39,0.0672,72,1115.74,80333.53,0,1.0,1199,6.0,"transparent fees, no hidden charges that I noticed. great customer service, will recommend to friends and family.",,0
ACCT-0001469,2023-01-15,47.0,male,pacific,bachelor,full_time,standard,online,True,True,723,8041.46,96662.97,30397.89,0.3145,32902.78,0.0854,24,1496.25,35910.09,0,1.0,1491,6.0,still evaluating against other offers from competitor banks.,,0
ACCT-0002065,2022-05-07,32.0,male,south,bachelor,self_employed,basic,agent,True,False,715,3589.52,43258.91,19165.11,0.443,43932.31,0.098,24,2023.19,48556.62,0,0.0,195,4.0,"transparent fees, no hidden charges that I noticed.",,0
ACCT-0000589,2022-01-04,48.0,male,pacific,bachelor,self_employed,premium,branch,True,True,680,3272.4,38763.22,10458.47,0.2698,49880.22,0.077,72,867.18,62436.9,1,1.0,1121,6.0,"transparent fees, no hidden charges that I noticed.",,0
ACCT-0000928,2024-05-23,43.0,female,south,bachelor,full_time,premium,mobile,False,True,653,4309.96,51633.57,9291.45,0.1799,56236.96,0.1113,36,1844.52,66402.55,1,1.0,510,8.0,"rates were competitive and the funds came through quickly. great customer service, will recommend to friends and family.",,0
ACCT-0001702,2024-06-30,37.0,male,pacific,bachelor,self_employed,basic,agent,True,True,665,4838.22,58204.72,22446.24,0.3856,48337.63,0.1231,12,4301.8,51621.66,1,1.0,76,10.0,"great customer service, will recommend to friends and family.",,0
ACCT-0001651,2024-06-20,34.0,female,northeast,associate,self_employed,basic,branch,True,True,633,2822.16,33982.24,12283.92,0.3615,37135.63,0.0531,84,530.26,44541.95,1,2.0,98,3.0,"ok experience overall, no strong feelings to share. took longer than expected but got approved in the end.",,0
ACCT-0001980,2023-01-25,56.0,male,west,high_school,contract,premium,mobile,True,True,714,4403.51,53133.3,19531.68,0.3676,59882.65,0.1162,24,2808.38,67401.08,2,1.0,38,10.0,"rates were competitive and the funds came through quickly. great customer service, will recommend to friends and family.",,0
ACCT-0000867,2024-07-03,18.0,female,south,bachelor,full_time,standard,mobile,False,False,635,3792.69,45102.31,14910.16,0.3306,33774.53,0.1129,84,583.41,49006.74,0,1.0,437,2.0,"rates were competitive and the funds came through quickly. transparent fees, no hidden charges that I noticed.",,0
ACCT-0002412,2024-10-11,60.0,female,west,graduate,full_time,basic,online,True,True,635,3759.3,45036.71,14953.26,0.332,58693.79,0.1207,72,1149.57,82768.8,0,1.0,1198,4.0,"very smooth application process and the agent was helpful. great customer service, will recommend to friends and family.",,0
ACCT-0002339,2024-02-05,39.0,male,south,associate,self_employed,basic,branch,True,False,680,6267.47,75114.96,17033.07,0.2268,32861.79,0.0923,36,1048.47,37744.88,1,2.0,784,3.0,"great customer service, will recommend to friends and family. transparent fees, no hidden charges that I noticed.",,0
ACCT-0000254,2022-11-29,27.0,female,northeast,bachelor,full_time,premium,online,True,False,765,5211.39,62509.73,22860.54,0.3657,50229.23,0.1043,72,941.59,67794.54,0,1.0,501,10.0,easy to track payments through the mobile app.,,0
ACCT-0002385,2022-06-18,20.0,male,midwest,bachelor,full_time,basic,mobile,True,False,642,2285.12,27025.7,7355.76,0.2722,31295.02,0.0853,60,642.46,38547.89,0,1.0,266,9.0,took longer than expected but got approved in the end. still evaluating against other offers from competitor banks.,,0
ACCT-0002207,2024-11-07,34.0,male,west,bachelor,full_time,standard,online,True,True,718,4237.81,50646.37,11023.2,0.2177,46517.47,0.1043,36,1510.5,54377.86,0,2.0,872,8.0,very smooth application process and the agent was helpful. easy to track payments through the mobile app.,,0
ACCT-0002419,2022-02-24,33.0,female,northeast,bachelor,full_time,standard,agent,True,False,737,2147.11,25515.89,23942.75,0.9383,20932.16,0.1016,36,677.04,24373.42,3,3.0,1480,6.0,"transparent fees, no hidden charges that I noticed.",,0
ACCT-0002159,2024-04-24,58.0,female,west,bachelor,full_time,standard,online,False,False,803,7320.38,87929.77,20078.3,0.2283,36073.28,0.0762,48,874.15,41959.43,2,0.0,1231,7.0,"great customer service, will recommend to friends and family.",,0
ACCT-0001950,2024-12-21,46.0,male,south,high_school,full_time,premium,mobile,False,False,691,5010.76,60117.23,11364.7,0.189,25788.83,0.0805,60,523.57,31414.15,0,3.0,1000,7.0,"fees were not explained clearly upfront, very disappointing. support never returned my calls about the missed payment. the autopay system charged me twice in the same month.",2026-04-30,1
ACCT-0002204,2023-12-29,41.0,female,west,bachelor,full_time,premium,online,False,False,771,4208.53,50559.29,18034.24,0.3567,17696.9,0.0723,84,269.06,22600.66,0,1.0,166,7.0,"transparent fees, no hidden charges that I noticed. very smooth application process and the agent was helpful.",,0
ACCT-0001197,2022-04-14,61.0,male,midwest,bachelor,full_time,standard,online,False,False,724,3639.25,43640.82,26973.66,0.6181,27763.91,0.0833,72,491.32,35375.13,2,0.0,1216,8.0,"transparent fees, no hidden charges that I noticed. easy to track payments through the mobile app. great customer service, will recommend to friends and family.",,0
ACCT-0001352,2023-12-23,32.0,male,south,bachelor,full_time,premium,mobile,False,False,625,3020.09,36331.19,13012.09,0.3582,12120.87,0.1078,84,206.14,17315.51,0,1.0,918,9.0,documentation requirements were typical for this kind of loan. still evaluating against other offers from competitor banks.,,0
ACCT-0001585,2024-09-16,52.0,male,northeast,bachelor,full_time,standard,branch,True,True,552,10271.93,122908.61,27756.1,0.2258,145016.57,0.0865,36,4587.61,165153.94,2,1.0,1083,5.0,"process was fine, nothing exceptional either way. documentation requirements were typical for this kind of loan.",,0
ACCT-0001262,2023-05-06,50.0,male,south,bachelor,full_time,premium,online,True,True,663,6218.94,74627.14,16970.7,0.2274,91661.15,0.0641,12,7906.04,94872.51,0,2.0,753,2.0,"transparent fees, no hidden charges that I noticed. rates were competitive and the funds came through quickly.",,0
ACCT-0001162,2023-03-29,31.0,male,south,high_school,full_time,standard,branch,True,True,605,4464.46,53324.85,15387.25,0.2886,20429.53,0.0905,24,933.75,22409.94,0,0.0,222,7.0,took longer than expected but got approved in the end.,,0
ACCT-0002051,2022-10-06,47.0,female,northeast,bachelor,full_time,standard,mobile,False,True,694,3183.37,37859.19,15352.85,0.4055,26239.34,0.0668,72,443.31,31918.62,1,0.0,1137,8.0,very smooth application process and the agent was helpful.,,0
ACCT-0001270,2023-08-29,43.0,female,south,bachelor,self_employed,premium,online,False,False,699,4313.14,51623.32,18596.11,0.3602,64347.51,0.1079,24,2992.97,71831.18,2,1.0,1070,5.0,"rates were competitive and the funds came through quickly. great customer service, will recommend to friends and family.",,0
ACCT-0001787,2022-06-26,34.0,male,south,bachelor,self_employed,standard,mobile,False,True,684,4857.94,58216.2,12774.23,0.2194,18022.29,0.08,60,365.42,21925.34,0,2.0,1139,7.0,very smooth application process and the agent was helpful. easy to track payments through the mobile app. rates were competitive and the funds came through quickly.,,0
ACCT-0001147,2022-09-06,44.0,male,northeast,associate,full_time,basic,online,True,False,682,6010.58,72138.39,26101.52,0.3618,95820.25,0.0713,12,8296.66,99559.97,0,2.0,106,8.0,"process was fine, nothing exceptional either way. took longer than expected but got approved in the end.",,0
ACCT-0002086,2024-02-20,,female,south,associate,part_time,standard,agent,True,True,578,7529.64,90476.57,19756.33,0.2184,54098.72,0.1136,36,1780.3,64090.88,0,1.0,88,5.0,easy to track payments through the mobile app.,,0
ACCT-0002110,2023-10-18,34.0,male,south,associate,contract,basic,agent,False,False,592,2133.77,25335.03,,0.3087,8037.21,0.1311,24,382.54,9180.87,0,2.0,484,6.0,"rates were competitive and the funds came through quickly. transparent fees, no hidden charges that I noticed.",,0
ACCT-0000168,2024-07-18,39.0,male,south,bachelor,full_time,basic,mobile,True,False,554,3111.6,37502.27,33213.37,0.8856,37141.36,0.1163,84,648.33,54459.79,2,1.0,1470,8.0,"great customer service, will recommend to friends and family. rates were competitive and the funds came through quickly.",,0
ACCT-0000515,2024-09-14,26.0,male,west,bachelor,self_employed,basic,online,False,True,628,12404.05,148653.61,25014.69,0.1683,173466.57,0.1175,60,3836.68,230200.54,1,1.0,580,5.0,"transparent fees, no hidden charges that I noticed. easy to track payments through the mobile app. great customer service, will recommend to friends and family.",,0
ACCT-0001749,2023-04-15,37.0,female,midwest,associate,full_time,standard,mobile,True,True,740,8892.11,106780.72,19856.49,0.186,73464.89,0.0679,72,1245.15,89650.88,1,2.0,301,8.0,"great customer service, will recommend to friends and family.",,0
ACCT-0000410,2022-01-06,33.0,male,northeast,bachelor,full_time,basic,online,False,False,727,4307.17,51540.12,17389.74,0.3374,71011.02,0.0776,48,1725.7,82833.68,1,1.0,1177,10.0,easy to track payments through the mobile app.,,0
ACCT-0000466,2022-11-15,45.0,male,south,associate,part_time,basic,online,False,False,728,4949.38,59372.99,22197.02,0.3739,81344.52,0.0782,12,7069.15,84829.85,0,2.0,1108,3.0,"process was fine, nothing exceptional either way. took longer than expected but got approved in the end.",,0
ACCT-0000235,2022-05-09,24.0,female,south,bachelor,full_time,premium,mobile,False,False,800,5402.59,64903.5,,0.1971,73149.34,0.0651,84,1086.57,91272.16,1,0.0,1258,8.0,"fees were not explained clearly upfront, very disappointing.",2023-10-24,1
ACCT-0001925,2023-10-12,30.0,male,northeast,associate,full_time,premium,online,True,True,622,3464.12,41770.4,16493.29,0.3949,28506.77,0.1449,36,981.08,35319.0,0,1.0,471,5.0,"easy to track payments through the mobile app. great customer service, will recommend to friends and family. transparent fees, no hidden charges that I noticed.",,0
ACCT-0000976,2024-07-14,46.0,male,south,associate,full_time,standard,online,False,False,757,4615.72,55621.79,25158.59,0.4523,73850.11,0.1046,72,1385.43,99751.21,1,1.0,761,9.0,"easy to track payments through the mobile app. rates were competitive and the funds came through quickly. great customer service, will recommend to friends and family.",,0
ACCT-0000923,2022-12-03,53.0,female,midwest,associate,self_employed,premium,branch,True,False,784,1562.97,19011.04,3827.55,0.2013,11880.51,0.0438,12,1013.7,12164.35,0,1.0,221,4.0,took longer than expected but got approved in the end. still evaluating against other offers from competitor banks.,,0
ACCT-0000594,2024-07-20,42.0,male,west,graduate,full_time,standard,online,True,False,747,4204.92,50993.21,22063.62,0.4327,19594.81,0.0938,24,898.61,21566.54,2,3.0,399,5.0,"fees were not explained clearly upfront, very disappointing. support never returned my calls about the missed payment. the agent kept rescheduling and the process took weeks.",2025-06-20,1
ACCT-0000736,2022-09-05,21.0,female,pacific,associate,full_time,basic,branch,False,True,607,9525.07,114357.74,26284.82,0.2298,109098.74,0.0904,60,2267.08,136025.1,1,1.0,607,8.0,"transparent fees, no hidden charges that I noticed. rates were competitive and the funds came through quickly.",,0
ACCT-0001167,2022-04-08,32.0,female,south,graduate,full_time,standard,mobile,True,False,541,5556.17,66367.87,13819.9,0.2082,72735.41,0.1306,72,1462.24,105281.12,0,2.0,314,5.0,,,0
ACCT-0000853,2022-07-01,47.0,male,pacific,bachelor,contract,basic,online,False,False,468,3051.53,36193.14,7391.05,0.2042,22836.58,0.1422,24,1098.84,26372.18,1,2.0,970,5.0,"great customer service, will recommend to friends and family. very smooth application process and the agent was helpful. easy to track payments through the mobile app.",,0
ACCT-0001302,2023-10-16,21.0,male,northeast,bachelor,full_time,standard,online,True,True,684,4267.78,51011.18,13164.38,0.2581,66584.72,0.0967,48,1678.1,80548.81,1,,746,10.0,rates were competitive and the funds came through quickly.,,0
ACCT-0000415,2022-12-08,36.0,male,northeast,high_school,full_time,basic,online,False,True,727,2215.0,26544.69,9289.94,0.35,31910.41,0.0704,24,1429.29,34303.0,1,4.0,902,3.0,documentation requirements were typical for this kind of loan.,,0
ACCT-0002026,2022-08-08,41.0,female,south,bachelor,self_employed,basic,online,True,False,751,2882.49,34685.5,7076.44,0.204,9044.32,0.1046,12,797.07,9564.78,0,2.0,629,8.0,"fees were not explained clearly upfront, very disappointing. the agent kept rescheduling and the process took weeks.",2023-04-03,1
ACCT-0001931,2023-02-06,38.0,male,south,bachelor,self_employed,basic,online,True,True,749,5615.88,67477.85,17666.41,0.2618,87403.65,0.0969,48,2203.59,105772.16,1,1.0,1075,7.0,"ok experience overall, no strong feelings to share. took longer than expected but got approved in the end.",,0
ACCT-0001443,2024-06-01,58.0,male,northeast,high_school,full_time,premium,branch,True,False,730,3434.03,41511.96,31014.47,0.7471,51260.37,0.067,48,1220.32,58575.55,0,0.0,866,9.0,"process was fine, nothing exceptional either way. documentation requirements were typical for this kind of loan. took longer than expected but got approved in the end.",,0
ACCT-0001641,2023-06-06,27.0,nonbinary,south,associate,full_time,standard,online,True,True,781,3313.02,39460.54,11442.93,0.29,40837.04,0.0948,12,3580.33,42964.01,1,0.0,427,7.0,very smooth application process and the agent was helpful.,,0
ACCT-0000920,2023-11-26,53.0,female,northeast,high_school,full_time,basic,online,False,False,655,2585.77,31214.87,28429.49,0.9108,40935.97,0.0735,48,986.9,47371.3,2,0.0,1158,6.0,"still evaluating against other offers from competitor banks. ok experience overall, no strong feelings to share.",,0
ACCT-0000100,2022-09-15,39.0,male,south,associate,full_time,premium,branch,False,True,693,6798.04,81288.24,23054.47,0.2836,45323.09,0.1036,84,760.89,63915.01,1,1.0,1086,9.0,rates were competitive and the funds came through quickly. very smooth application process and the agent was helpful.,,0
ACCT-0002231,2023-08-09,,male,northeast,bachelor,self_employed,standard,online,True,False,693,3641.87,43695.29,28587.52,0.6542,59119.9,0.0611,24,2623.14,62955.3,3,0.0,539,3.0,still evaluating against other offers from competitor banks.,,0
ACCT-0000333,2023-09-22,18.0,male,northeast,bachelor,full_time,standard,branch,True,False,618,2519.79,30736.19,15776.27,0.5133,20293.15,0.1187,60,450.07,27004.4,0,0.0,1139,9.0,"still evaluating against other offers from competitor banks. process was fine, nothing exceptional either way.",,0
ACCT-0002052,2024-06-12,41.0,female,northeast,high_school,part_time,standard,branch,True,False,787,3625.94,43625.08,19214.04,0.4404,48892.61,0.0752,36,1521.39,54770.09,1,2.0,768,4.0,"transparent fees, no hidden charges that I noticed. rates were competitive and the funds came through quickly.",,0
ACCT-0001233,2024-08-02,48.0,male,midwest,high_school,full_time,basic,mobile,True,True,732,4145.0,49773.07,13293.44,0.2671,63002.57,0.0569,72,1034.91,74513.58,3,1.0,96,6.0,"transparent fees, no hidden charges that I noticed. easy to track payments through the mobile app. very smooth application process and the agent was helpful.",,0
ACCT-0000574,2024-11-11,21.0,female,south,associate,full_time,premium,online,False,False,613,3734.18,44830.78,,0.2135,38835.33,0.1242,72,767.83,55283.89,0,0.0,365,6.0,"great customer service, will recommend to friends and family.",,0
ACCT-0000906,2024-11-26,19.0,female,northeast,bachelor,full_time,standard,mobile,True,False,673,2600.36,31345.43,13155.56,0.4197,29840.59,0.0661,72,503.18,36229.23,1,2.0,1389,5.0,"took longer than expected but got approved in the end. still evaluating against other offers from competitor banks. process was fine, nothing exceptional either way.",2025-12-11,1
ACCT-0002342,2022-10-18,32.0,male,northeast,associate,full_time,basic,branch,False,False,842,2847.89,33282.2,14578.75,0.438,36684.19,0.0735,24,1648.32,39559.64,1,,1156,9.0,"easy to track payments through the mobile app. great customer service, will recommend to friends and family.",,0
ACCT-0002039,2022-01-14,44.0,female,pacific,bachelor,full_time,standard,branch,True,False,594,5809.51,69933.75,19115.27,0.2733,28722.09,0.1091,72,545.37,39266.87,1,2.0,1436,2.0,"transparent fees, no hidden charges that I noticed. rates were competitive and the funds came through quickly.",,0
ACCT-0001767,2024-01-12,48.0,male,west,bachelor,full_time,basic,online,True,True,628,4800.21,57484.11,20417.12,0.3552,59848.79,0.0955,12,5249.05,62988.59,2,3.0,577,5.0,rates were competitive and the funds came through quickly. very smooth application process and the agent was helpful.,,0
ACCT-0000146,2023-10-28,43.0,male,northeast,bachelor,part_time,standard,branch,True,True,607,2380.36,28121.45,19679.39,0.6998,27997.27,0.1179,48,734.36,35249.47,1,1.0,167,9.0,"very smooth application process and the agent was helpful. great customer service, will recommend to friends and family. rates were competitive and the funds came through quickly.",,0
ACCT-0001814,2022-01-09,46.0,male,midwest,associate,full_time,standard,mobile,False,False,665,4324.07,51963.74,10654.19,0.205,72202.89,0.0629,48,1705.15,81846.97,0,2.0,104,5.0,"rates were competitive and the funds came through quickly. great customer service, will recommend to friends and family. very smooth application process and the agent was helpful.",,0
ACCT-0001372,2024-04-30,44.0,female,south,graduate,full_time,basic,mobile,True,True,710,7007.25,83790.24,19346.09,0.2309,94594.37,0.1136,36,3113.04,112069.54,0,0.0,255,6.0,"very smooth application process and the agent was helpful. transparent fees, no hidden charges that I noticed. rates were competitive and the funds came through quickly.",,0
ACCT-0000070,2023-03-10,27.0,female,south,bachelor,part_time,standard,online,True,True,660,5258.72,63504.95,22867.08,0.3601,78343.46,0.0669,72,1324.16,95339.63,1,1.0,585,5.0,"process was fine, nothing exceptional either way. documentation requirements were typical for this kind of loan. ok experience overall, no strong feelings to share.",,0
ACCT-0000772,2022-11-06,42.0,male,midwest,associate,part_time,premium,online,True,False,778,2802.2,33867.21,13402.23,0.3957,31075.47,0.0829,84,488.88,41065.8,0,1.0,1290,7.0,"transparent fees, no hidden charges that I noticed. rates were competitive and the funds came through quickly.",,0
ACCT-0002484,2022-05-06,33.0,female,midwest,high_school,full_time,standard,online,False,False,714,5243.93,62906.24,17303.84,0.2751,74286.5,0.0754,84,1140.76,95823.53,1,,761,7.0,,,0
ACCT-0001756,2023-07-19,44.0,female,northeast,bachelor,self_employed,basic,online,True,True,662,8191.65,98432.7,20666.06,0.21,109833.97,0.0827,84,1726.95,145063.68,0,1.0,993,6.0,"transparent fees, no hidden charges that I noticed. very smooth application process and the agent was helpful. rates were competitive and the funds came through quickly.",,0
ACCT-0001545,2024-03-11,19.0,female,northeast,high_school,part_time,basic,online,True,True,559,4868.63,58250.38,26577.79,0.4563,38528.12,0.0867,36,1219.36,43896.96,0,1.0,717,10.0,"transparent fees, no hidden charges that I noticed. easy to track payments through the mobile app.",,0
ACCT-0000303,2022-10-23,28.0,female,south,bachelor,full_time,basic,branch,True,False,722,5334.76,63937.47,18458.26,0.2887,50683.75,0.0819,72,893.32,64318.94,0,0.0,793,3.0,took longer than expected but got approved in the end. documentation requirements were typical for this kind of loan.,,0
ACCT-0001890,2023-11-05,37.0,female,south,associate,full_time,basic,online,True,False,559,3514.69,42301.08,15608.31,0.369,39297.79,0.1062,60,846.98,50818.7,0,0.0,918,10.0,"transparent fees, no hidden charges that I noticed. very smooth application process and the agent was helpful.",,0
ACCT-0000768,2024-09-25,57.0,female,northeast,bachelor,self_employed,standard,online,True,False,587,10327.85,123631.08,24004.33,0.1942,76751.38,0.0919,84,1242.13,104339.19,0,0.0,1109,4.0,"very smooth application process and the agent was helpful. rates were competitive and the funds came through quickly. transparent fees, no hidden charges that I noticed.",,0
ACCT-0001929,2024-02-19,40.0,male,south,associate,full_time,basic,online,True,False,631,5274.89,63826.78,14838.94,0.2325,57676.98,0.0803,36,1808.27,65097.82,1,2.0,1420,8.0,"ok experience overall, no strong feelings to share.",,0
ACCT-0000246,2024-03-18,39.0,male,midwest,graduate,full_time,basic,mobile,False,False,659,4878.01,58470.67,52304.51,0.8945,32538.68,0.1077,84,553.29,46476.77,0,1.0,595,8.0,"process was fine, nothing exceptional either way. took longer than expected but got approved in the end.",,0
ACCT-0001310,2024-10-25,38.0,female,south,associate,self_employed,basic,mobile,True,False,610,3352.49,40251.43,13879.78,0.3448,53147.85,0.098,60,1123.96,67437.62,0,3.0,443,9.0,still evaluating against other offers from competitor banks.,,0
ACCT-0000263,2024-10-16,47.0,male,west,bachelor,full_time,basic,online,False,False,850,7092.96,85181.85,19127.67,0.2246,83904.58,0.0536,60,1597.28,95836.95,0,0.0,222,7.0,"great customer service, will recommend to friends and family. easy to track payments through the mobile app.",,0
ACCT-0000301,2024-03-01,34.0,male,northeast,bachelor,self_employed,standard,mobile,True,True,600,3461.89,41927.51,8227.57,0.1962,34329.32,0.0541,24,1512.33,36295.82,0,0.0,490,6.0,still evaluating against other offers from competitor banks. took longer than expected but got approved in the end.,,0
ACCT-0001838,2024-08-26,26.0,male,south,high_school,full_time,basic,online,True,False,654,3813.8,45476.74,10648.82,0.2342,40763.82,0.106,36,1326.85,47766.64,2,2.0,806,7.0,"fees were not explained clearly upfront, very disappointing.",2025-07-04,1
ACCT-0000203,2022-01-07,23.0,female,west,bachelor,full_time,standard,branch,True,False,581,3159.41,37593.82,8156.24,0.217,44414.71,0.0965,24,2042.29,49015.06,1,2.0,1040,6.0,"great customer service, will recommend to friends and family. easy to track payments through the mobile app.",,0
ACCT-0001425,2022-12-04,37.0,female,south,high_school,part_time,standard,online,False,False,661,3255.37,39277.7,6897.15,0.1756,14868.1,0.089,60,307.89,18473.38,0,2.0,1107,7.0,still evaluating against other offers from competitor banks. documentation requirements were typical for this kind of loan.,,0
ACCT-0000551,2024-09-05,38.0,male,south,high_school,part_time,standard,mobile,True,False,693,4972.5,59775.42,22220.39,0.3717,30722.43,0.0789,72,536.98,38662.7,0,3.0,1133,9.0,"transparent fees, no hidden charges that I noticed. easy to track payments through the mobile app.",,0
ACCT-0000931,2023-01-12,60.0,male,south,bachelor,self_employed,basic,mobile,True,True,689,4501.93,53912.01,21448.21,0.3978,16761.89,0.0693,84,252.44,21204.63,0,1.0,1418,,still evaluating against other offers from competitor banks. took longer than expected but got approved in the end.,,0
ACCT-0000964,2024-04-18,18.0,female,west,high_school,part_time,basic,mobile,False,False,601,6036.21,72377.32,19394.9,0.268,94452.6,0.0809,84,1476.29,124008.01,1,0.0,1318,2.0,"transparent fees, no hidden charges that I noticed.",,0
ACCT-0001043,2022-04-15,42.0,male,south,associate,full_time,basic,online,True,True,737,21170.74,253490.07,42490.79,0.1676,111116.21,0.0553,12,9539.49,114473.91,2,1.0,115,6.0,very smooth application process and the agent was helpful.,,0
ACCT-0002335,2023-12-16,35.0,male,south,bachelor,full_time,basic,online,True,True,696,2925.52,35326.65,25973.34,0.7352,42035.3,0.0886,60,869.76,52185.41,0,0.0,568,4.0,rates were competitive and the funds came through quickly. easy to track payments through the mobile app.,,0
ACCT-0001024,2022-03-28,30.0,female,south,high_school,full_time,premium,online,False,False,611,3247.15,38882.35,37951.48,0.9761,50724.65,0.0659,72,854.92,61554.38,0,1.0,1172,5.0,"easy to track payments through the mobile app. great customer service, will recommend to friends and family.",,0
ACCT-0000173,2023-12-18,18.0,female,northeast,bachelor,part_time,standard,online,False,False,721,3758.7,45196.42,18308.81,0.4051,55531.64,0.0688,48,1326.67,63680.06,1,0.0,1077,5.0,"documentation requirements were typical for this kind of loan. still evaluating against other offers from competitor banks. ok experience overall, no strong feelings to share.",,0
ACCT-0001051,2024-05-30,40.0,male,south,bachelor,full_time,premium,mobile,True,False,739,4106.0,49341.74,9419.34,0.1909,42665.48,0.0863,48,1054.29,50605.72,1,0.0,1358,3.0,"still evaluating against other offers from competitor banks. took longer than expected but got approved in the end. process was fine, nothing exceptional either way.",,0
ACCT-0000111,2022-02-01,32.0,female,northeast,bachelor,full_time,standard,branch,False,False,685,3803.05,45868.35,,0.3386,44863.59,0.0845,36,1415.28,50950.05,0,1.0,304,5.0,"great customer service, will recommend to friends and family. easy to track payments through the mobile app.",,0
ACCT-0000344,2023-10-25,44.0,male,midwest,high_school,part_time,standard,online,True,True,685,3059.49,36965.63,15570.16,0.4212,27344.74,0.0623,60,531.6,31896.03,1,4.0,730,2.0,documentation requirements were typical for this kind of loan. still evaluating against other offers from competitor banks.,,0
ACCT-0001719,2024-02-10,44.0,male,west,associate,full_time,basic,branch,False,False,677,5161.01,61982.26,22932.88,0.37,23551.3,0.0916,24,1077.71,25865.1,0,1.0,887,5.0,"documentation requirements were typical for this kind of loan. process was fine, nothing exceptional either way.",,0
ACCT-0002417,2022-02-17,19.0,female,south,graduate,full_time,premium,online,True,False,799,4191.98,50287.21,9002.18,0.179,62535.93,0.1059,36,2035.18,73266.53,0,0.0,770,5.0,"rates were competitive and the funds came through quickly. transparent fees, no hidden charges that I noticed. very smooth application process and the agent was helpful.",,0
ACCT-0001493,2024-04-05,,female,south,associate,self_employed,standard,online,False,True,770,2758.16,33634.69,7889.85,0.2346,15425.64,0.0636,60,300.81,18048.82,1,1.0,1418,6.0,"documentation requirements were typical for this kind of loan. ok experience overall, no strong feelings to share.",,0
ACCT-0000605,2024-03-13,71.0,female,south,associate,full_time,standard,branch,True,True,612,2475.19,30011.38,20728.03,0.6907,24116.82,0.0795,36,755.13,27184.51,1,2.0,1400,6.0,rates were competitive and the funds came through quickly.,,0
ACCT-0001479,2022-07-25,46.0,male,northeast,bachelor,full_time,basic,branch,False,False,830,6535.51,78692.49,17757.61,0.2257,65859.21,0.0661,24,2936.98,70487.56,0,1.0,603,10.0,"transparent fees, no hidden charges that I noticed. easy to track payments through the mobile app.",,0
ACCT-0002030,2022-12-09,55.0,male,south,bachelor,part_time,standard,agent,True,False,754,9488.63,113862.17,26014.28,0.2285,97878.61,0.1085,36,3197.7,115117.17,1,0.0,1176,10.0,very smooth application process and the agent was helpful. easy to track payments through the mobile app.,,0
ACCT-0000887,2024-08-28,46.0,female,west,bachelor,full_time,basic,online,True,True,819,5186.27,61997.85,15465.36,0.2495,38872.34,0.0701,60,769.92,46194.96,0,1.0,1346,7.0,documentation requirements were typical for this kind of loan. took longer than expected but got approved in the end. still evaluating against other offers from competitor banks.,,0
ACCT-0002077,2024-10-06,51.0,male,midwest,bachelor,self_employed,standard,online,False,False,647,2966.79,35687.93,7077.01,0.1983,45813.91,0.0848,24,2082.11,49970.62,1,2.0,939,8.0,,,0
ACCT-0000442,2023-11-07,31.0,female,midwest,high_school,full_time,premium,online,True,False,459,9424.39,113597.76,32359.24,0.2849,79773.8,0.1298,36,2687.19,96738.81,1,0.0,1358,4.0,interest rate jumped after the first quarter without warning. support never returned my calls about the missed payment.,2023-12-30,1
ACCT-0002238,2023-05-05,46.0,male,midwest,high_school,self_employed,standard,mobile,True,False,684,7949.84,94820.98,22034.04,0.2324,126422.21,0.1011,12,11120.76,133449.14,0,0.0,316,5.0,"fees were not explained clearly upfront, very disappointing. the autopay system charged me twice in the same month.",2024-10-22,1
ACCT-0001045,2024-09-20,38.0,female,midwest,associate,full_time,standard,online,True,True,666,2668.05,32233.33,7122.7,0.221,27446.89,0.087,84,437.36,36738.52,2,1.0,126,8.0,"great customer service, will recommend to friends and family. transparent fees, no hidden charges that I noticed. easy to track payments through the mobile app.",,0
ACCT-0002474,2022-10-29,47.0,male,northeast,bachelor,part_time,standard,mobile,False,False,677,4208.89,50684.73,7855.05,0.155,46020.5,0.0879,72,824.64,59374.24,0,1.0,266,8.0,still evaluating against other offers from competitor banks.,,0
ACCT-0001645,2023-04-20,29.0,female,northeast,bachelor,self_employed,basic,online,False,True,787,4363.91,52238.99,14946.86,0.2861,58120.97,0.0855,24,2643.25,63438.04,1,0.0,455,2.0,"ok experience overall, no strong feelings to share.",,0
ACCT-0002093,2022-12-28,32.0,male,west,bachelor,full_time,basic,mobile,False,False,844,6570.18,78521.84,23226.17,0.2958,68858.74,0.1066,72,1298.56,93496.51,0,0.0,1393,9.0,"transparent fees, no hidden charges that I noticed.",,0
ACCT-0000187,2024-09-12,51.0,male,northeast,bachelor,contract,basic,branch,True,True,534,3512.07,41933.23,14027.33,0.3345,42846.67,0.1229,72,844.14,60778.34,0,1.0,228,7.0,interest rate jumped after the first quarter without warning. the autopay system charged me twice in the same month.,2025-01-06,1
ACCT-0001296,2022-10-08,24.0,female,northeast,bachelor,full_time,standard,branch,False,False,686,5574.06,66798.76,16446.81,0.2462,71741.49,0.066,84,1068.82,89781.01,3,1.0,596,0.0,documentation requirements were typical for this kind of loan.,,0
ACCT-0001187,2023-10-13,34.0,male,midwest,graduate,full_time,standard,online,True,False,714,3980.98,47978.09,16565.19,0.3453,31551.52,0.0994,48,799.34,38368.23,1,1.0,518,8.0,took longer than expected but got approved in the end. still evaluating against other offers from competitor banks.,,0
ACCT-0001056,2024-10-26,21.0,female,pacific,high_school,full_time,standard,mobile,False,False,554,10361.23,124340.2,20714.78,0.1666,141328.75,0.0774,36,4411.54,158815.38,1,1.0,1279,3.0,"great customer service, will recommend to friends and family. very smooth application process and the agent was helpful.",,0
ACCT-0001562,2024-03-14,51.0,male,pacific,associate,full_time,basic,online,True,True,552,2681.34,32058.22,16766.67,0.523,36801.24,0.1011,60,783.88,47032.93,2,2.0,1409,8.0,easy to track payments through the mobile app.,,0
ACCT-0000748,2023-12-06,40.0,female,south,high_school,part_time,standard,mobile,True,True,773,2990.68,35933.17,8582.2,0.2388,16312.64,0.0535,48,378.25,18156.2,1,2.0,299,8.0,"rates were competitive and the funds came through quickly. transparent fees, no hidden charges that I noticed.",,0
ACCT-0000047,2024-10-26,18.0,female,pacific,high_school,part_time,standard,online,True,True,686,9816.22,117764.46,42106.83,0.3576,104839.46,0.0896,60,2174.34,130460.66,1,1.0,713,10.0,"process was fine, nothing exceptional either way. took longer than expected but got approved in the end.",,0
ACCT-0001790,2022-06-12,18.0,female,northeast,associate,self_employed,premium,mobile,True,True,712,3762.65,45480.17,12711.62,0.2795,31310.96,0.0719,12,2711.96,32543.52,0,0.0,183,6.0,rates were competitive and the funds came through quickly. very smooth application process and the agent was helpful.,,0
ACCT-0001474,2023-08-20,36.0,female,south,bachelor,full_time,basic,mobile,True,False,698,6108.89,73414.55,15492.76,0.211,97915.05,0.0855,48,2415.65,115951.27,0,0.0,216,8.0,"ok experience overall, no strong feelings to share. took longer than expected but got approved in the end.",,0
ACCT-0000681,2024-01-07,36.0,female,pacific,bachelor,contract,basic,mobile,False,False,623,2566.89,30735.69,8133.84,0.2646,11532.27,0.116,12,1022.49,12269.93,3,3.0,1207,7.0,"ok experience overall, no strong feelings to share.",2025-03-10,1
ACCT-0000164,2022-04-16,44.0,female,south,bachelor,self_employed,basic,online,False,False,621,6711.7,80885.81,13369.03,0.1653,85314.5,0.0981,36,2745.37,98833.43,2,0.0,313,5.0,"transparent fees, no hidden charges that I noticed.",,0
ACCT-0000991,2022-04-29,32.0,male,northeast,bachelor,full_time,basic,branch,True,True,681,2760.45,33087.72,10001.44,0.3023,9847.55,0.1176,12,873.83,10485.94,1,0.0,756,8.0,very smooth application process and the agent was helpful.,,0
ACCT-0000009,2024-07-20,30.0,male,northeast,graduate,full_time,standard,online,False,False,649,4847.61,58478.64,18040.45,0.3085,24871.77,0.1262,60,561.08,33664.92,1,2.0,416,5.0,documentation requirements were typical for this kind of loan.,,0
ACCT-0000841,2023-11-13,56.0,male,midwest,bachelor,part_time,basic,mobile,True,False,564,1661.91,19787.1,21892.06,1.1064,7445.1,0.1184,36,246.7,8881.16,3,3.0,841,5.0,"process was fine, nothing exceptional either way. took longer than expected but got approved in the end.",,0
ACCT-0000878,2023-02-21,38.0,male,south,bachelor,full_time,standard,branch,False,True,842,4245.9,50921.41,11677.51,0.2293,24889.78,0.045,12,2125.07,25500.81,1,1.0,1474,9.0,"transparent fees, no hidden charges that I noticed.",,0
ACCT-0002438,2023-05-05,51.0,female,midwest,associate,part_time,standard,branch,False,False,835,3177.27,38508.4,13176.27,0.3422,42621.03,0.1028,48,1086.72,52162.41,0,1.0,806,9.0,rates were competitive and the funds came through quickly.,,0
ACCT-0002398,2022-11-25,31.0,female,south,associate,contract,standard,online,False,False,683,2748.71,32605.06,16693.0,0.512,27729.38,0.1011,60,590.6,35436.08,0,,684,7.0,"transparent fees, no hidden charges that I noticed. rates were competitive and the funds came through quickly.",,0
ACCT-0001630,2022-04-10,52.0,male,south,graduate,full_time,standard,branch,True,True,694,3576.08,42806.34,,0.6229,56793.05,0.064,60,1108.65,66519.2,1,1.0,787,7.0,"ok experience overall, no strong feelings to share. documentation requirements were typical for this kind of loan.",,0
ACCT-0000848,2023-03-17,47.0,female,midwest,high_school,full_time,basic,mobile,True,False,641,4736.73,56655.31,30338.25,0.5355,21767.3,0.0583,12,1871.69,22460.31,3,1.0,1066,5.0,"ok experience overall, no strong feelings to share. process was fine, nothing exceptional either way.",,0
ACCT-0002170,2022-03-07,31.0,female,midwest,bachelor,full_time,basic,online,True,True,662,5373.29,63913.83,13472.91,0.2108,60085.77,0.1065,12,5300.75,63609.02,0,2.0,1347,1.0,very smooth application process and the agent was helpful.,,0
ACCT-0000310,2023-08-06,44.0,female,south,associate,full_time,standard,online,False,False,659,16298.78,195765.97,42417.61,0.2167,113012.23,0.1116,12,9996.38,119956.6,0,1.0,765,3.0,"easy to track payments through the mobile app. transparent fees, no hidden charges that I noticed. very smooth application process and the agent was helpful.",,0
ACCT-0001554,2022-10-20,44.0,female,midwest,bachelor,full_time,basic,agent,True,False,795,4216.17,50484.7,16451.17,0.3259,48674.16,0.0568,12,4182.07,50184.83,0,0.0,765,5.0,easy to track payments through the mobile app. very smooth application process and the agent was helpful.,,0
ACCT-0001208,2024-04-08,57.0,male,south,high_school,full_time,premium,online,False,False,729,5251.94,62942.38,,0.338,49679.56,0.0809,72,873.22,62871.92,0,1.0,291,4.0,"great customer service, will recommend to friends and family.",,0
ACCT-0001877,2024-12-17,33.0,female,midwest,high_school,full_time,basic,online,False,True,518,3209.37,38471.76,12649.48,0.3288,25764.49,0.1134,12,2281.23,27374.82,0,0.0,1393,,took longer than expected but got approved in the end.,,0
ACCT-0001098,2022-09-19,48.0,male,south,graduate,full_time,standard,agent,False,False,711,3151.44,37691.22,17218.29,0.4568,32158.63,0.1055,84,543.13,45622.51,6,1.0,135,6.0,,,0
ACCT-0000740,2022-06-22,39.0,male,northeast,associate,part_time,standard,online,False,True,618,3314.25,39304.48,9874.43,0.2512,15867.07,0.0988,36,511.08,18398.89,1,2.0,241,5.0,"rates were competitive and the funds came through quickly. great customer service, will recommend to friends and family.",,0
ACCT-0001483,2023-08-17,33.0,male,south,bachelor,full_time,standard,online,True,False,732,4740.07,56715.25,12945.79,0.2283,46036.27,0.0481,24,2015.8,48379.31,0,1.0,982,10.0,"easy to track payments through the mobile app. transparent fees, no hidden charges that I noticed.",,0
ACCT-0000986,2024-02-21,44.0,male,midwest,bachelor,contract,standard,online,True,True,601,5224.91,62678.42,38506.47,0.6143,27923.98,0.1073,72,527.64,37990.04,2,0.0,1279,6.0,"transparent fees, no hidden charges that I noticed. very smooth application process and the agent was helpful.",,0
ACCT-0000863,2024-01-18,28.0,male,south,high_school,contract,standard,mobile,True,False,693,8980.92,107810.24,24128.93,0.2238,34901.28,0.0499,36,1045.94,37653.99,2,0.0,1394,5.0,very smooth application process and the agent was helpful.,,0
ACCT-0001984,2022-04-23,48.0,male,west,graduate,full_time,standard,agent,True,True,726,4346.61,51806.95,12165.82,0.2348,49510.46,0.096,60,1042.18,62530.6,2,1.0,85,8.0,"process was fine, nothing exceptional either way. still evaluating against other offers from competitor banks.",,0
ACCT-0002341,2023-09-19,30.0,male,northeast,bachelor,full_time,standard,mobile,True,True,683,7345.91,87992.44,28122.96,0.3196,110553.98,0.07,72,1884.89,135712.22,0,1.0,1494,1.0,"great customer service, will recommend to friends and family. rates were competitive and the funds came through quickly.",,0
ACCT-0000186,2023-01-24,27.0,male,northeast,associate,self_employed,basic,branch,True,True,705,5792.78,69657.58,16806.05,0.2413,49315.88,0.0779,36,1540.66,55463.94,1,2.0,1278,5.0,"easy to track payments through the mobile app. great customer service, will recommend to friends and family.",,0
ACCT-0002237,2023-02-08,28.0,male,midwest,bachelor,full_time,basic,mobile,False,True,666,2876.23,34206.71,9348.14,0.2733,22116.86,0.0474,72,353.48,25450.48,0,5.0,213,7.0,very smooth application process and the agent was helpful.,,0
ACCT-0001748,2023-10-22,37.0,female,northeast,associate,full_time,basic,mobile,False,False,613,5648.62,67359.79,13925.49,0.2067,88092.74,0.0745,24,3962.27,95094.55,0,0.0,224,3.0,"very smooth application process and the agent was helpful. great customer service, will recommend to friends and family. transparent fees, no hidden charges that I noticed.",,0
ACCT-0001377,2023-06-08,41.0,female,west,graduate,self_employed,premium,branch,True,True,632,2555.46,31090.18,7692.23,0.2474,16480.06,0.0905,12,1441.62,17299.5,0,2.0,546,8.0,"great customer service, will recommend to friends and family. rates were competitive and the funds came through quickly.",,0
ACCT-0002071,2022-09-15,46.0,female,west,bachelor,contract,basic,online,False,False,709,4474.07,53713.81,14379.72,0.2677,34187.16,0.0888,36,1085.22,39067.79,0,0.0,758,8.0,"easy to track payments through the mobile app. great customer service, will recommend to friends and family.",,0
ACCT-0000355,2024-02-20,80.0,male,midwest,bachelor,self_employed,standard,online,True,True,599,5163.34,61966.02,13529.99,0.2183,50401.36,0.0725,84,766.78,64409.12,0,0.0,586,4.0,rates were competitive and the funds came through quickly. very smooth application process and the agent was helpful.,,0
ACCT-0000129,2022-05-05,35.0,male,northeast,associate,full_time,basic,branch,True,True,717,4810.27,57564.05,14095.24,0.2449,31646.04,0.0826,12,2756.62,33079.44,0,3.0,268,4.0,support never returned my calls about the missed payment.,2022-10-16,1
ACCT-0002336,2024-09-17,32.0,male,south,graduate,part_time,basic,agent,True,False,641,3354.46,40496.12,9186.29,0.2268,19718.72,0.0972,84,324.46,27254.62,0,3.0,257,5.0,easy to track payments through the mobile app.,,0
ACCT-0000654,2024-06-14,43.0,female,midwest,associate,full_time,standard,online,False,True,623,8792.79,105275.35,28403.68,0.2698,56579.94,0.106,84,957.02,80390.06,1,0.0,991,10.0,"rates were competitive and the funds came through quickly. transparent fees, no hidden charges that I noticed. easy to track payments through the mobile app.",,0
ACCT-0001698,2023-06-26,31.0,male,south,associate,self_employed,basic,branch,True,False,717,3301.59,39499.62,14520.16,0.3676,12283.18,0.0888,60,254.29,15257.23,0,0.0,1336,5.0,"great customer service, will recommend to friends and family. transparent fees, no hidden charges that I noticed.",,0
ACCT-0000516,2022-10-12,36.0,male,south,bachelor,part_time,basic,online,True,False,740,3345.83,40277.05,9018.98,0.2239,51689.25,0.0819,36,1624.32,58475.48,0,3.0,750,6.0,"process was fine, nothing exceptional either way. documentation requirements were typical for this kind of loan.",2024-03-25,1
ACCT-0000006,2022-09-18,21.0,female,midwest,bachelor,self_employed,basic,branch,True,True,788,4871.6,58097.64,21066.92,0.3626,55851.3,0.0801,84,870.71,73139.23,1,0.0,1339,5.0,support never returned my calls about the missed payment. the autopay system charged me twice in the same month.,2022-12-06,1
ACCT-0001774,2023-02-15,33.0,male,pacific,bachelor,full_time,standard,mobile,True,True,716,5436.46,65059.6,14737.04,0.2265,42526.85,0.0907,36,1353.66,48731.89,0,3.0,805,5.0,"fees were not explained clearly upfront, very disappointing. support never returned my calls about the missed payment.",2023-05-18,1
ACCT-0002273,2022-04-12,53.0,female,midwest,associate,full_time,standard,mobile,True,True,691,9028.42,108613.8,25677.46,0.2364,27593.98,0.0785,84,428.02,35953.27,0,3.0,68,6.0,"process was fine, nothing exceptional either way. took longer than expected but got approved in the end.",,0
ACCT-0001515,2022-11-22,38.0,male,south,high_school,full_time,basic,mobile,True,False,850,8964.14,107712.36,20646.38,0.1917,87034.86,0.0416,36,2575.73,92726.14,0,1.0,352,10.0,"process was fine, nothing exceptional either way. took longer than expected but got approved in the end. still evaluating against other offers from competitor banks.",,0
ACCT-0001106,2023-03-09,49.0,male,midwest,bachelor,part_time,basic,branch,True,False,664,4532.72,54371.17,16414.59,0.3019,43892.1,0.084,60,898.45,53907.15,1,1.0,338,,"rates were competitive and the funds came through quickly. easy to track payments through the mobile app. great customer service, will recommend to friends and family.",,0
ACCT-0001971,2024-06-08,31.0,male,midwest,graduate,part_time,standard,mobile,False,False,747,4127.35,49668.61,14054.29,0.283,43369.06,0.0608,48,1020.11,48965.16,2,0.0,255,7.0,"took longer than expected but got approved in the end. ok experience overall, no strong feelings to share.",2024-08-24,1
ACCT-0002403,2023-05-17,48.0,male,pacific,graduate,self_employed,standard,agent,True,False,626,5368.41,64635.18,21621.27,0.3345,85258.41,0.0685,12,7371.15,88453.75,1,3.0,517,8.0,"easy to track payments through the mobile app. transparent fees, no hidden charges that I noticed.",,0
ACCT-0000201,2024-10-11,24.0,female,pacific,graduate,contract,basic,online,False,False,646,9474.22,114045.58,19520.43,0.1712,96149.72,0.1088,12,8492.43,101909.13,1,0.0,1225,8.0,rates were competitive and the funds came through quickly. very smooth application process and the agent was helpful.,,0
ACCT-0002293,2024-04-13,43.0,female,northeast,bachelor,full_time,standard,branch,True,False,643,5259.39,63040.38,24148.34,0.3831,46153.24,0.1226,36,1538.69,55392.8,1,3.0,572,0.0,very smooth application process and the agent was helpful.,,0
ACCT-0000597,2022-05-07,43.0,female,west,graduate,full_time,basic,branch,True,False,611,3261.17,38709.81,21125.18,0.5457,15354.03,0.1228,24,724.76,17394.17,1,2.0,447,7.0,took longer than expected but got approved in the end.,,0
ACCT-0000632,2022-06-18,39.0,female,northeast,high_school,full_time,basic,online,True,False,670,2893.1,34453.33,13541.69,0.393,15870.38,0.0938,12,1390.7,16688.4,3,0.0,40,6.0,very smooth application process and the agent was helpful. easy to track payments through the mobile app. rates were competitive and the funds came through quickly.,,0
ACCT-0002332,2023-04-17,49.0,male,south,high_school,full_time,premium,mobile,False,True,683,2293.73,27494.85,8125.95,0.2955,14950.65,0.0971,84,245.98,20662.66,0,3.0,896,10.0,"documentation requirements were typical for this kind of loan. process was fine, nothing exceptional either way.",,0
ACCT-0000547,2023-06-02,32.0,female,west,high_school,full_time,standard,branch,True,True,636,7324.17,88134.07,17223.85,0.1954,67471.04,0.1148,60,1483.18,88991.0,0,1.0,501,3.0,very smooth application process and the agent was helpful.,,0
ACCT-0002230,2024-08-14,35.0,nonbinary,midwest,high_school,self_employed,premium,online,True,False,626,3175.28,38110.31,16355.66,0.4292,40096.67,0.0884,24,1828.78,43890.76,0,0.0,423,10.0,rates were competitive and the funds came through quickly. easy to track payments through the mobile app.,,0
ACCT-0000609,2024-10-07,44.0,nonbinary,northeast,associate,full_time,standard,branch,True,False,702,4305.51,51927.86,8847.03,0.1704,67132.18,0.0862,60,1381.35,82881.27,2,3.0,619,10.0,rates were competitive and the funds came through quickly.,,0
ACCT-0000204,2024-02-01,37.0,male,west,bachelor,full_time,basic,mobile,False,False,590,2975.48,35486.32,13452.71,0.3791,39876.93,0.1035,72,745.88,53703.18,0,2.0,270,5.0,"great customer service, will recommend to friends and family. transparent fees, no hidden charges that I noticed. rates were competitive and the funds came through quickly.",,0
ACCT-0001130,2023-11-11,40.0,female,south,graduate,part_time,premium,branch,False,False,734,2202.73,26420.88,21159.62,0.8009,18913.4,0.0774,48,459.44,22053.27,1,,700,5.0,very smooth application process and the agent was helpful. rates were competitive and the funds came through quickly.,,0
ACCT-0000735,2022-06-13,18.0,male,pacific,bachelor,full_time,basic,online,True,False,675,8770.73,105413.61,18038.96,0.1711,132546.54,0.1039,84,2227.27,187090.96,0,1.0,795,9.0,"took longer than expected but got approved in the end. ok experience overall, no strong feelings to share.",,0
ACCT-0000615,2023-11-18,45.0,female,west,associate,full_time,standard,online,False,False,662,4112.17,49037.32,12196.65,0.2487,35669.3,0.0986,48,902.19,43304.93,1,0.0,840,7.0,"process was fine, nothing exceptional either way. documentation requirements were typical for this kind of loan. still evaluating against other offers from competitor banks.",,0
ACCT-0000998,2022-11-26,24.0,male,midwest,bachelor,self_employed,basic,mobile,False,False,628,6612.91,79785.81,16648.2,0.2087,99349.18,0.0994,36,3202.77,115299.86,1,0.0,599,5.0,"easy to track payments through the mobile app. transparent fees, no hidden charges that I noticed.",,0
ACCT-0001311,2022-09-08,41.0,female,west,bachelor,full_time,basic,online,True,False,581,3214.64,38641.02,13395.58,0.3467,36886.1,0.0834,84,581.09,48811.91,0,2.0,1287,8.0,rates were competitive and the funds came through quickly. very smooth application process and the agent was helpful.,,0
ACCT-0002045,2023-10-06,35.0,female,south,bachelor,full_time,premium,online,True,False,710,1745.8,21071.45,9426.58,0.4474,16733.35,0.0693,84,251.96,21164.67,1,2.0,1246,4.0,easy to track payments through the mobile app. rates were competitive and the funds came through quickly.,,0
ACCT-0001482,2022-01-11,42.0,male,northeast,associate,part_time,basic,online,False,False,640,6949.27,83465.79,15012.41,0.1799,102014.8,0.0844,24,4634.37,111224.98,0,1.0,1149,9.0,still evaluating against other offers from competitor banks.,,0
ACCT-0001626,2022-06-29,56.0,female,midwest,high_school,full_time,basic,branch,True,False,670,4622.03,55590.36,22476.48,0.4043,58476.89,0.0684,48,1396.05,67010.27,1,1.0,846,3.0,"great customer service, will recommend to friends and family.",,0
ACCT-0000935,2023-06-22,21.0,male,northeast,graduate,full_time,standard,branch,False,False,758,4392.79,52712.84,16363.23,0.3104,36893.75,0.1001,84,612.75,51470.74,1,4.0,568,8.0,very smooth application process and the agent was helpful.,,0
ACCT-0002482,2024-03-11,49.0,female,midwest,high_school,part_time,basic,online,False,False,707,3980.08,47925.52,17594.64,0.3671,25836.64,0.0362,48,579.0,27791.8,0,4.0,1418,6.0,"process was fine, nothing exceptional either way. took longer than expected but got approved in the end. documentation requirements were typical for this kind of loan.",,0
ACCT-0000251,2024-12-08,46.0,male,northeast,graduate,full_time,standard,branch,True,False,677,6777.05,81529.94,17847.73,0.2189,41191.22,0.0633,48,973.65,46735.29,2,4.0,883,3.0,"great customer service, will recommend to friends and family. very smooth application process and the agent was helpful. easy to track payments through the mobile app.",,0
ACCT-0001874,2024-05-27,39.0,female,west,associate,contract,premium,mobile,False,False,637,5667.53,67938.86,22406.09,0.3298,70142.67,0.1008,48,1781.68,85520.43,1,2.0,304,,"great customer service, will recommend to friends and family.",,0
ACCT-0002057,2022-12-23,20.0,male,pacific,associate,part_time,basic,branch,True,False,621,2668.85,31854.78,8102.27,0.2544,17030.6,0.1026,72,317.71,22874.85,0,2.0,755,8.0,took longer than expected but got approved in the end. documentation requirements were typical for this kind of loan.,,0
ACCT-0002022,2023-12-16,42.0,female,west,bachelor,full_time,basic,mobile,True,True,690,1429.18,17420.76,11073.1,0.6356,21010.49,0.0726,24,943.16,22635.78,0,2.0,1154,10.0,"great customer service, will recommend to friends and family. transparent fees, no hidden charges that I noticed. rates were competitive and the funds came through quickly.",,0
ACCT-0002464,2024-11-01,64.0,male,south,high_school,self_employed,premium,agent,True,True,722,4358.67,52636.22,8113.17,0.1541,29675.15,0.0787,48,722.65,34687.25,0,0.0,1091,3.0,"process was fine, nothing exceptional either way. ok experience overall, no strong feelings to share.",,0
ACCT-0000118,2022-11-21,51.0,male,west,bachelor,part_time,standard,mobile,False,False,660,2671.31,31816.53,8417.04,0.2645,11719.2,0.1317,24,558.11,13394.76,1,0.0,369,6.0,"documentation requirements were typical for this kind of loan. still evaluating against other offers from competitor banks. ok experience overall, no strong feelings to share.",,0
ACCT-0001995,2023-03-19,44.0,male,west,graduate,full_time,standard,mobile,True,False,723,11289.63,135465.85,42721.83,0.3154,112281.43,0.0278,84,1472.42,123683.28,0,1.0,1397,6.0,"rates were competitive and the funds came through quickly. great customer service, will recommend to friends and family.",,0
ACCT-0002500,2023-08-05,47.0,nonbinary,northeast,bachelor,full_time,standard,branch,False,True,701,3763.24,44714.84,21485.43,0.4805,44268.47,0.0977,72,815.04,58682.87,2,0.0,913,9.0,very smooth application process and the agent was helpful.,,0
ACCT-0001035,2023-09-12,54.0,female,west,high_school,part_time,basic,online,False,False,661,6563.42,78823.09,19247.34,0.2442,80849.53,0.0692,36,2493.35,89760.69,2,1.0,169,5.0,"process was fine, nothing exceptional either way. took longer than expected but got approved in the end. documentation requirements were typical for this kind of loan.",,0
ACCT-0000117,2022-08-21,43.0,male,northeast,bachelor,full_time,basic,mobile,False,False,555,9127.07,109571.87,27705.21,0.2528,56629.1,0.105,60,1217.21,73032.74,1,1.0,209,3.0,rates were competitive and the funds came through quickly.,,0
ACCT-0002194,2023-12-16,31.0,male,northeast,high_school,part_time,basic,agent,False,False,633,6793.51,81593.78,25749.56,0.3156,103402.41,0.1219,36,3443.87,123979.48,2,2.0,732,8.0,very smooth application process and the agent was helpful.,,0
ACCT-0000875,2022-05-03,52.0,male,northeast,bachelor,full_time,basic,online,True,False,770,4973.79,59939.8,18575.18,0.3099,77916.57,0.0676,24,3480.04,83520.87,0,2.0,557,5.0,documentation requirements were typical for this kind of loan. took longer than expected but got approved in the end.,,0
ACCT-0001439,2023-11-20,29.0,female,west,associate,full_time,standard,branch,False,False,574,3586.6,42934.6,8810.53,0.2052,31114.3,0.1,12,2735.42,32825.03,0,1.0,1251,4.0,"rates were competitive and the funds came through quickly. transparent fees, no hidden charges that I noticed.",,0
ACCT-0000253,2023-07-24,32.0,female,west,graduate,full_time,basic,online,True,False,766,5361.47,64165.43,14224.59,0.2217,63691.85,0.0923,24,2916.49,69995.87,1,0.0,675,6.0,,,0
ACCT-0000167,2024-07-11,43.0,male,west,bachelor,full_time,premium,online,False,False,612,13065.3,156399.56,30343.27,0.194,203313.94,0.0952,60,4272.29,256337.42,0,1.0,348,9.0,took longer than expected but got approved in the end. still evaluating against other offers from competitor banks.,2025-08-03,1
ACCT-0000992,2022-08-30,43.0,female,west,bachelor,full_time,standard,mobile,False,True,789,3311.0,39643.33,7901.26,0.1993,13617.0,0.0654,48,323.17,15512.09,0,2.0,1272,7.0,"process was fine, nothing exceptional either way. ok experience overall, no strong feelings to share. documentation requirements were typical for this kind of loan.",,0
ACCT-0002135,2023-11-27,52.0,female,midwest,bachelor,self_employed,standard,online,True,True,723,7507.61,90045.8,18398.17,0.2043,57856.96,0.0886,72,1038.81,74794.16,0,2.0,732,9.0,still evaluating against other offers from competitor banks.,,0
ACCT-0002106,2024-02-16,48.0,male,south,bachelor,full_time,basic,online,True,False,690,5905.51,70930.83,15249.37,0.215,99124.91,0.0726,36,3072.4,110606.55,1,2.0,80,10.0,"documentation requirements were typical for this kind of loan. ok experience overall, no strong feelings to share.",,0
ACCT-0001380,2023-06-18,45.0,male,south,graduate,self_employed,basic,branch,False,False,717,3121.21,37379.72,17974.77,0.4809,24995.94,0.0767,72,434.22,31263.93,1,0.0,900,10.0,rates were competitive and the funds came through quickly.,,0
ACCT-0002155,2024-04-30,39.0,male,south,bachelor,full_time,basic,online,False,False,687,3710.84,44384.16,15770.98,0.3553,31385.36,0.0658,12,2709.6,32515.21,0,1.0,1466,8.0,"still evaluating against other offers from competitor banks. documentation requirements were typical for this kind of loan. ok experience overall, no strong feelings to share.",,0
ACCT-0002078,2024-08-12,47.0,female,south,bachelor,full_time,standard,mobile,True,True,848,5117.79,61234.79,15820.15,0.2584,30369.16,0.046,36,904.78,32572.0,1,,1030,6.0,"very smooth application process and the agent was helpful. great customer service, will recommend to friends and family.",,0
ACCT-0001928,2022-09-11,67.0,male,pacific,graduate,self_employed,standard,branch,True,False,706,5303.49,63825.45,16572.15,0.2596,54611.97,0.0537,84,781.38,65635.66,1,0.0,643,5.0,"rates were competitive and the funds came through quickly. great customer service, will recommend to friends and family.",,0
ACCT-0000985,2024-02-05,43.0,female,south,associate,full_time,standard,online,True,False,699,4376.25,52798.55,12774.72,0.242,33211.01,0.0975,60,701.62,42097.48,1,1.0,416,7.0,"documentation requirements were typical for this kind of loan. took longer than expected but got approved in the end. ok experience overall, no strong feelings to share.",,0
ACCT-0002297,2022-12-16,28.0,female,northeast,graduate,self_employed,standard,online,True,False,651,3171.85,37925.26,10669.02,0.2813,27952.49,0.1294,24,1328.07,31873.76,0,1.0,327,4.0,very smooth application process and the agent was helpful. rates were competitive and the funds came through quickly.,,0
ACCT-0001169,2023-10-06,28.0,male,west,graduate,part_time,premium,online,False,False,530,3815.76,45793.09,10950.7,0.2391,38460.52,0.121,60,857.55,51452.88,1,1.0,163,2.0,rates were competitive and the funds came through quickly.,,0
ACCT-0002280,2022-05-15,59.0,male,west,high_school,self_employed,standard,agent,True,True,625,7576.7,90979.34,16068.48,0.1766,48890.97,0.0846,48,1204.1,57796.73,1,3.0,1089,5.0,took longer than expected but got approved in the end.,,0
ACCT-0000877,2023-06-22,50.0,female,west,bachelor,self_employed,standard,online,True,False,535,10598.97,127280.72,38359.81,0.3014,166924.26,0.1162,60,3680.95,220856.9,0,1.0,161,10.0,"process was fine, nothing exceptional either way.",,0
ACCT-0001452,2022-01-09,31.0,male,midwest,high_school,self_employed,standard,branch,True,False,725,6167.78,74000.11,17427.17,0.2355,85548.03,0.1281,84,1547.41,129982.22,1,3.0,454,10.0,,,0
ACCT-0000692,2023-04-27,49.0,male,northeast,bachelor,contract,standard,mobile,False,False,652,3285.5,39360.32,23872.0,0.6065,38097.62,0.1673,84,772.63,64901.34,2,0.0,450,3.0,"rates were competitive and the funds came through quickly. very smooth application process and the agent was helpful. transparent fees, no hidden charges that I noticed.",,0
ACCT-0001406,2024-03-13,46.0,female,pacific,bachelor,full_time,standard,online,True,True,713,3279.72,39226.74,9456.63,0.2411,39353.95,0.1355,24,1881.23,45149.6,0,3.0,973,9.0,"very smooth application process and the agent was helpful. transparent fees, no hidden charges that I noticed.",,0
ACCT-0001224,2023-05-09,55.0,female,south,graduate,full_time,basic,online,False,False,711,4424.25,53237.78,9596.38,0.1803,32267.13,0.0701,36,996.47,35873.04,2,2.0,658,6.0,very smooth application process and the agent was helpful.,,0
ACCT-0000727,2023-06-23,39.0,female,northeast,bachelor,part_time,standard,online,True,False,821,7708.6,92643.59,21857.75,0.2359,81221.98,0.0811,84,1270.53,106724.63,2,2.0,546,9.0,"great customer service, will recommend to friends and family.",,0
ACCT-0001275,2023-03-07,35.0,male,midwest,graduate,full_time,basic,online,True,False,718,2491.02,29421.84,10124.43,0.3441,40567.63,0.0926,12,3552.52,42630.2,0,0.0,299,5.0,documentation requirements were typical for this kind of loan. took longer than expected but got approved in the end.,,0
ACCT-0000141,2022-12-04,56.0,female,midwest,high_school,full_time,standard,branch,False,True,570,3252.98,39138.72,17231.61,0.4403,50401.75,0.1014,24,2328.99,55895.8,1,1.0,179,7.0,still evaluating against other offers from competitor banks.,,0
ACCT-0000862,2024-04-20,20.0,female,northeast,bachelor,full_time,basic,agent,True,True,758,3698.88,44310.35,11467.26,0.2588,48251.11,0.0797,24,2181.56,52357.34,0,1.0,85,5.0,very smooth application process and the agent was helpful. rates were competitive and the funds came through quickly.,,0
ACCT-0000040,2024-09-23,41.0,female,midwest,bachelor,full_time,basic,online,True,False,616,3355.57,40122.13,8048.6,0.2006,27595.08,0.0877,24,1257.77,30186.53,1,1.0,574,10.0,"transparent fees, no hidden charges that I noticed.",,0
ACCT-0000965,2023-04-16,64.0,male,west,associate,full_time,basic,branch,False,False,835,6349.06,76627.47,16636.69,0.2171,59917.21,0.0809,24,2712.3,65095.17,1,0.0,934,6.0,"took longer than expected but got approved in the end. ok experience overall, no strong feelings to share.",,0
ACCT-0000421,2022-11-09,48.0,male,pacific,bachelor,full_time,basic,mobile,False,True,670,5266.44,63357.07,26851.49,0.4238,88261.39,0.0776,84,1365.28,114683.88,2,0.0,1491,7.0,"great customer service, will recommend to friends and family. very smooth application process and the agent was helpful. rates were competitive and the funds came through quickly.",,0
ACCT-0000518,2024-05-20,27.0,female,midwest,bachelor,part_time,standard,agent,False,True,687,3488.95,42112.0,12859.02,0.3054,41646.96,0.0772,12,3617.42,43409.02,0,0.0,365,9.0,"very smooth application process and the agent was helpful. transparent fees, no hidden charges that I noticed.",,0
ACCT-0001732,2023-02-17,38.0,male,south,high_school,self_employed,basic,online,False,False,599,2437.91,29558.32,13919.77,0.4709,37567.69,0.094,24,1723.15,41355.6,1,3.0,590,5.0,the agent kept rescheduling and the process took weeks. support never returned my calls about the missed payment.,2023-09-24,1
ACCT-0000726,2022-10-01,19.0,male,northeast,bachelor,full_time,basic,branch,False,False,767,6024.94,72506.29,16743.86,0.2309,80862.27,0.0627,12,6969.66,83635.97,0,2.0,1202,6.0,"transparent fees, no hidden charges that I noticed. easy to track payments through the mobile app.",,0
ACCT-0000700,2024-01-10,32.0,female,south,bachelor,full_time,basic,online,True,False,756,5954.03,71435.15,25300.01,0.3542,31671.79,0.0924,60,661.11,39666.8,3,1.0,494,9.0,"transparent fees, no hidden charges that I noticed. easy to track payments through the mobile app.",,0
ACCT-0000431,2024-09-08,47.0,female,pacific,bachelor,full_time,standard,online,True,False,655,7660.71,91626.16,25160.77,0.2746,100413.57,0.0653,24,4474.63,107391.02,1,2.0,496,4.0,"transparent fees, no hidden charges that I noticed. very smooth application process and the agent was helpful.",,0
ACCT-0001985,2023-04-24,44.0,female,midwest,graduate,self_employed,basic,online,True,True,715,3103.82,36927.75,14890.51,0.4032,30172.86,0.0805,24,1365.38,32769.0,4,1.0,644,7.0,"rates were competitive and the funds came through quickly. great customer service, will recommend to friends and family.",,0
ACCT-0001725,2022-08-15,32.0,female,south,bachelor,full_time,basic,branch,False,False,510,4584.26,54841.55,17378.84,0.3169,37926.73,0.1087,60,822.09,49325.6,3,3.0,339,9.0,"ok experience overall, no strong feelings to share. documentation requirements were typical for this kind of loan. still evaluating against other offers from competitor banks.",,0
ACCT-0000771,2023-11-25,,female,west,graduate,full_time,standard,online,False,False,767,4316.81,51702.0,18804.59,0.3637,16765.41,0.0787,84,260.18,21855.45,0,0.0,1149,4.0,very smooth application process and the agent was helpful.,,0
ACCT-0001885,2022-12-03,37.0,female,south,high_school,part_time,premium,agent,False,False,652,5981.87,71619.78,14801.83,0.2067,69065.21,0.0821,48,1692.87,81257.83,1,3.0,197,2.0,very smooth application process and the agent was helpful.,,0
ACCT-0001652,2024-10-27,23.0,male,west,bachelor,full_time,standard,online,True,True,716,3766.09,45192.61,11959.78,0.2646,35295.35,0.0697,84,532.12,44697.9,0,1.0,450,9.0,easy to track payments through the mobile app.,,0
ACCT-0000936,2024-06-15,48.0,nonbinary,west,bachelor,part_time,premium,mobile,True,False,655,3008.0,36093.81,7293.24,0.2021,33416.84,0.0635,60,651.42,39084.94,0,0.0,1262,6.0,"ok experience overall, no strong feelings to share. still evaluating against other offers from competitor banks.",,0
ACCT-0001301,2022-06-09,49.0,female,south,high_school,full_time,basic,branch,False,False,749,9458.52,113501.66,34153.87,0.3009,125129.14,0.085,36,3950.07,142202.63,0,0.0,322,8.0,"ok experience overall, no strong feelings to share. took longer than expected but got approved in the end. still evaluating against other offers from competitor banks.",,0
ACCT-0002467,2023-06-11,57.0,male,west,graduate,full_time,basic,mobile,False,False,653,2828.61,34102.4,6782.81,0.1989,35734.27,0.0773,84,552.25,46389.25,0,3.0,1118,9.0,"ok experience overall, no strong feelings to share.",,0
ACCT-0002366,2024-06-16,18.0,female,south,high_school,part_time,standard,agent,False,False,553,4853.67,58483.61,22671.7,0.3877,72815.84,0.0838,60,1489.8,89387.98,3,0.0,362,10.0,"transparent fees, no hidden charges that I noticed. very smooth application process and the agent was helpful. easy to track payments through the mobile app.",,0
ACCT-0002314,2022-12-01,19.0,male,northeast,bachelor,full_time,premium,online,True,False,633,4547.54,55002.53,10780.04,0.196,23301.41,0.0646,24,1037.6,24902.42,0,3.0,876,5.0,"transparent fees, no hidden charges that I noticed. very smooth application process and the agent was helpful. rates were competitive and the funds came through quickly.",,0
ACCT-0002383,2022-04-15,32.0,male,northeast,associate,full_time,basic,agent,False,True,711,2231.34,26808.35,19574.68,0.7302,30175.59,0.0921,12,2641.85,31702.2,0,1.0,1370,4.0,documentation requirements were typical for this kind of loan.,,0
ACCT-0001839,2024-05-22,35.0,male,northeast,high_school,full_time,premium,branch,True,False,507,2433.03,29267.45,17521.52,0.5987,10620.42,0.1137,24,496.81,11923.32,1,2.0,1002,8.0,"process was fine, nothing exceptional either way.",,0
ACCT-0001373,2024-12-28,18.0,male,west,bachelor,full_time,standard,online,True,False,711,4073.48,48841.84,14391.76,0.2947,36005.23,0.0854,12,3141.03,37692.34,0,3.0,1278,5.0,very smooth application process and the agent was helpful.,,0
ACCT-0002492,2023-11-13,37.0,female,south,bachelor,full_time,premium,mobile,True,True,785,3007.6,36140.89,10047.98,0.278,29367.83,0.059,48,688.42,33044.03,0,2.0,1055,10.0,"great customer service, will recommend to friends and family.",,0
ACCT-0001196,2023-09-15,30.0,male,northeast,high_school,full_time,basic,online,False,False,668,3614.87,43416.23,13382.38,0.3082,45286.24,0.0507,36,1358.74,48914.47,0,6.0,253,7.0,"great customer service, will recommend to friends and family. easy to track payments through the mobile app.",,0
ACCT-0001341,2024-11-22,46.0,male,pacific,bachelor,full_time,standard,mobile,False,False,820,5239.96,62747.44,16987.08,0.2707,36777.8,0.0955,60,773.36,46401.89,0,0.0,928,6.0,"rates were competitive and the funds came through quickly. great customer service, will recommend to friends and family.",,0
ACCT-0000002,2024-05-07,41.0,male,west,bachelor,full_time,basic,online,False,False,780,3703.81,43980.55,17639.92,0.4011,31916.42,0.0689,24,1427.45,34258.9,1,0.0,1213,6.0,"took longer than expected but got approved in the end. process was fine, nothing exceptional either way.",,0
ACCT-0002066,2023-05-10,41.0,female,northeast,graduate,full_time,basic,agent,False,False,666,2572.29,30794.92,6202.04,0.2014,20018.05,0.0587,24,886.01,21264.12,1,2.0,640,10.0,"great customer service, will recommend to friends and family. very smooth application process and the agent was helpful.",,0
ACCT-0001067,2022-06-13,49.0,male,northeast,bachelor,full_time,premium,online,False,True,724,5090.14,60968.93,22365.55,0.3668,32303.53,0.0953,60,678.83,40729.99,1,3.0,563,5.0,"ok experience overall, no strong feelings to share. process was fine, nothing exceptional either way.",,0
ACCT-0002028,2023-04-07,47.0,female,pacific,bachelor,full_time,basic,branch,True,True,720,4889.22,58516.83,25880.4,0.4423,45608.97,0.0708,48,1093.92,52508.24,2,,1109,10.0,"transparent fees, no hidden charges that I noticed. great customer service, will recommend to friends and family. rates were competitive and the funds came through quickly.",,0
ACCT-0001760,2022-07-28,18.0,male,west,associate,self_employed,premium,online,True,True,656,6017.46,71912.55,15482.82,0.2153,94523.27,0.0544,60,1802.94,108176.7,1,0.0,475,7.0,easy to track payments through the mobile app.,,0
ACCT-0001826,2022-07-13,53.0,male,south,associate,full_time,basic,branch,True,False,683,6715.68,80494.23,30166.89,0.3748,49835.35,0.0942,72,908.68,65425.03,3,4.0,144,10.0,"great customer service, will recommend to friends and family. easy to track payments through the mobile app.",,0
ACCT-0001298,2024-09-05,30.0,male,south,bachelor,contract,basic,mobile,True,False,574,3849.18,46110.37,11915.21,0.2584,54714.47,0.1165,60,1207.43,72445.6,1,1.0,779,8.0,documentation requirements were typical for this kind of loan. took longer than expected but got approved in the end.,,0
ACCT-0002388,2024-04-22,24.0,male,northeast,associate,full_time,premium,online,False,True,673,2403.67,28833.43,14094.51,0.4888,30626.15,0.0668,24,1366.77,32802.48,0,1.0,1147,6.0,very smooth application process and the agent was helpful.,,0
ACCT-0000723,2022-04-22,29.0,female,pacific,bachelor,full_time,basic,mobile,False,False,607,3756.36,44784.28,14376.58,0.321,54690.13,0.0704,48,1310.55,62906.4,1,2.0,463,4.0,,,0
ACCT-0002451,2024-08-12,53.0,male,west,associate,full_time,basic,online,False,False,733,5969.71,71590.92,22066.45,0.3082,83250.01,0.0817,48,2038.92,97868.02,0,1.0,741,10.0,"transparent fees, no hidden charges that I noticed. easy to track payments through the mobile app. very smooth application process and the agent was helpful.",,0
ACCT-0000155,2023-01-08,40.0,male,south,bachelor,full_time,basic,online,True,True,627,2731.76,33040.15,8659.04,0.2621,14341.61,0.094,36,458.77,16515.6,1,0.0,1294,8.0,support never returned my calls about the missed payment.,2023-02-14,1
ACCT-0001422,2023-08-15,32.0,male,pacific,associate,full_time,standard,online,True,True,816,6755.94,81398.82,15802.22,0.1941,27665.99,0.038,12,2353.25,28238.94,1,0.0,1180,5.0,easy to track payments through the mobile app.,,0
ACCT-0002025,2024-01-12,19.0,female,south,bachelor,full_time,basic,online,False,False,666,3426.57,41318.91,13217.57,0.3199,21253.14,0.0917,24,972.62,23342.98,0,,1087,8.0,,,0
ACCT-0001497,2023-08-17,28.0,male,south,graduate,full_time,basic,online,True,False,744,2096.74,24840.63,6490.32,0.2613,9814.12,0.0567,12,843.18,10118.16,0,,500,9.0,easy to track payments through the mobile app. rates were competitive and the funds came through quickly.,,0
ACCT-0000607,2024-02-15,59.0,male,west,graduate,full_time,basic,agent,True,False,639,2745.74,33352.74,13269.57,0.3979,45961.25,0.1061,36,1496.33,53867.78,0,0.0,1425,10.0,"very smooth application process and the agent was helpful. transparent fees, no hidden charges that I noticed.",,0
ACCT-0001427,2024-09-15,41.0,female,south,high_school,full_time,basic,online,False,True,561,3594.14,43426.43,16841.02,0.3878,27315.89,0.0752,60,547.59,32855.55,0,0.0,1033,10.0,"great customer service, will recommend to friends and family.",,0
ACCT-0000938,2023-11-14,37.0,female,northeast,associate,full_time,basic,online,False,False,725,6433.87,77087.89,21068.3,0.2733,29681.71,0.1322,48,799.51,38376.47,1,0.0,1399,8.0,"rates were competitive and the funds came through quickly. great customer service, will recommend to friends and family. transparent fees, no hidden charges that I noticed.",,0
ACCT-0002306,2023-08-26,19.0,male,northeast,bachelor,full_time,basic,agent,False,True,687,2263.87,27129.06,9555.33,0.3522,34618.7,0.1048,60,743.71,44622.9,1,2.0,555,7.0,"transparent fees, no hidden charges that I noticed. easy to track payments through the mobile app.",,0
ACCT-0001679,2023-07-12,49.0,female,south,high_school,full_time,premium,mobile,True,False,642,5259.39,62932.69,12170.26,0.1934,82567.1,0.0604,60,1597.94,95876.22,1,1.0,288,5.0,"very smooth application process and the agent was helpful. rates were competitive and the funds came through quickly. transparent fees, no hidden charges that I noticed.",,0
ACCT-0001295,2022-04-05,20.0,female,south,associate,full_time,basic,online,True,False,784,2344.95,28076.28,11770.96,0.4192,16333.44,0.068,48,389.6,18700.71,1,2.0,222,4.0,easy to track payments through the mobile app. very smooth application process and the agent was helpful.,,0
ACCT-0000782,2024-11-09,30.0,female,west,bachelor,full_time,standard,mobile,True,False,850,4838.99,58033.44,11956.81,0.206,78835.48,0.0708,84,1192.73,100189.53,1,3.0,864,5.0,"easy to track payments through the mobile app. transparent fees, no hidden charges that I noticed. rates were competitive and the funds came through quickly.",,0
ACCT-0000456,2023-03-28,64.0,male,south,bachelor,self_employed,basic,mobile,True,False,707,2365.91,28251.28,20098.51,0.7114,8076.72,0.0836,24,366.61,8798.67,2,1.0,589,7.0,"the agent kept rescheduling and the process took weeks. the autopay system charged me twice in the same month. fees were not explained clearly upfront, very disappointing.",2024-02-23,1
ACCT-0002436,2022-12-21,54.0,female,south,bachelor,full_time,standard,agent,True,False,647,11658.76,139989.08,56018.76,0.4002,165474.78,0.1109,60,3605.38,216322.66,3,1.0,593,5.0,"ok experience overall, no strong feelings to share. process was fine, nothing exceptional either way. took longer than expected but got approved in the end.",,0
ACCT-0001895,2023-05-11,53.0,male,south,bachelor,full_time,standard,online,True,False,674,6676.08,79852.84,17211.37,0.2155,48222.29,0.1136,60,1057.23,63433.63,0,0.0,520,9.0,very smooth application process and the agent was helpful. easy to track payments through the mobile app.,,0
ACCT-0001151,2022-09-12,35.0,female,west,associate,contract,standard,branch,True,False,611,2938.25,35282.98,9838.16,0.2788,14201.46,0.1128,72,272.39,19611.79,0,1.0,950,9.0,,,0
ACCT-0000697,2022-12-13,26.0,male,northeast,graduate,self_employed,premium,online,False,False,603,4359.21,52215.36,12569.51,0.2407,54699.11,0.0617,72,910.96,65589.08,1,2.0,845,4.0,"rates were competitive and the funds came through quickly. great customer service, will recommend to friends and family.",,0
ACCT-0000701,2022-03-03,48.0,male,northeast,bachelor,full_time,standard,mobile,False,True,824,4929.49,59006.97,21563.82,0.3654,75003.67,0.0836,36,2362.68,85056.49,0,1.0,399,9.0,"great customer service, will recommend to friends and family.",,0
ACCT-0002192,2023-06-10,26.0,female,west,bachelor,full_time,basic,branch,False,False,660,4376.97,52464.95,15554.25,0.2965,51010.73,0.0887,48,1266.23,60778.93,1,0.0,726,8.0,rates were competitive and the funds came through quickly.,,0
ACCT-0001567,2022-10-19,39.0,female,midwest,associate,full_time,standard,online,True,True,572,5019.52,59918.27,,0.3222,40147.8,0.0885,72,720.78,51896.47,0,3.0,1140,7.0,"ok experience overall, no strong feelings to share. process was fine, nothing exceptional either way.",2023-12-30,1
ACCT-0000080,2023-04-09,21.0,male,northeast,associate,full_time,premium,mobile,False,False,850,4684.38,56243.93,19898.52,0.3538,51346.21,0.0602,48,1206.36,57905.47,0,2.0,395,7.0,"very smooth application process and the agent was helpful. transparent fees, no hidden charges that I noticed. great customer service, will recommend to friends and family.",,0
ACCT-0000154,2023-06-17,43.0,female,northeast,associate,part_time,premium,online,False,True,807,4098.49,49634.31,14746.99,0.2971,63192.66,0.0735,24,2839.46,68146.96,1,0.0,571,7.0,"rates were competitive and the funds came through quickly. very smooth application process and the agent was helpful. transparent fees, no hidden charges that I noticed.",,0
ACCT-0000512,2022-11-03,52.0,male,west,graduate,contract,basic,mobile,True,False,743,6176.72,74296.19,17649.07,0.2376,55749.89,0.083,72,985.76,70974.54,0,0.0,327,7.0,documentation requirements were typical for this kind of loan.,,0
ACCT-0000311,2023-03-06,22.0,male,midwest,associate,full_time,basic,branch,False,True,554,8339.56,100054.32,31311.45,0.3129,91065.35,0.1286,48,2436.84,116968.42,0,1.0,1182,,"took longer than expected but got approved in the end. ok experience overall, no strong feelings to share.",2023-10-09,1
ACCT-0000349,2023-02-20,51.0,male,midwest,bachelor,full_time,basic,mobile,True,False,632,3514.08,41793.21,14521.24,0.3475,31049.5,0.0456,36,924.47,33280.9,0,2.0,248,6.0,"documentation requirements were typical for this kind of loan. ok experience overall, no strong feelings to share.",,0
ACCT-0001073,2022-10-30,34.0,female,northeast,bachelor,full_time,standard,mobile,True,False,736,3178.91,38461.35,10226.67,0.2659,37422.96,0.0809,48,915.15,43927.27,0,1.0,573,9.0,"great customer service, will recommend to friends and family. very smooth application process and the agent was helpful.",,0
ACCT-0002268,2023-05-07,18.0,female,south,bachelor,full_time,standard,mobile,True,False,673,3508.43,42271.81,21033.12,0.4976,55761.67,0.1084,24,2594.73,62273.63,3,0.0,78,9.0,"transparent fees, no hidden charges that I noticed. easy to track payments through the mobile app.",,0
ACCT-0000704,2023-09-06,69.0,female,pacific,associate,part_time,basic,online,True,False,610,5848.4,70395.93,11528.83,0.1638,63967.79,0.1038,72,1197.46,86216.81,0,0.0,918,7.0,"ok experience overall, no strong feelings to share. still evaluating against other offers from competitor banks.",,0
ACCT-0002295,2024-09-10,27.0,female,west,bachelor,full_time,standard,online,False,False,655,12236.96,146929.68,24131.71,0.1642,160477.83,0.0694,72,2731.38,196659.35,1,1.0,407,9.0,took longer than expected but got approved in the end. still evaluating against other offers from competitor banks.,,0
ACCT-0001700,2022-02-03,39.0,male,south,bachelor,full_time,basic,mobile,True,False,827,1556.39,18941.46,6402.54,0.338,5170.44,0.0565,72,84.84,6108.14,0,2.0,1003,9.0,"easy to track payments through the mobile app. rates were competitive and the funds came through quickly. great customer service, will recommend to friends and family.",,0
ACCT-0000793,2022-02-01,38.0,female,pacific,graduate,full_time,premium,online,False,False,745,10973.16,131497.39,24228.83,0.1843,96824.99,0.0872,60,1997.0,119820.14,1,1.0,1333,2.0,"very smooth application process and the agent was helpful. great customer service, will recommend to friends and family. rates were competitive and the funds came through quickly.",,0
ACCT-0001236,2023-05-17,25.0,male,south,bachelor,full_time,standard,branch,True,False,732,5627.65,67070.28,13986.48,0.2085,61028.9,0.1166,36,2017.0,72612.17,1,2.0,173,6.0,"great customer service, will recommend to friends and family. very smooth application process and the agent was helpful.",,0
ACCT-0002232,2022-06-02,48.0,female,midwest,associate,contract,standard,mobile,True,False,704,3338.47,40057.17,15591.91,0.3892,10294.2,0.0989,24,474.51,11388.27,0,1.0,139,5.0,"great customer service, will recommend to friends and family. rates were competitive and the funds came through quickly. easy to track payments through the mobile app.",,0
ACCT-0000334,2023-12-12,22.0,female,pacific,bachelor,full_time,basic,mobile,False,False,751,4915.67,58905.94,23267.39,0.395,43134.39,0.0852,12,3762.48,45149.78,0,1.0,462,8.0,very smooth application process and the agent was helpful.,,0
ACCT-0002211,2022-11-24,,male,west,associate,full_time,standard,mobile,True,False,546,3779.5,45678.64,25399.29,0.556,53323.88,0.1288,12,4759.81,57117.66,0,2.0,789,,"great customer service, will recommend to friends and family. transparent fees, no hidden charges that I noticed. rates were competitive and the funds came through quickly.",,0
ACCT-0001561,2023-11-27,42.0,male,northeast,bachelor,full_time,basic,online,False,True,714,1846.33,22536.98,7950.19,0.3528,11214.25,0.0718,36,347.17,12498.02,0,1.0,616,9.0,very smooth application process and the agent was helpful.,,0
ACCT-0000647,2024-02-19,55.0,female,west,bachelor,full_time,basic,online,False,False,635,1923.23,22842.83,13289.31,0.5818,14985.91,0.0719,48,360.18,17288.73,0,0.0,599,9.0,"rates were competitive and the funds came through quickly. great customer service, will recommend to friends and family.",,0
ACCT-0001695,2023-09-14,32.0,male,pacific,bachelor,self_employed,basic,online,True,False,718,3344.17,39909.01,8238.27,0.2064,22709.86,0.0884,84,363.49,30533.32,1,0.0,536,2.0,"transparent fees, no hidden charges that I noticed. great customer service, will recommend to friends and family. easy to track payments through the mobile app.",,0
ACCT-0002001,2023-07-05,52.0,female,midwest,bachelor,full_time,basic,online,True,True,665,4523.55,54688.64,15515.22,0.2837,48681.09,0.0782,60,982.99,58979.61,1,1.0,1404,7.0,easy to track payments through the mobile app. very smooth application process and the agent was helpful.,,0
ACCT-0000073,2023-10-19,43.0,male,midwest,bachelor,self_employed,premium,online,False,False,683,3546.06,42708.61,9848.61,0.2306,44386.04,0.0839,72,786.69,56641.61,1,1.0,1209,5.0,,,0
ACCT-0002327,2022-03-30,49.0,female,pacific,bachelor,part_time,basic,mobile,True,True,737,2583.72,30730.18,11187.32,0.3641,14973.9,0.0618,84,220.08,18486.42,1,2.0,69,6.0,"easy to track payments through the mobile app. transparent fees, no hidden charges that I noticed.",,0
ACCT-0001163,2024-06-13,33.0,male,northeast,bachelor,full_time,premium,online,True,True,663,3732.43,44551.39,13832.78,0.3105,23637.87,0.0647,60,462.23,27733.51,1,2.0,296,6.0,support never returned my calls about the missed payment. the agent kept rescheduling and the process took weeks.,2025-10-31,1
ACCT-0001037,2024-06-23,40.0,male,south,bachelor,contract,basic,agent,True,False,639,6538.1,78297.88,21689.85,0.277,95199.51,0.0767,36,2968.88,106879.79,1,1.0,745,7.0,the autopay system charged me twice in the same month.,2025-10-29,1
ACCT-0002275,2023-02-28,,male,pacific,associate,full_time,standard,mobile,True,False,775,3549.89,42768.23,13297.05,0.3109,57178.02,0.0798,12,4973.23,59678.78,0,1.0,364,6.0,"easy to track payments through the mobile app. great customer service, will recommend to friends and family.",,0
ACCT-0001831,2024-12-13,44.0,male,northeast,bachelor,self_employed,standard,agent,True,False,733,6571.03,78861.03,17638.01,0.2237,87432.03,0.1173,12,7757.16,93085.9,1,1.0,1128,7.0,easy to track payments through the mobile app.,,0
ACCT-0001987,2023-10-24,43.0,female,northeast,high_school,contract,basic,online,True,False,605,5662.26,68136.75,24319.25,0.3569,42809.31,0.0752,48,1035.43,49700.76,0,0.0,1484,6.0,"transparent fees, no hidden charges that I noticed. great customer service, will recommend to friends and family. rates were competitive and the funds came through quickly.",,0
ACCT-0000762,2024-03-28,19.0,female,south,high_school,full_time,basic,online,True,False,764,5339.3,64043.95,17138.36,0.2676,72439.33,0.0534,24,3189.01,76536.33,0,0.0,1383,7.0,easy to track payments through the mobile app. rates were competitive and the funds came through quickly.,,0
ACCT-0000934,2024-04-28,43.0,male,midwest,bachelor,full_time,premium,branch,True,False,705,8193.03,98571.33,27820.38,0.2822,134433.97,0.1123,60,2938.12,176287.24,1,0.0,1392,8.0,still evaluating against other offers from competitor banks.,,0
ACCT-0001426,2024-07-21,72.0,male,northeast,bachelor,part_time,standard,branch,False,False,620,5969.48,71524.58,13451.2,0.1881,38403.36,0.122,72,754.82,54347.23,1,1.0,194,8.0,"process was fine, nothing exceptional either way.",,0
ACCT-0000621,2022-11-01,23.0,female,west,bachelor,full_time,basic,online,False,True,615,9687.51,116264.18,21676.98,0.1864,151724.15,0.0464,48,3469.08,166515.79,1,1.0,109,8.0,support never returned my calls about the missed payment. the agent kept rescheduling and the process took weeks.,2023-10-19,1
ACCT-0002193,2024-11-09,49.0,female,northeast,bachelor,part_time,premium,branch,True,False,766,5213.35,62642.03,34944.66,0.5578,86517.17,0.0824,36,2720.75,97947.16,3,0.0,1164,8.0,easy to track payments through the mobile app.,,0
ACCT-0000529,2022-07-18,35.0,male,pacific,graduate,full_time,basic,branch,True,True,799,2642.28,31552.76,13346.9,0.423,11813.35,0.0796,60,239.32,14359.02,0,0.0,880,4.0,"rates were competitive and the funds came through quickly. great customer service, will recommend to friends and family. very smooth application process and the agent was helpful.",,0
ACCT-0000110,2024-02-26,58.0,female,west,bachelor,self_employed,standard,mobile,False,True,770,6291.04,75501.01,14572.02,0.193,77603.25,0.167,24,3825.58,91814.0,0,1.0,475,8.0,"great customer service, will recommend to friends and family.",,0
ACCT-0000979,2022-12-27,37.0,male,northeast,high_school,part_time,basic,online,True,False,673,3273.5,39353.71,16284.54,0.4138,46726.9,0.0748,12,4053.47,48641.66,2,1.0,757,7.0,very smooth application process and the agent was helpful.,,0
ACCT-0000013,2022-05-25,61.0,female,midwest,bachelor,contract,basic,mobile,True,False,657,6020.43,72200.22,18689.07,0.2589,80404.86,0.1329,12,7192.48,86309.7,0,1.0,176,7.0,the agent kept rescheduling and the process took weeks.,2023-02-09,1
ACCT-0002402,2024-09-12,25.0,female,midwest,bachelor,self_employed,basic,online,True,False,643,3119.84,37228.85,8679.23,0.2331,30248.85,0.1171,48,792.3,38030.43,0,3.0,212,8.0,"process was fine, nothing exceptional either way. ok experience overall, no strong feelings to share. took longer than expected but got approved in the end.",,0
ACCT-0001417,2024-12-01,30.0,female,northeast,bachelor,self_employed,premium,online,False,False,623,1492.12,18160.22,22447.08,1.2361,24929.91,0.0843,36,786.18,28302.64,0,3.0,232,8.0,"documentation requirements were typical for this kind of loan. ok experience overall, no strong feelings to share.",,0
ACCT-0000051,2022-05-21,43.0,female,west,graduate,full_time,standard,online,True,False,727,4021.91,48384.47,20171.43,0.4169,43219.34,0.0858,12,3771.12,45253.42,0,3.0,434,3.0,took longer than expected but got approved in the end. documentation requirements were typical for this kind of loan.,,0
ACCT-0001307,2022-08-10,23.0,male,pacific,associate,contract,standard,online,False,False,783,6731.8,80652.79,21929.47,0.2719,51125.04,0.0926,48,1278.53,61369.31,1,1.0,1418,9.0,took longer than expected but got approved in the end.,,0
ACCT-0001746,2022-02-09,55.0,female,west,bachelor,full_time,basic,mobile,False,False,653,2315.04,27877.24,7990.7,0.2866,33092.91,0.085,60,678.92,40735.2,0,1.0,539,2.0,the autopay system charged me twice in the same month.,2022-11-12,1
ACCT-0001204,2023-01-07,25.0,male,west,bachelor,full_time,basic,mobile,True,False,797,2657.62,31773.32,27236.38,0.8572,21806.12,0.1095,24,1015.78,24378.81,1,0.0,859,9.0,"process was fine, nothing exceptional either way. ok experience overall, no strong feelings to share.",,0
ACCT-0000373,2023-09-13,29.0,male,south,graduate,full_time,standard,mobile,True,True,759,2585.19,30583.08,6913.09,0.226,9398.08,0.0518,24,413.07,9913.74,1,0.0,1326,5.0,"easy to track payments through the mobile app. transparent fees, no hidden charges that I noticed.",,0
ACCT-0001218,2024-07-01,56.0,female,pacific,bachelor,full_time,standard,mobile,True,True,620,2498.44,29768.62,6005.88,0.2018,15082.94,0.1054,72,283.56,20416.32,1,5.0,215,7.0,"rates were competitive and the funds came through quickly. very smooth application process and the agent was helpful. transparent fees, no hidden charges that I noticed.",,0
ACCT-0001101,2023-12-03,41.0,female,midwest,bachelor,part_time,standard,online,True,False,737,5882.05,70951.93,19630.92,0.2767,47207.16,0.0527,36,1420.59,51141.1,0,1.0,507,10.0,"transparent fees, no hidden charges that I noticed. easy to track payments through the mobile app. very smooth application process and the agent was helpful.",,0
ACCT-0000399,2023-08-09,49.0,male,south,associate,part_time,basic,branch,True,True,745,10371.24,123928.57,30585.86,0.2468,33194.16,0.0891,84,532.55,44734.34,1,2.0,530,5.0,interest rate jumped after the first quarter without warning.,2023-11-24,1
ACCT-0001569,2023-10-08,45.0,male,midwest,graduate,full_time,standard,mobile,True,True,766,3848.38,46083.57,19011.81,0.4126,20569.58,0.0671,84,307.49,25829.46,1,0.0,622,6.0,"transparent fees, no hidden charges that I noticed. easy to track payments through the mobile app.",,0
ACCT-0002493,2024-07-18,19.0,female,northeast,bachelor,part_time,premium,branch,True,False,765,3196.91,38400.8,23723.26,0.6178,40232.42,0.0623,12,3466.85,41602.16,1,,723,6.0,"great customer service, will recommend to friends and family. easy to track payments through the mobile app.",,0
ACCT-0001715,2023-08-27,40.0,male,midwest,graduate,self_employed,standard,branch,True,False,747,5909.43,70794.07,12676.52,0.1791,79361.06,0.1075,60,1715.57,102933.92,0,2.0,33,6.0,documentation requirements were typical for this kind of loan. still evaluating against other offers from competitor banks.,,0
ACCT-0002213,2023-06-03,49.0,male,west,bachelor,full_time,basic,online,False,False,765,2409.34,28909.5,27550.79,0.953,30782.74,0.066,60,603.71,36222.38,3,1.0,638,6.0,support never returned my calls about the missed payment.,2024-10-24,1
ACCT-0002372,2022-08-19,48.0,male,midwest,bachelor,contract,basic,online,False,False,578,4088.92,48709.07,23099.66,0.4742,53261.72,0.0936,60,1115.08,66904.98,1,2.0,930,6.0,"great customer service, will recommend to friends and family. rates were competitive and the funds came through quickly.",,0
ACCT-0000038,2022-05-15,47.0,female,midwest,graduate,full_time,basic,online,True,False,773,1920.01,22579.8,8843.75,0.3917,14646.99,0.0608,84,214.51,18018.97,0,0.0,98,10.0,"very smooth application process and the agent was helpful. transparent fees, no hidden charges that I noticed.",,0
ACCT-0000135,2024-02-18,37.0,female,northeast,associate,full_time,standard,branch,False,False,713,6854.27,82267.8,,0.2196,27037.99,0.0832,84,425.81,35767.89,1,1.0,328,9.0,documentation requirements were typical for this kind of loan.,,0
ACCT-0000577,2024-02-12,60.0,female,south,high_school,part_time,premium,online,True,False,682,4823.12,57981.57,11283.41,0.1946,79134.44,0.0772,72,1376.7,99122.45,0,1.0,1190,7.0,"very smooth application process and the agent was helpful. transparent fees, no hidden charges that I noticed.",,0
ACCT-0000676,2023-02-27,27.0,female,west,bachelor,self_employed,standard,online,True,True,731,4995.89,59790.31,12144.94,0.2031,53135.7,0.0773,12,4615.58,55386.91,0,0.0,652,6.0,"transparent fees, no hidden charges that I noticed. rates were competitive and the funds came through quickly.",,0
ACCT-0001601,2022-12-17,71.0,male,pacific,high_school,full_time,basic,branch,True,True,693,10184.81,121950.13,21838.42,0.1791,147824.29,0.0921,48,3693.55,177290.37,1,1.0,1085,10.0,"very smooth application process and the agent was helpful. transparent fees, no hidden charges that I noticed. easy to track payments through the mobile app.",,0
ACCT-0001872,2023-01-09,41.0,male,northeast,associate,full_time,basic,mobile,False,False,674,4770.78,56964.17,15753.87,0.2766,49049.18,0.1109,36,1607.87,57883.24,0,1.0,1379,,"great customer service, will recommend to friends and family. very smooth application process and the agent was helpful.",,0
ACCT-0000406,2023-10-13,33.0,male,west,associate,full_time,basic,online,True,False,718,4653.08,55977.7,20708.49,0.3699,26565.41,0.0646,60,519.23,31153.92,1,2.0,852,4.0,easy to track payments through the mobile app.,,0
ACCT-0000531,2022-03-27,26.0,male,south,associate,full_time,standard,agent,True,True,664,4490.62,54348.81,34849.17,0.6412,17588.02,0.039,12,1496.85,17962.22,0,2.0,1118,10.0,"took longer than expected but got approved in the end. ok experience overall, no strong feelings to share.",,0
ACCT-0000568,2023-10-22,33.0,male,northeast,associate,contract,standard,online,False,False,718,2981.11,35168.16,12947.82,0.3682,43745.69,0.1195,12,3885.8,46629.55,0,3.0,1240,6.0,"transparent fees, no hidden charges that I noticed. very smooth application process and the agent was helpful.",,0
ACCT-0001530,2022-03-14,37.0,female,south,associate,self_employed,basic,mobile,True,False,832,7715.18,92700.32,16560.18,0.1786,58401.56,0.059,36,1774.03,63865.1,0,0.0,1333,10.0,easy to track payments through the mobile app.,,0
ACCT-0000386,2024-01-04,42.0,female,west,bachelor,full_time,basic,online,False,False,624,4465.0,53592.57,23439.08,0.4374,47548.33,0.109,60,1031.55,61893.27,1,1.0,1282,3.0,"rates were competitive and the funds came through quickly. transparent fees, no hidden charges that I noticed.",,0
ACCT-0000663,2023-06-11,34.0,female,west,high_school,full_time,standard,online,True,False,655,6907.33,83160.27,15872.23,0.1909,96182.74,0.1146,12,8521.52,102258.27,0,1.0,223,4.0,"great customer service, will recommend to friends and family.",,0
ACCT-0000666,2024-08-08,62.0,female,northeast,bachelor,full_time,standard,online,True,False,658,5009.92,59973.86,,0.2025,57182.33,0.1215,48,1510.16,72487.56,0,0.0,385,8.0,"rates were competitive and the funds came through quickly. transparent fees, no hidden charges that I noticed. great customer service, will recommend to friends and family.",,0
ACCT-0001557,2022-06-07,29.0,female,south,bachelor,contract,basic,branch,True,False,550,2842.58,34057.45,29877.97,0.8773,22605.86,0.1131,12,2001.23,24014.71,3,1.0,1136,1.0,"transparent fees, no hidden charges that I noticed. great customer service, will recommend to friends and family. easy to track payments through the mobile app.",,0
ACCT-0000374,2022-11-25,32.0,female,northeast,high_school,full_time,basic,mobile,False,True,750,4869.95,57922.42,20202.73,0.3488,72441.84,0.0472,48,1658.96,79630.13,1,0.0,1104,8.0,"transparent fees, no hidden charges that I noticed. great customer service, will recommend to friends and family.",,0
ACCT-0000416,2022-11-07,41.0,male,south,high_school,full_time,basic,branch,False,False,680,3267.51,39428.6,9877.58,0.2505,53071.54,0.0491,72,852.5,61380.14,1,0.0,1393,8.0,rates were competitive and the funds came through quickly.,,0
ACCT-0001663,2022-01-21,48.0,female,midwest,graduate,full_time,basic,branch,True,False,693,5824.45,70089.7,12981.62,0.1852,28309.24,0.0648,60,553.7,33221.74,1,0.0,1230,4.0,,,0
ACCT-0001460,2023-03-07,35.0,male,midwest,high_school,full_time,basic,branch,False,True,704,2510.02,30214.15,28225.6,0.9342,35558.02,0.1044,48,909.38,43650.32,3,1.0,1162,8.0,"still evaluating against other offers from competitor banks. ok experience overall, no strong feelings to share. documentation requirements were typical for this kind of loan.",,0
ACCT-0001398,2024-11-12,39.0,female,west,high_school,full_time,basic,branch,False,False,675,7612.01,91695.23,27392.57,0.2987,34037.03,0.1057,60,732.73,43963.89,0,,833,10.0,rates were competitive and the funds came through quickly.,,0
ACCT-0000753,2023-04-10,31.0,female,midwest,graduate,full_time,basic,branch,False,True,597,5773.72,69284.9,34107.49,0.4923,56194.22,0.1051,24,2606.39,62553.42,5,3.0,915,10.0,interest rate jumped after the first quarter without warning. the agent kept rescheduling and the process took weeks.,2023-08-19,1
ACCT-0002289,2023-10-29,75.0,male,west,bachelor,full_time,basic,mobile,True,False,739,3570.86,42974.62,13235.6,0.308,37331.39,0.056,84,538.29,45216.11,0,2.0,588,3.0,"process was fine, nothing exceptional either way.",,0
ACCT-0000032,2024-11-03,35.0,male,midwest,graduate,full_time,basic,branch,False,False,679,5614.52,67788.65,23576.49,0.3478,36446.25,0.1091,24,1697.08,40729.89,1,0.0,568,4.0,"documentation requirements were typical for this kind of loan. process was fine, nothing exceptional either way.",,0
ACCT-0001127,2024-10-09,36.0,male,west,graduate,part_time,basic,agent,True,False,738,2713.9,32887.84,5653.36,0.1719,28915.35,0.1077,84,491.68,41301.3,0,1.0,585,10.0,"ok experience overall, no strong feelings to share.",,0
ACCT-0001962,2024-10-02,44.0,female,west,high_school,full_time,standard,online,False,True,586,3004.79,35928.91,11112.01,0.3093,17933.97,0.1106,72,341.89,24615.74,1,1.0,1268,2.0,easy to track payments through the mobile app. very smooth application process and the agent was helpful.,,0
ACCT-0001431,2022-11-10,39.0,male,south,graduate,self_employed,basic,branch,True,False,702,7388.35,88454.08,16206.57,0.1832,79142.54,0.0731,72,1361.24,98009.39,0,0.0,1034,6.0,"easy to track payments through the mobile app. very smooth application process and the agent was helpful. transparent fees, no hidden charges that I noticed.",,0
ACCT-0002449,2022-02-25,40.0,male,northeast,bachelor,full_time,basic,online,False,False,600,8183.54,98266.69,23444.69,0.2386,115783.6,0.0692,48,2768.33,132879.9,2,3.0,1450,8.0,"transparent fees, no hidden charges that I noticed.",,0
ACCT-0000200,2024-12-29,40.0,male,northeast,bachelor,full_time,premium,branch,False,True,683,3252.42,39089.11,21030.43,0.538,20839.4,0.0945,60,437.19,26231.38,1,2.0,269,2.0,rates were competitive and the funds came through quickly. easy to track payments through the mobile app.,,0
ACCT-0000469,2022-06-18,54.0,male,south,bachelor,full_time,basic,mobile,False,False,747,6970.23,83707.53,16059.8,0.1919,93446.27,0.0406,36,2761.34,99408.27,1,1.0,1162,6.0,"easy to track payments through the mobile app. transparent fees, no hidden charges that I noticed.",,0
ACCT-0000046,2022-08-31,44.0,male,west,associate,full_time,premium,branch,False,True,671,7699.9,92485.71,17194.23,0.1859,123772.23,0.0999,60,2628.91,157734.77,2,1.0,617,7.0,"process was fine, nothing exceptional either way. took longer than expected but got approved in the end.",,0
ACCT-0001446,2023-06-14,40.0,male,west,graduate,full_time,standard,mobile,True,True,776,5874.49,70548.75,27606.6,0.3913,79172.84,0.025,24,3385.46,81251.08,0,1.0,359,6.0,"great customer service, will recommend to friends and family.",,0
ACCT-0000238,2023-03-07,33.0,female,south,high_school,full_time,premium,branch,True,False,701,3303.47,40087.56,16162.38,0.4032,30053.17,0.0705,48,720.3,34574.17,0,,74,7.0,"rates were competitive and the funds came through quickly. transparent fees, no hidden charges that I noticed.",,0
ACCT-0000947,2024-05-17,22.0,male,west,high_school,self_employed,basic,online,False,False,810,5986.35,71628.57,29215.37,0.4079,55846.47,0.0615,36,1702.82,61301.37,2,1.0,896,9.0,easy to track payments through the mobile app.,,0
ACCT-0001476,2024-08-06,49.0,female,west,bachelor,contract,basic,online,True,True,588,4535.19,54163.34,21847.51,0.4034,74858.79,0.1174,36,2477.19,89178.83,3,1.0,517,6.0,very smooth application process and the agent was helpful. easy to track payments through the mobile app.,,0
ACCT-0002119,2022-03-06,48.0,male,west,high_school,full_time,standard,mobile,False,True,708,4920.15,58959.27,16205.73,0.2749,40006.28,0.1032,60,856.26,51375.48,0,2.0,372,3.0,took longer than expected but got approved in the end.,,0
ACCT-0001175,2023-02-17,46.0,female,northeast,associate,full_time,basic,mobile,True,False,777,5068.08,60925.55,13192.25,0.2165,30433.1,0.0604,24,1349.43,32386.25,0,0.0,82,0.0,"rates were competitive and the funds came through quickly. great customer service, will recommend to friends and family. easy to track payments through the mobile app.",,0
ACCT-0000458,2023-07-03,47.0,male,northeast,associate,self_employed,basic,agent,True,False,746,10202.57,122325.02,25649.84,0.2097,63460.82,0.0536,36,1912.14,68837.17,1,2.0,943,4.0,documentation requirements were typical for this kind of loan. still evaluating against other offers from competitor banks.,,0
ACCT-0002169,2023-03-08,30.0,male,northeast,bachelor,self_employed,basic,agent,False,False,682,4243.26,51229.02,14475.72,0.2826,69067.86,0.0949,72,1261.79,90848.79,0,1.0,443,5.0,"rates were competitive and the funds came through quickly. great customer service, will recommend to friends and family.",,0
ACCT-0000321,2024-12-14,38.0,female,west,bachelor,full_time,premium,online,True,False,580,1066.62,12715.5,12180.54,0.9579,15393.81,0.1124,60,336.52,20191.45,0,1.0,1253,6.0,"easy to track payments through the mobile app. very smooth application process and the agent was helpful. transparent fees, no hidden charges that I noticed.",,0
ACCT-0001531,2022-08-21,49.0,male,south,high_school,full_time,basic,online,True,False,638,4217.71,50604.15,14717.53,0.2908,29804.12,0.0541,72,485.65,34966.59,0,0.0,746,10.0,took longer than expected but got approved in the end. still evaluating against other offers from competitor banks.,,0
ACCT-0000065,2022-10-10,37.0,female,midwest,high_school,self_employed,basic,agent,True,False,603,4906.88,58498.64,18241.07,0.3118,73581.15,0.0985,60,1557.83,93469.78,0,0.0,1321,4.0,"rates were competitive and the funds came through quickly. very smooth application process and the agent was helpful. transparent fees, no hidden charges that I noticed.",,0
ACCT-0000089,2024-02-21,22.0,male,south,bachelor,full_time,basic,mobile,False,False,706,4605.87,55222.45,16982.0,0.3075,37132.63,0.1067,84,629.37,52867.21,0,3.0,969,6.0,easy to track payments through the mobile app. very smooth application process and the agent was helpful.,,0
ACCT-0001095,2024-12-17,39.0,male,northeast,high_school,full_time,basic,branch,True,True,644,5843.82,70323.79,15785.87,0.2245,67038.35,0.0509,72,1082.6,77947.38,1,2.0,1099,9.0,"took longer than expected but got approved in the end. process was fine, nothing exceptional either way.",,0
ACCT-0002010,2023-11-13,54.0,female,northeast,bachelor,full_time,basic,branch,False,False,615,4895.84,58474.19,24868.83,0.4253,81224.49,0.0805,84,1267.94,106506.72,2,1.0,61,9.0,the autopay system charged me twice in the same month.,2024-01-12,1
ACCT-0002488,2023-07-25,51.0,nonbinary,south,high_school,full_time,basic,online,True,False,635,3388.77,40409.25,20622.79,0.5103,49583.48,0.0868,48,1226.26,58860.61,2,0.0,37,6.0,took longer than expected but got approved in the end.,2024-12-30,1
ACCT-0001023,2022-01-02,36.0,male,pacific,bachelor,full_time,standard,mobile,False,True,630,3582.64,42686.68,9445.31,0.2213,28405.14,0.1034,24,1315.26,31566.21,0,2.0,139,9.0,"process was fine, nothing exceptional either way.",,0
ACCT-0000915,2023-10-01,37.0,female,south,bachelor,part_time,standard,online,False,False,722,4597.54,55374.78,20353.78,0.3676,27104.32,0.0682,24,1211.27,29070.44,1,3.0,765,6.0,easy to track payments through the mobile app. very smooth application process and the agent was helpful.,,0
ACCT-0001484,2023-02-19,38.0,male,south,bachelor,full_time,standard,online,True,True,703,2611.58,31330.54,6155.25,0.1965,41621.58,0.1066,36,1355.96,48814.66,0,3.0,784,2.0,"great customer service, will recommend to friends and family.",,0
ACCT-0001454,2023-10-14,58.0,male,west,bachelor,contract,standard,mobile,True,False,659,3273.36,39519.29,12945.37,0.3276,35046.64,0.1098,12,3097.1,37165.24,0,0.0,313,6.0,"transparent fees, no hidden charges that I noticed. easy to track payments through the mobile app. great customer service, will recommend to friends and family.",,0
ACCT-0000591,2024-06-15,34.0,male,midwest,bachelor,part_time,standard,agent,True,True,682,2499.57,29965.25,13721.04,0.4579,11818.66,0.086,24,537.75,12906.1,0,1.0,1062,7.0,"very smooth application process and the agent was helpful. great customer service, will recommend to friends and family.",,0
ACCT-0000604,2022-03-20,32.0,male,pacific,high_school,full_time,standard,agent,False,False,806,6124.34,73700.77,12711.12,0.1725,98260.35,0.0503,36,2946.49,106073.8,1,1.0,802,6.0,"easy to track payments through the mobile app. great customer service, will recommend to friends and family.",,0
ACCT-0000237,2022-12-21,41.0,female,midwest,high_school,self_employed,standard,branch,False,False,684,3534.14,42513.9,16451.75,0.387,59431.31,0.0802,12,5170.31,62043.74,0,1.0,946,5.0,rates were competitive and the funds came through quickly.,,0
ACCT-0001690,2024-10-28,56.0,female,south,graduate,full_time,basic,branch,True,False,710,3786.13,45419.25,26030.53,0.5731,43723.63,0.0687,24,1954.98,46919.52,3,2.0,791,5.0,"transparent fees, no hidden charges that I noticed.",,0
ACCT-0001502,2022-05-03,35.0,female,pacific,associate,full_time,basic,online,False,False,539,4399.32,52874.74,12389.14,0.2343,71156.33,0.1004,84,1182.78,99353.92,0,2.0,1043,8.0,still evaluating against other offers from competitor banks. took longer than expected but got approved in the end.,,0
ACCT-0001858,2024-02-06,23.0,male,south,bachelor,full_time,standard,online,False,True,837,6071.88,73279.83,18345.07,0.2503,31949.13,0.0731,72,549.5,39563.75,0,2.0,1482,2.0,easy to track payments through the mobile app.,,0
ACCT-0002260,2023-11-16,46.0,female,midwest,associate,full_time,basic,online,False,False,640,2786.38,33622.23,9922.43,0.2951,37742.9,0.1238,48,1001.05,48050.5,1,1.0,756,7.0,"transparent fees, no hidden charges that I noticed.",,0
ACCT-0001511,2022-06-04,35.0,female,south,bachelor,part_time,basic,online,True,True,602,5668.23,67794.91,15200.1,0.2242,33068.11,0.1114,36,1084.84,39054.2,1,2.0,783,5.0,easy to track payments through the mobile app.,,0
ACCT-0001808,2023-05-08,51.0,male,west,bachelor,full_time,basic,branch,True,False,642,3935.19,47286.71,26531.14,0.5611,58886.51,0.0551,48,1369.68,65744.6,1,0.0,1129,6.0,easy to track payments through the mobile app. very smooth application process and the agent was helpful.,,0
ACCT-0001954,2022-11-09,18.0,male,south,bachelor,full_time,premium,agent,True,False,627,8943.92,106684.15,27469.97,0.2575,43069.84,0.04,48,972.49,46679.53,0,1.0,713,10.0,"ok experience overall, no strong feelings to share. took longer than expected but got approved in the end. still evaluating against other offers from competitor banks.",,0
ACCT-0000144,2022-09-08,29.0,male,midwest,bachelor,contract,standard,online,True,False,659,8410.95,100556.61,22314.8,0.2219,125245.63,0.1507,48,3490.05,167522.3,1,3.0,299,7.0,"process was fine, nothing exceptional either way. ok experience overall, no strong feelings to share.",,0
ACCT-0000036,2024-02-29,40.0,female,northeast,associate,full_time,standard,agent,False,False,706,7591.53,91247.31,18412.34,0.2018,98052.18,0.0554,36,2962.76,106659.47,1,1.0,1176,6.0,easy to track payments through the mobile app.,,0
ACCT-0001638,2022-09-04,40.0,male,northeast,bachelor,full_time,standard,branch,False,False,609,4538.07,54211.92,14982.24,0.2764,58870.42,0.114,60,1291.67,77499.96,2,2.0,988,6.0,"ok experience overall, no strong feelings to share. still evaluating against other offers from competitor banks.",,0
ACCT-0002423,2022-10-11,47.0,male,south,bachelor,full_time,basic,online,False,True,614,4220.79,50872.36,8577.68,0.1686,17557.65,0.0757,24,790.64,18975.46,0,2.0,1401,6.0,"process was fine, nothing exceptional either way.",,0
ACCT-0000693,2022-06-22,18.0,female,west,bachelor,full_time,premium,mobile,False,True,630,2357.84,28793.13,29908.93,1.0388,23948.23,0.1229,36,798.77,28755.57,0,1.0,1092,7.0,"process was fine, nothing exceptional either way. documentation requirements were typical for this kind of loan. took longer than expected but got approved in the end.",,0
ACCT-0000297,2022-11-20,48.0,male,west,bachelor,contract,standard,online,False,False,620,6170.62,74219.27,11696.14,0.1576,94032.61,0.0675,24,4199.35,100784.42,0,0.0,923,8.0,"rates were competitive and the funds came through quickly. great customer service, will recommend to friends and family.",,0
ACCT-0001847,2024-11-24,42.0,female,south,bachelor,full_time,standard,online,False,True,674,4296.7,51072.19,13074.0,0.256,48159.01,0.136,60,1110.68,66640.94,0,1.0,898,8.0,"still evaluating against other offers from competitor banks. process was fine, nothing exceptional either way.",,0
ACCT-0001966,2023-11-19,36.0,female,northeast,bachelor,full_time,standard,mobile,False,False,723,1739.56,20686.03,,0.8971,25046.04,0.0998,12,2201.69,26420.26,1,6.0,892,7.0,"great customer service, will recommend to friends and family. transparent fees, no hidden charges that I noticed.",,0
ACCT-0000787,2023-11-01,46.0,female,pacific,bachelor,full_time,standard,mobile,True,False,712,7091.92,84836.05,14815.51,0.1746,115161.28,0.0838,12,10037.77,120453.2,1,2.0,186,4.0,"transparent fees, no hidden charges that I noticed.",,0
ACCT-0001654,2022-02-03,18.0,female,northeast,graduate,contract,basic,online,False,True,483,7408.32,88853.5,25093.79,0.2824,119237.37,0.1124,36,3917.08,141015.04,0,1.0,326,8.0,"documentation requirements were typical for this kind of loan. took longer than expected but got approved in the end. process was fine, nothing exceptional either way.",,0
ACCT-0001620,2022-11-01,24.0,male,south,high_school,full_time,standard,branch,True,False,758,3125.48,37497.43,13515.6,0.3604,43088.64,0.0678,84,645.73,54241.22,1,2.0,821,8.0,"transparent fees, no hidden charges that I noticed. easy to track payments through the mobile app.",,0
ACCT-0002178,2022-11-17,46.0,male,south,high_school,full_time,basic,online,False,False,639,2562.87,30569.63,9642.95,0.3154,20794.43,0.0779,48,505.65,24271.4,2,1.0,387,9.0,"fees were not explained clearly upfront, very disappointing.",2023-07-26,1
ACCT-0000946,2023-05-06,36.0,male,midwest,bachelor,contract,basic,online,False,False,667,3635.77,43369.06,19843.04,0.4575,49535.99,0.079,60,1001.97,60118.43,0,1.0,136,9.0,"fees were not explained clearly upfront, very disappointing. interest rate jumped after the first quarter without warning.",2024-06-08,1
ACCT-0002181,2023-03-09,42.0,female,south,high_school,self_employed,standard,online,True,False,766,3163.18,37974.2,12298.12,0.3239,27751.36,0.0963,36,890.7,32065.28,0,1.0,1232,2.0,"still evaluating against other offers from competitor banks. documentation requirements were typical for this kind of loan. ok experience overall, no strong feelings to share.",,0
ACCT-0002037,2023-08-28,36.0,female,northeast,high_school,full_time,premium,mobile,False,True,754,5293.55,63604.45,15202.26,0.239,49480.54,0.0889,84,793.45,66649.41,0,1.0,415,4.0,"very smooth application process and the agent was helpful. rates were competitive and the funds came through quickly. great customer service, will recommend to friends and family.",,0
ACCT-0000039,2022-10-21,42.0,male,northeast,bachelor,full_time,standard,branch,True,False,785,6494.58,77887.41,21139.4,0.2714,90208.43,0.076,48,2185.48,104902.83,2,3.0,1169,7.0,"ok experience overall, no strong feelings to share. took longer than expected but got approved in the end. documentation requirements were typical for this kind of loan.",,0
ACCT-0002152,2024-08-29,53.0,male,northeast,bachelor,part_time,premium,online,True,False,690,1902.1,22851.53,12682.84,0.555,19411.21,0.0559,36,586.93,21129.35,0,1.0,780,9.0,"fees were not explained clearly upfront, very disappointing. the agent kept rescheduling and the process took weeks.",2025-04-06,1
ACCT-0000067,2024-10-27,47.0,male,midwest,bachelor,part_time,standard,branch,True,False,715,5449.66,65401.93,15987.39,0.2444,39670.48,0.0399,12,3377.83,40533.94,2,1.0,39,6.0,"transparent fees, no hidden charges that I noticed. great customer service, will recommend to friends and family. rates were competitive and the funds came through quickly.",,0
ACCT-0001004,2023-01-27,38.0,nonbinary,west,associate,full_time,premium,branch,False,False,658,8187.45,97644.97,30450.54,0.3118,110848.48,0.0961,36,3556.63,128038.59,1,3.0,1498,6.0,still evaluating against other offers from competitor banks. took longer than expected but got approved in the end.,,0
ACCT-0000956,2022-02-10,18.0,nonbinary,northeast,bachelor,full_time,basic,online,False,False,796,4408.23,53161.72,12857.89,0.2419,32109.39,0.0669,60,631.08,37864.89,0,2.0,887,7.0,"easy to track payments through the mobile app. great customer service, will recommend to friends and family.",,0
ACCT-0000481,2024-09-23,43.0,female,northeast,high_school,full_time,premium,branch,False,False,743,2554.84,30278.04,12786.83,0.4223,7588.8,0.0915,84,122.69,10306.06,1,1.0,802,10.0,"rates were competitive and the funds came through quickly. great customer service, will recommend to friends and family.",,0
ACCT-0002374,2022-12-26,39.0,male,midwest,bachelor,full_time,standard,branch,True,False,730,2397.94,28855.82,15101.4,0.5233,10174.41,0.0508,60,192.36,11541.43,1,0.0,1067,8.0,"transparent fees, no hidden charges that I noticed. easy to track payments through the mobile app.",,0
ACCT-0000183,2024-08-13,28.0,female,northeast,bachelor,full_time,standard,mobile,True,False,745,3228.52,38736.33,14516.14,0.3747,28896.16,0.0714,24,1295.55,31093.27,0,4.0,752,9.0,"process was fine, nothing exceptional either way. ok experience overall, no strong feelings to share.",,0
ACCT-0000294,2023-11-15,51.0,male,south,associate,full_time,standard,branch,True,True,731,5279.88,63292.04,13911.46,0.2198,69740.65,0.0903,84,1123.26,94354.1,1,1.0,857,7.0,"process was fine, nothing exceptional either way.",,0
ACCT-0000012,2022-06-16,45.0,male,northeast,associate,full_time,standard,agent,True,False,588,6757.33,80826.21,25004.05,0.3094,105908.07,0.1087,60,2295.82,137748.93,2,2.0,352,7.0,very smooth application process and the agent was helpful.,,0
ACCT-0001525,2022-05-16,30.0,male,south,bachelor,full_time,basic,mobile,False,False,757,3721.79,44454.21,20041.87,0.4508,59792.23,0.0567,60,1146.84,68810.31,1,0.0,565,9.0,"ok experience overall, no strong feelings to share.",,0
ACCT-0000188,2022-12-10,54.0,male,midwest,bachelor,full_time,basic,online,True,False,514,1486.67,18020.71,13354.31,0.7411,13951.84,0.1115,72,266.63,19197.03,1,0.0,575,6.0,"easy to track payments through the mobile app. great customer service, will recommend to friends and family.",,0
ACCT-0001967,2024-07-28,30.0,female,midwest,bachelor,full_time,premium,online,True,False,745,4597.81,54952.99,9006.85,0.1639,50247.11,0.077,12,4363.97,52367.62,0,1.0,504,,"great customer service, will recommend to friends and family.",,0
ACCT-0001608,2024-01-13,53.0,male,south,bachelor,full_time,basic,online,True,False,582,3912.18,47032.32,17884.61,0.3803,37539.63,0.0839,12,3272.32,39267.87,1,1.0,654,7.0,"transparent fees, no hidden charges that I noticed. rates were competitive and the funds came through quickly.",,0
ACCT-0001249,2024-01-04,53.0,female,pacific,associate,full_time,standard,branch,False,True,550,3252.23,39101.22,12187.18,0.3117,1042330.08,0.0835,48,25620.32,1229773.6,2,2.0,616,4.0,"great customer service, will recommend to friends and family. very smooth application process and the agent was helpful.",,0
ACCT-0002397,2023-11-23,35.0,female,northeast,bachelor,part_time,basic,online,False,False,621,3499.91,42307.28,19187.75,0.4535,11438.58,0.0646,48,271.08,13011.7,1,0.0,490,9.0,easy to track payments through the mobile app. rates were competitive and the funds came through quickly.,,0
ACCT-0000683,2023-05-16,52.0,male,west,high_school,full_time,standard,branch,True,True,741,3758.97,45221.41,14987.39,0.3314,41103.99,0.0662,12,3549.46,42593.46,1,0.0,1189,7.0,documentation requirements were typical for this kind of loan. took longer than expected but got approved in the end.,,0
ACCT-0001794,2024-09-22,52.0,female,south,bachelor,full_time,basic,agent,True,False,850,1639.91,19447.01,8387.37,0.4313,19531.84,0.148,84,374.75,31479.21,1,0.0,1367,8.0,"great customer service, will recommend to friends and family. transparent fees, no hidden charges that I noticed.",,0
ACCT-0000437,2024-03-17,35.0,male,south,associate,part_time,basic,mobile,False,True,541,3862.36,46504.15,50864.76,1.0938,17071.38,0.0857,84,270.91,22756.52,1,0.0,1468,8.0,the agent kept rescheduling and the process took weeks.,2024-08-15,1
ACCT-0001523,2023-01-18,20.0,male,northeast,bachelor,full_time,standard,mobile,False,True,647,5500.35,66116.75,21343.69,0.3228,25338.45,0.099,24,1168.04,28032.89,1,1.0,947,9.0,"transparent fees, no hidden charges that I noticed. very smooth application process and the agent was helpful.",,0
ACCT-0001347,2022-09-28,60.0,male,south,bachelor,full_time,basic,branch,False,True,739,3278.65,39401.48,11707.14,0.2971,23662.23,0.074,60,473.05,28382.98,1,2.0,278,5.0,still evaluating against other offers from competitor banks. documentation requirements were typical for this kind of loan. took longer than expected but got approved in the end.,,0
ACCT-0000455,2024-08-06,50.0,male,south,graduate,full_time,standard,online,True,False,668,5159.57,61349.31,19190.5,0.3128,263690.56,0.0977,24,12140.38,291370.10000000003,0,2.0,223,9.0,took longer than expected but got approved in the end. still evaluating against other offers from competitor banks.,2025-08-01,1
ACCT-0000057,2023-05-29,18.0,female,midwest,graduate,part_time,basic,online,False,False,618,10652.08,127890.01,29852.29,0.2334,63120.02,0.0859,36,1995.08,71822.91,0,0.0,1302,6.0,the agent kept rescheduling and the process took weeks.,2023-10-18,1
ACCT-0000292,2024-06-06,50.0,male,south,high_school,full_time,standard,online,True,False,757,6068.03,72776.29,16643.32,0.2287,27001.19,0.1223,36,899.73,32390.4,0,1.0,1060,,"rates were competitive and the funds came through quickly. transparent fees, no hidden charges that I noticed.",,0
ACCT-0000894,2024-03-13,44.0,female,northeast,high_school,part_time,basic,online,True,False,775,3857.3,46077.96,13329.49,0.2893,20753.75,0.056,24,916.06,21985.46,0,1.0,164,3.0,"ok experience overall, no strong feelings to share.",,0
ACCT-0002096,2022-11-04,37.0,female,south,associate,full_time,basic,mobile,False,True,680,4352.37,52068.2,18921.91,0.3634,49098.65,0.0878,84,784.51,65899.0,0,0.0,192,5.0,very smooth application process and the agent was helpful.,,0
ACCT-0001065,2024-11-11,33.0,male,northeast,bachelor,full_time,premium,branch,True,True,672,7267.68,87296.69,,0.164,64309.09,0.104,36,2087.24,75140.72,1,4.0,218,7.0,"ok experience overall, no strong feelings to share. documentation requirements were typical for this kind of loan.",,0
ACCT-0001492,2022-07-08,39.0,nonbinary,northeast,high_school,full_time,standard,online,True,False,607,6731.13,80828.17,22896.57,0.2833,56893.48,0.0757,48,1377.51,66120.33,1,0.0,1426,6.0,"easy to track payments through the mobile app. transparent fees, no hidden charges that I noticed.",,0
ACCT-0001616,2024-10-23,26.0,male,south,bachelor,full_time,premium,online,True,False,838,3883.26,46698.04,16064.34,0.344,41479.48,0.0559,36,1254.16,45149.6,1,3.0,579,5.0,"took longer than expected but got approved in the end. ok experience overall, no strong feelings to share.",,0
ACCT-0000417,2024-08-25,49.0,male,south,bachelor,full_time,basic,online,True,False,629,7644.39,91960.67,15424.28,0.1677,88354.02,0.1267,60,1995.28,119716.71,0,0.0,452,6.0,"great customer service, will recommend to friends and family. rates were competitive and the funds came through quickly.",,0
ACCT-0001021,2023-07-22,24.0,female,northeast,bachelor,self_employed,standard,agent,False,False,713,6401.06,76400.72,23378.99,0.306,48103.09,0.0965,24,2212.0,53087.98,0,1.0,1409,9.0,"rates were competitive and the funds came through quickly. great customer service, will recommend to friends and family.",,0
ACCT-0001667,2022-06-16,45.0,female,midwest,bachelor,part_time,standard,online,True,False,620,2521.83,30066.5,24086.3,0.8011,28655.46,0.1068,48,736.12,35333.66,1,0.0,481,8.0,easy to track payments through the mobile app. rates were competitive and the funds came through quickly.,,0
ACCT-0000626,2022-04-01,38.0,female,northeast,bachelor,self_employed,standard,branch,True,False,807,9938.14,119184.44,23682.48,0.1987,36103.11,0.0805,24,1633.67,39208.06,1,3.0,208,5.0,easy to track payments through the mobile app.,,0
ACCT-0000675,2023-09-08,22.0,female,pacific,high_school,part_time,premium,online,False,True,680,4149.59,49630.76,18763.73,0.3781,36582.47,0.1134,12,3238.99,38867.83,1,0.0,764,7.0,"transparent fees, no hidden charges that I noticed. great customer service, will recommend to friends and family.",,0
ACCT-0001905,2024-06-24,53.0,female,pacific,associate,full_time,basic,mobile,False,False,707,7188.33,86275.85,24047.96,0.2787,114164.4,0.0779,24,5152.31,123655.54,0,1.0,673,2.0,very smooth application process and the agent was helpful.,,0
ACCT-0002296,2023-09-08,43.0,female,south,bachelor,full_time,basic,online,True,False,686,2430.94,29064.64,6973.78,0.2399,36330.6,0.086,12,3170.41,38044.93,1,2.0,755,,rates were competitive and the funds came through quickly. very smooth application process and the agent was helpful.,,0
ACCT-0000885,2022-05-22,47.0,female,west,graduate,self_employed,standard,mobile,True,False,830,5846.21,70109.21,14424.18,0.2057,92689.08,0.0785,72,1618.26,116514.89,0,0.0,453,10.0,easy to track payments through the mobile app.,,0
ACCT-0001556,2024-12-29,54.0,female,west,bachelor,full_time,basic,online,True,True,753,8564.19,103095.69,21959.42,0.213,35279.35,0.0748,84,540.73,45421.6,0,1.0,483,4.0,"easy to track payments through the mobile app. transparent fees, no hidden charges that I noticed.",,0
ACCT-0001670,2023-09-23,40.0,male,west,bachelor,full_time,basic,online,True,False,850,3708.35,44448.88,,0.2091,55112.07,0.0252,48,1208.2,57993.71,1,0.0,805,2.0,"took longer than expected but got approved in the end. ok experience overall, no strong feelings to share.",,0
ACCT-0002031,2024-09-21,43.0,female,pacific,high_school,self_employed,standard,branch,True,True,837,3081.67,36687.72,11660.74,0.3178,19543.22,0.0724,72,335.48,24154.64,1,1.0,438,6.0,easy to track payments through the mobile app. rates were competitive and the funds came through quickly. very smooth application process and the agent was helpful.,,0
ACCT-0001834,2023-06-28,42.0,male,south,associate,full_time,basic,mobile,True,True,653,7171.69,85883.9,19458.54,0.2266,91169.92,0.1016,84,1521.3,127788.96,1,0.0,315,6.0,rates were competitive and the funds came through quickly.,,0
ACCT-0002103,2024-03-08,31.0,female,midwest,bachelor,full_time,basic,online,True,False,548,4563.4,54949.34,28981.49,0.5274,49878.78,0.1198,84,879.85,73907.4,1,0.0,551,,took longer than expected but got approved in the end.,,0
ACCT-0001713,2024-02-16,21.0,male,west,bachelor,full_time,basic,mobile,False,False,711,1880.29,22839.24,6401.01,0.2803,28092.48,0.0842,48,691.38,33186.22,0,1.0,1256,10.0,"process was fine, nothing exceptional either way. still evaluating against other offers from competitor banks. documentation requirements were typical for this kind of loan.",,0
ACCT-0000514,2022-01-01,23.0,male,pacific,associate,full_time,standard,online,False,False,593,5089.97,61250.15,11329.09,0.185,31881.85,0.0798,60,646.1,38765.78,0,2.0,1297,6.0,"transparent fees, no hidden charges that I noticed. rates were competitive and the funds came through quickly.",,0
ACCT-0001811,2024-02-13,18.0,female,west,associate,full_time,premium,online,True,False,628,4109.7,49225.82,22562.76,0.4584,67058.92,0.0886,36,2128.14,76613.16,0,1.0,839,5.0,"still evaluating against other offers from competitor banks. ok experience overall, no strong feelings to share. documentation requirements were typical for this kind of loan.",,0
ACCT-0002447,2022-01-02,31.0,female,midwest,bachelor,self_employed,basic,agent,True,True,716,5389.19,65037.69,17606.72,0.2707,23209.04,0.0426,72,365.9,26344.94,0,1.0,455,7.0,"great customer service, will recommend to friends and family.",,0
ACCT-0001968,2024-11-24,44.0,female,south,associate,full_time,basic,online,False,False,747,3494.4,41931.36,10881.71,0.2595,26159.94,0.0701,60,518.08,31084.72,1,1.0,1402,9.0,"great customer service, will recommend to friends and family. transparent fees, no hidden charges that I noticed. easy to track payments through the mobile app.",,0
ACCT-0002446,2024-01-23,38.0,male,northeast,graduate,self_employed,basic,online,True,False,566,8508.44,102369.17,29795.05,0.2911,135961.97,0.0854,12,11860.86,142330.28,2,1.0,852,3.0,very smooth application process and the agent was helpful. easy to track payments through the mobile app.,,0
ACCT-0001779,2023-09-03,39.0,male,pacific,associate,full_time,basic,branch,True,False,728,2469.49,29772.79,22771.09,0.7648,18457.15,0.0501,84,260.98,21922.12,1,0.0,753,6.0,easy to track payments through the mobile app. very smooth application process and the agent was helpful.,,0
ACCT-0001475,2022-09-14,49.0,female,northeast,high_school,full_time,standard,branch,True,True,671,7701.6,92043.56,22181.76,0.241,128786.1,0.1049,60,2767.68,166060.61,0,2.0,495,0.0,"very smooth application process and the agent was helpful. rates were competitive and the funds came through quickly. great customer service, will recommend to friends and family.",,0
ACCT-0000106,2024-12-24,44.0,male,midwest,bachelor,self_employed,basic,branch,True,False,660,6373.93,76652.57,23543.9,0.3072,103191.99,0.1179,60,2284.49,137069.39,1,1.0,66,5.0,"rates were competitive and the funds came through quickly. great customer service, will recommend to friends and family.",,0
ACCT-0000353,2024-06-15,46.0,female,west,bachelor,full_time,basic,branch,True,False,665,2046.41,24804.2,16295.52,0.657,8027.83,0.0919,12,702.74,8432.87,1,2.0,94,3.0,"transparent fees, no hidden charges that I noticed. great customer service, will recommend to friends and family.",,0
ACCT-0000588,2022-08-18,55.0,male,midwest,graduate,full_time,basic,branch,False,False,735,2915.49,34997.23,17491.93,0.4998,42653.95,0.0754,84,655.08,55026.45,2,2.0,1217,9.0,"rates were competitive and the funds came through quickly. great customer service, will recommend to friends and family.",,0
ACCT-0000838,2023-02-25,55.0,male,northeast,high_school,full_time,standard,branch,False,False,740,2853.52,34263.71,7959.17,0.2323,42315.11,0.0903,24,1933.83,46411.83,2,0.0,433,6.0,very smooth application process and the agent was helpful.,,0
ACCT-0000223,2022-10-16,18.0,female,northeast,bachelor,self_employed,standard,online,True,False,616,5833.94,69968.15,11352.82,0.1623,71199.76,0.1107,60,1550.37,93021.97,0,2.0,674,3.0,rates were competitive and the funds came through quickly.,,0
ACCT-0000485,2023-05-21,33.0,female,south,bachelor,full_time,basic,online,True,False,609,7505.57,90193.24,16163.49,0.1792,95928.31,0.0601,36,2918.86,105079.04,0,2.0,1025,6.0,"still evaluating against other offers from competitor banks. ok experience overall, no strong feelings to share.",,0
ACCT-0000148,2024-03-01,38.0,male,south,high_school,full_time,standard,mobile,True,False,739,4259.05,51444.6,19156.96,0.3724,63274.67,0.0954,48,1590.95,76365.73,1,2.0,286,9.0,"transparent fees, no hidden charges that I noticed. easy to track payments through the mobile app.",,0
ACCT-0000995,2023-08-22,33.0,male,northeast,associate,full_time,basic,branch,True,False,670,3090.76,37345.95,19004.82,0.5089,16106.88,0.0919,60,335.87,20152.28,1,3.0,807,7.0,"transparent fees, no hidden charges that I noticed. great customer service, will recommend to friends and family.",,0
ACCT-0000299,2022-10-06,47.0,female,northeast,bachelor,full_time,basic,mobile,True,False,691,2859.52,34394.37,8916.63,0.2592,20845.13,0.0833,24,945.94,22702.46,0,2.0,397,4.0,rates were competitive and the funds came through quickly.,,0
ACCT-0000926,2023-04-23,32.0,female,south,associate,full_time,standard,online,True,False,773,8249.53,98705.09,17693.68,0.1793,111011.58,0.0472,60,2080.52,124831.06,1,2.0,392,7.0,"still evaluating against other offers from competitor banks. ok experience overall, no strong feelings to share. took longer than expected but got approved in the end.",,0
ACCT-0000256,2024-05-16,20.0,female,south,bachelor,self_employed,basic,online,False,True,644,3559.99,42080.98,17875.67,0.4248,48704.95,0.0561,36,1473.03,53029.1,0,2.0,117,10.0,"ok experience overall, no strong feelings to share.",,0
ACCT-0000573,2023-08-10,38.0,male,pacific,bachelor,full_time,basic,online,True,False,584,8119.81,97610.49,19633.29,0.2011,131485.06,0.0769,72,2285.73,164572.35,0,1.0,1411,8.0,"easy to track payments through the mobile app. rates were competitive and the funds came through quickly. great customer service, will recommend to friends and family.",,0
ACCT-0001602,2024-06-30,41.0,female,west,bachelor,full_time,premium,mobile,True,False,726,3790.76,45302.73,13303.93,0.2937,63204.31,0.0966,36,2029.36,73057.12,1,1.0,328,6.0,rates were competitive and the funds came through quickly.,,0
ACCT-0001142,2022-03-26,43.0,male,pacific,bachelor,full_time,premium,online,True,False,745,2015.91,24594.65,18274.27,0.743,25545.81,0.0771,72,444.26,31986.78,1,1.0,461,6.0,interest rate jumped after the first quarter without warning. support never returned my calls about the missed payment. the agent kept rescheduling and the process took weeks.,2023-07-14,1
ACCT-0001099,2022-07-08,18.0,female,midwest,associate,full_time,standard,agent,True,False,613,3458.9,41305.18,40063.79,0.9699,37703.14,0.0925,84,611.32,51350.89,2,,1356,5.0,"documentation requirements were typical for this kind of loan. still evaluating against other offers from competitor banks. process was fine, nothing exceptional either way.",,0
ACCT-0002134,2024-10-16,34.0,male,west,bachelor,self_employed,basic,mobile,True,True,698,3932.87,47393.56,14061.64,0.2967,48674.84,0.0768,12,4226.88,50722.55,1,0.0,334,8.0,"documentation requirements were typical for this kind of loan. still evaluating against other offers from competitor banks. process was fine, nothing exceptional either way.",,0
ACCT-0001330,2024-02-18,45.0,male,midwest,high_school,full_time,basic,agent,False,False,589,3833.09,46429.63,17289.71,0.3724,16655.8,0.0937,72,303.27,21835.59,1,1.0,1458,2.0,"process was fine, nothing exceptional either way.",,0
ACCT-0000791,2023-05-20,49.0,female,south,bachelor,full_time,standard,online,False,False,647,4948.16,59378.89,12919.41,0.2176,56465.63,0.0928,48,1412.54,67802.05,1,1.0,890,9.0,"process was fine, nothing exceptional either way. took longer than expected but got approved in the end. ok experience overall, no strong feelings to share.",2024-01-24,1
ACCT-0002390,2024-09-21,23.0,male,south,high_school,full_time,basic,online,False,False,759,5024.13,60444.41,21214.28,0.351,48375.46,0.049,48,1111.9,53371.21,0,0.0,310,6.0,"transparent fees, no hidden charges that I noticed. great customer service, will recommend to friends and family. rates were competitive and the funds came through quickly.",,0
ACCT-0000092,2023-09-19,44.0,male,midwest,associate,full_time,standard,mobile,True,False,505,7428.78,89527.13,19236.42,0.2149,88083.61,0.1101,36,2884.08,103826.75,1,1.0,884,5.0,"rates were competitive and the funds came through quickly. transparent fees, no hidden charges that I noticed. very smooth application process and the agent was helpful.",,0
ACCT-0001773,2023-04-01,54.0,male,south,bachelor,contract,standard,online,True,False,476,4977.19,60055.91,18871.65,0.3142,76406.58,0.1296,48,2048.42,98323.95,1,4.0,461,6.0,"documentation requirements were typical for this kind of loan. process was fine, nothing exceptional either way.",2024-05-21,1
ACCT-0000839,2024-12-05,54.0,male,northeast,associate,full_time,basic,mobile,True,False,794,6081.47,72786.95,13449.43,0.1848,58483.09,0.0708,72,999.2,71942.13,1,2.0,92,4.0,documentation requirements were typical for this kind of loan. took longer than expected but got approved in the end.,,0
ACCT-0000649,2024-09-01,65.0,female,south,bachelor,full_time,standard,agent,True,False,649,6457.17,77414.7,20519.92,0.2651,61883.12,0.1107,24,2886.3,69271.15,1,1.0,1120,,very smooth application process and the agent was helpful. rates were competitive and the funds came through quickly.,,0
ACCT-0000277,2023-08-09,56.0,male,south,associate,full_time,basic,branch,False,False,754,2547.95,30430.81,11826.93,0.3886,37903.17,0.0888,72,681.0,49032.09,2,1.0,1374,,still evaluating against other offers from competitor banks.,,0
ACCT-0002127,2022-01-08,50.0,male,pacific,bachelor,full_time,standard,online,False,False,590,7564.67,91020.4,19168.07,0.2106,69028.22,0.1178,48,1810.39,86898.55,2,0.0,251,10.0,support never returned my calls about the missed payment. interest rate jumped after the first quarter without warning.,2022-10-19,1
ACCT-0001194,2022-11-06,42.0,female,south,associate,full_time,basic,online,True,False,692,3986.49,47720.6,10661.15,0.2234,55002.14,0.1145,48,1433.6,68812.66,1,0.0,510,6.0,"great customer service, will recommend to friends and family. transparent fees, no hidden charges that I noticed.",,0
ACCT-0002132,2024-04-12,28.0,female,south,graduate,self_employed,basic,branch,False,False,795,4029.57,48901.82,9620.94,0.1967,26281.69,0.0593,84,383.01,32172.62,1,0.0,1493,8.0,"very smooth application process and the agent was helpful. great customer service, will recommend to friends and family.",,0
ACCT-0002008,2024-03-13,41.0,female,midwest,high_school,self_employed,premium,online,True,False,709,7322.97,87660.33,18802.83,0.2145,27220.41,0.0521,24,1196.76,28722.13,1,0.0,863,8.0,"documentation requirements were typical for this kind of loan. process was fine, nothing exceptional either way.",,0
ACCT-0000091,2024-12-25,46.0,male,south,high_school,part_time,basic,mobile,True,False,575,6182.71,74510.48,33475.36,0.4493,98813.72,0.136,48,2680.6,128668.66,0,2.0,1326,7.0,"great customer service, will recommend to friends and family. very smooth application process and the agent was helpful.",,0
ACCT-0000025,2024-03-13,25.0,male,midwest,bachelor,self_employed,basic,mobile,False,True,735,3135.55,37896.41,,0.3459,34699.75,0.1181,84,609.03,51158.23,0,1.0,930,5.0,"process was fine, nothing exceptional either way. still evaluating against other offers from competitor banks.",,0
ACCT-0000317,2024-09-06,,male,midwest,associate,self_employed,premium,branch,False,False,689,4128.84,49666.15,14878.28,0.2996,43052.48,0.0968,48,1085.27,52092.79,1,1.0,1351,4.0,"rates were competitive and the funds came through quickly. very smooth application process and the agent was helpful. transparent fees, no hidden charges that I noticed.",,0
ACCT-0000629,2022-04-18,56.0,female,midwest,bachelor,full_time,basic,mobile,False,False,628,6307.56,75735.7,13461.08,0.1777,88170.85,0.0739,72,1519.81,109426.19,0,0.0,360,6.0,"process was fine, nothing exceptional either way.",,0
ACCT-0000610,2022-09-19,30.0,nonbinary,midwest,associate,full_time,standard,branch,True,False,650,4980.35,59958.91,12432.9,0.2074,47772.97,0.0676,36,1469.83,52913.79,0,2.0,785,2.0,"great customer service, will recommend to friends and family. rates were competitive and the funds came through quickly.",,0
ACCT-0000019,2024-10-21,22.0,male,west,associate,full_time,premium,branch,True,False,744,3438.25,40971.71,18294.63,0.4465,10914.89,0.0708,48,261.76,12564.37,3,0.0,45,,"very smooth application process and the agent was helpful. transparent fees, no hidden charges that I noticed.",,0
ACCT-0001519,2024-11-03,35.0,female,south,associate,full_time,standard,branch,False,False,581,2666.59,31717.94,7105.93,0.224,28537.98,0.0919,12,2498.16,29977.95,1,2.0,1092,6.0,"ok experience overall, no strong feelings to share. still evaluating against other offers from competitor banks. took longer than expected but got approved in the end.",,0
ACCT-0000823,2024-06-23,54.0,male,midwest,high_school,part_time,basic,mobile,False,True,709,6439.85,77113.33,23480.57,0.3045,101126.67,0.0598,12,8702.59,104431.12,2,1.0,812,6.0,documentation requirements were typical for this kind of loan. still evaluating against other offers from competitor banks. took longer than expected but got approved in the end.,,0
ACCT-0001370,2024-11-29,37.0,male,west,bachelor,self_employed,basic,mobile,False,True,737,8899.59,106357.09,20412.71,0.1919,109027.6,0.0876,84,1740.85,146231.62,2,2.0,1187,9.0,still evaluating against other offers from competitor banks. took longer than expected but got approved in the end.,,0
ACCT-0001613,2024-10-31,28.0,female,south,high_school,self_employed,standard,mobile,False,False,703,10101.36,121283.94,19842.32,0.1636,150319.25,0.068,24,6716.42,161194.09,1,0.0,542,6.0,"fees were not explained clearly upfront, very disappointing. support never returned my calls about the missed payment.",2024-12-29,1
ACCT-0000532,2024-02-06,54.0,female,west,associate,self_employed,basic,online,False,True,663,2869.64,34469.77,9328.45,0.2706,15821.6,0.1108,12,1398.95,16787.4,1,2.0,844,10.0,easy to track payments through the mobile app.,,0
ACCT-0000271,2023-02-24,39.0,male,west,bachelor,full_time,premium,mobile,False,False,850,5250.19,63261.14,27191.23,0.4298,19202.72,0.0983,60,406.38,24382.63,0,0.0,1144,9.0,took longer than expected but got approved in the end.,,0
ACCT-0001340,2022-05-07,40.0,female,midwest,high_school,part_time,standard,agent,True,False,645,2837.41,34007.47,14454.44,0.425,28182.22,0.072,72,483.18,34788.88,5,1.0,1000,2.0,"easy to track payments through the mobile app. great customer service, will recommend to friends and family.",,0
ACCT-0002056,2022-03-08,49.0,female,northeast,high_school,full_time,basic,online,True,False,506,7258.14,87057.63,22782.2,0.2617,111282.38,0.1244,84,1990.97,167241.25,1,1.0,182,5.0,"transparent fees, no hidden charges that I noticed. great customer service, will recommend to friends and family. easy to track payments through the mobile app.",,0
ACCT-0000913,2023-12-13,46.0,male,midwest,bachelor,part_time,basic,online,False,False,708,6979.72,84121.51,17041.53,0.2026,77985.8,0.1138,84,1351.09,113491.53,0,2.0,611,6.0,support never returned my calls about the missed payment. interest rate jumped after the first quarter without warning.,2025-02-14,1
ACCT-0000247,2022-11-12,45.0,male,pacific,bachelor,full_time,standard,online,False,True,714,2459.53,29770.99,12609.16,0.4235,32964.04,0.0673,60,648.58,38914.6,4,0.0,892,6.0,"rates were competitive and the funds came through quickly. great customer service, will recommend to friends and family. very smooth application process and the agent was helpful.",,0
ACCT-0001359,2023-10-27,42.0,male,midwest,bachelor,full_time,basic,online,False,True,542,1731.89,20646.53,11264.16,0.5456,6474.84,0.1344,48,175.13,8406.34,1,1.0,1286,4.0,"process was fine, nothing exceptional either way. ok experience overall, no strong feelings to share.",,0
ACCT-0000581,2024-05-16,41.0,male,northeast,bachelor,self_employed,standard,online,True,True,683,18651.67,224219.78,41406.18,0.1847,89212.55,0.0957,72,1633.44,117607.43,0,2.0,376,7.0,"great customer service, will recommend to friends and family. very smooth application process and the agent was helpful.",,0
ACCT-0000809,2024-12-10,53.0,female,northeast,bachelor,full_time,standard,online,True,False,824,3587.04,43046.75,9762.77,0.2268,19560.55,0.0549,36,590.58,21260.96,1,0.0,880,8.0,"easy to track payments through the mobile app. great customer service, will recommend to friends and family.",,0
ACCT-0000360,2022-06-30,40.0,female,northeast,high_school,self_employed,basic,branch,False,False,770,3961.58,47623.85,9387.82,0.1971,38722.73,0.0657,24,1726.13,41427.01,1,0.0,1048,7.0,"took longer than expected but got approved in the end. ok experience overall, no strong feelings to share.",,0
ACCT-0001897,2023-08-25,44.0,female,northeast,high_school,part_time,premium,online,False,True,697,8080.97,96925.91,29624.1,0.3056,92018.79,0.0319,36,2683.73,96614.3,0,1.0,1320,3.0,very smooth application process and the agent was helpful.,,0
ACCT-0002160,2023-04-28,36.0,female,midwest,high_school,full_time,premium,online,False,False,644,4989.33,59665.95,19573.52,0.3281,75191.18,0.084,24,3414.6,81950.33,3,0.0,59,7.0,"took longer than expected but got approved in the end. process was fine, nothing exceptional either way.",,0
ACCT-0000538,2023-01-06,49.0,female,south,bachelor,full_time,basic,agent,True,False,750,4071.34,48970.81,12383.94,0.2529,20417.44,0.0563,12,1753.76,21045.09,1,0.0,899,7.0,very smooth application process and the agent was helpful. rates were competitive and the funds came through quickly.,,0
ACCT-0001228,2022-10-21,46.0,male,south,high_school,part_time,premium,online,True,False,587,4550.81,54697.42,10437.06,0.1908,26950.89,0.0904,48,671.25,32219.99,0,1.0,1157,6.0,"transparent fees, no hidden charges that I noticed. easy to track payments through the mobile app.",,0
ACCT-0002215,2022-05-12,25.0,female,midwest,graduate,full_time,standard,mobile,False,False,754,6305.72,75790.97,19002.76,0.2507,36321.97,0.0677,24,1622.49,38939.75,0,1.0,890,10.0,still evaluating against other offers from competitor banks.,2023-03-09,1
ACCT-0000205,2024-09-28,51.0,female,south,associate,full_time,standard,mobile,False,False,591,2204.17,26305.71,19054.95,0.7244,7122.71,0.1045,72,133.59,9618.12,3,0.0,458,,documentation requirements were typical for this kind of loan. took longer than expected but got approved in the end.,,0
ACCT-0000405,2024-12-08,41.0,male,west,high_school,contract,standard,mobile,False,False,482,4502.92,54030.27,14709.0,0.2722,67006.81,0.107,24,3113.77,74730.46,0,1.0,259,6.0,"took longer than expected but got approved in the end. process was fine, nothing exceptional either way.",,0
ACCT-0001243,2022-04-05,34.0,female,south,associate,full_time,basic,branch,True,True,729,7145.81,85575.42,20998.67,0.2454,28049.35,0.0323,60,506.82,30409.38,1,1.0,607,7.0,"very smooth application process and the agent was helpful. transparent fees, no hidden charges that I noticed. rates were competitive and the funds came through quickly.",,0
ACCT-0001693,2024-05-23,,female,south,high_school,full_time,basic,online,False,False,798,5162.6,62209.47,19867.49,0.3194,85565.46,0.0793,48,2085.95,100125.42,1,2.0,1332,7.0,"transparent fees, no hidden charges that I noticed. easy to track payments through the mobile app.",,0
ACCT-0002431,2023-12-18,40.0,female,south,bachelor,full_time,standard,mobile,True,False,840,5164.59,61605.55,19167.11,0.3111,49811.77,0.0567,48,1162.21,55786.03,0,1.0,1474,7.0,documentation requirements were typical for this kind of loan. still evaluating against other offers from competitor banks.,,0
ACCT-0000134,2023-09-01,33.0,female,west,bachelor,self_employed,standard,online,True,True,692,1668.53,20055.59,11612.32,0.579,21231.52,0.1009,24,980.62,23534.78,1,1.0,875,9.0,"rates were competitive and the funds came through quickly. transparent fees, no hidden charges that I noticed.",,0
ACCT-0001063,2022-03-20,41.0,male,midwest,associate,part_time,basic,mobile,True,False,680,2566.44,31006.44,12674.02,0.4088,21822.36,0.083,72,385.78,27776.5,2,1.0,133,6.0,"process was fine, nothing exceptional either way.",,0
ACCT-0002414,2024-05-13,18.0,female,northeast,graduate,full_time,basic,online,False,False,716,2828.84,34310.54,10648.84,0.3104,30236.24,0.1369,72,617.97,44493.86,1,1.0,1426,7.0,"easy to track payments through the mobile app. transparent fees, no hidden charges that I noticed.",,0
ACCT-0000722,2024-04-06,43.0,female,south,graduate,contract,standard,online,False,True,559,4535.69,54389.93,15855.78,0.2915,67474.79,0.1254,72,1338.1,96343.24,2,2.0,932,5.0,the autopay system charged me twice in the same month.,2025-04-28,1
ACCT-0001258,2024-07-17,48.0,male,midwest,bachelor,part_time,standard,mobile,True,False,782,4445.39,53373.22,15425.89,0.289,58268.6,0.0863,24,2652.18,63652.37,1,1.0,1450,9.0,"great customer service, will recommend to friends and family. transparent fees, no hidden charges that I noticed. easy to track payments through the mobile app.",,0
ACCT-0000445,2022-02-28,41.0,male,west,associate,self_employed,standard,mobile,True,False,661,3160.41,38125.94,11265.95,0.2955,14994.78,0.1159,12,1329.42,15953.08,0,0.0,757,10.0,rates were competitive and the funds came through quickly. easy to track payments through the mobile app. very smooth application process and the agent was helpful.,,0
ACCT-0000942,2024-02-06,18.0,female,pacific,bachelor,full_time,basic,branch,True,False,760,2244.92,26812.23,,0.2957,31881.16,0.0742,36,990.56,35659.98,0,2.0,1241,8.0,still evaluating against other offers from competitor banks.,,0
ACCT-0001921,2022-01-22,41.0,female,south,high_school,self_employed,premium,branch,True,True,679,4046.28,49027.17,16181.87,0.3301,30639.11,0.1538,72,654.14,47098.41,0,1.0,1491,9.0,"easy to track payments through the mobile app. transparent fees, no hidden charges that I noticed.",,0
ACCT-0001845,2024-05-18,35.0,male,northeast,graduate,full_time,basic,mobile,True,False,697,4030.86,48304.84,9986.93,0.2067,60346.84,0.0611,72,1003.19,72229.36,1,0.0,556,5.0,easy to track payments through the mobile app. very smooth application process and the agent was helpful.,,0
ACCT-0002409,2023-11-22,41.0,female,northeast,bachelor,contract,basic,branch,False,False,591,4884.96,58404.44,11397.85,0.1952,26553.84,0.118,48,696.68,33440.51,1,0.0,799,7.0,easy to track payments through the mobile app. rates were competitive and the funds came through quickly.,,0
ACCT-0001129,2022-03-31,29.0,male,south,high_school,part_time,premium,mobile,False,False,690,4723.9,56991.57,9891.7,0.1736,21565.03,0.1192,48,567.02,27216.84,1,1.0,909,7.0,easy to track payments through the mobile app. rates were competitive and the funds came through quickly.,,0
ACCT-0000287,2023-05-28,45.0,female,midwest,high_school,full_time,standard,mobile,False,False,614,4576.22,54727.29,,0.4084,61788.32,0.0582,48,1445.87,69401.77,0,0.0,1492,4.0,"very smooth application process and the agent was helpful. great customer service, will recommend to friends and family.",,0
ACCT-0002490,2023-11-12,33.0,female,south,bachelor,part_time,basic,online,True,False,670,4514.51,53950.43,13278.39,0.2461,20273.84,0.0808,24,917.68,22024.4,0,2.0,143,3.0,easy to track payments through the mobile app.,,0
ACCT-0000379,2022-06-20,53.0,male,south,bachelor,full_time,basic,mobile,False,True,661,6113.38,73471.38,17318.17,0.2357,86454.69,0.0835,48,2125.0,102000.19,2,2.0,1158,9.0,"great customer service, will recommend to friends and family. very smooth application process and the agent was helpful.",,0
ACCT-0001081,2022-02-17,44.0,female,south,high_school,part_time,basic,mobile,True,False,795,5073.65,60733.04,11217.25,0.1847,76728.46,0.0897,60,1591.58,95494.8,1,2.0,244,5.0,documentation requirements were typical for this kind of loan. took longer than expected but got approved in the end.,,0
ACCT-0000643,2023-07-16,18.0,male,northeast,high_school,full_time,basic,online,True,False,736,3992.8,48712.5,35353.67,0.7258,30506.79,0.1118,12,2698.75,32385.03,3,0.0,1277,6.0,"process was fine, nothing exceptional either way. took longer than expected but got approved in the end. documentation requirements were typical for this kind of loan.",,0
ACCT-0000081,2022-03-19,55.0,female,south,graduate,full_time,standard,online,True,False,733,5063.75,60753.69,17030.75,0.2803,23405.08,0.0548,60,446.83,26809.89,1,0.0,293,7.0,"transparent fees, no hidden charges that I noticed. rates were competitive and the funds came through quickly.",,0
ACCT-0002311,2023-11-21,38.0,male,west,high_school,full_time,basic,online,True,True,706,3526.83,42426.36,7126.06,0.168,46347.4,0.0638,60,904.29,54257.15,0,1.0,495,7.0,"transparent fees, no hidden charges that I noticed. easy to track payments through the mobile app. great customer service, will recommend to friends and family.",,0
ACCT-0002294,2024-01-31,55.0,female,south,bachelor,full_time,standard,mobile,False,False,651,8034.23,96124.16,20795.73,0.2163,111051.16,0.1016,84,1852.53,155612.52,0,2.0,673,8.0,"transparent fees, no hidden charges that I noticed. great customer service, will recommend to friends and family.",,0
ACCT-0000843,2023-09-22,33.0,male,south,high_school,full_time,standard,online,True,False,674,6224.64,74695.4,18462.35,0.2472,48870.41,0.1284,84,884.77,74320.28,0,2.0,174,9.0,"great customer service, will recommend to friends and family.",,0
ACCT-0000924,2023-04-05,51.0,male,northeast,associate,full_time,standard,mobile,True,True,822,5458.39,65103.13,20155.53,0.3096,19325.95,0.0747,60,386.93,23215.95,1,0.0,1099,7.0,"rates were competitive and the funds came through quickly. great customer service, will recommend to friends and family. very smooth application process and the agent was helpful.",,0
ACCT-0001717,2023-08-10,42.0,male,west,graduate,full_time,basic,agent,True,True,738,11303.75,135716.47,,0.2144,62134.84,0.0758,60,1247.35,74841.04,2,0.0,616,8.0,documentation requirements were typical for this kind of loan.,,0
ACCT-0001033,2023-09-05,33.0,female,west,bachelor,full_time,standard,agent,False,False,603,3286.85,39289.45,14414.75,0.3669,13558.53,0.115,72,261.55,18831.67,2,3.0,574,8.0,"very smooth application process and the agent was helpful. great customer service, will recommend to friends and family. transparent fees, no hidden charges that I noticed.",,0
ACCT-0001915,2024-12-15,64.0,female,south,high_school,full_time,standard,online,True,False,681,6115.57,73635.52,22413.06,0.3044,30511.12,0.1038,72,571.14,41121.91,0,0.0,1224,6.0,"very smooth application process and the agent was helpful. transparent fees, no hidden charges that I noticed.",,0
ACCT-0001086,2022-03-02,38.0,male,west,bachelor,full_time,premium,mobile,False,False,653,3220.35,38281.41,15942.0,0.4164,43423.45,0.0932,24,1990.07,47761.78,2,0.0,788,3.0,"easy to track payments through the mobile app. transparent fees, no hidden charges that I noticed. rates were competitive and the funds came through quickly.",,0
ACCT-0001291,2022-07-31,44.0,nonbinary,west,high_school,full_time,basic,mobile,True,False,705,5236.77,62805.96,10639.74,0.1694,72407.83,0.079,84,1125.1,94508.55,0,1.0,1221,5.0,"great customer service, will recommend to friends and family. rates were competitive and the funds came through quickly.",,0
ACCT-0000332,2023-08-30,32.0,male,midwest,bachelor,full_time,standard,online,True,False,753,3712.71,44577.8,18273.2,0.4099,58853.94,0.074,24,2645.81,63499.5,0,1.0,399,3.0,"great customer service, will recommend to friends and family. easy to track payments through the mobile app.",,0
ACCT-0000150,2023-05-19,40.0,male,midwest,graduate,full_time,premium,agent,False,True,657,6212.21,74971.9,26026.05,0.3471,42707.37,0.0862,36,1350.61,48621.84,0,0.0,1005,7.0,still evaluating against other offers from competitor banks. documentation requirements were typical for this kind of loan.,,0
ACCT-0001765,2024-01-26,55.0,female,northeast,graduate,full_time,standard,online,True,True,723,5135.67,61321.75,19433.87,0.3169,19649.02,0.0686,12,1698.91,20386.86,0,1.0,208,10.0,,,0
ACCT-0000471,2022-12-07,40.0,female,northeast,bachelor,contract,basic,mobile,True,False,749,2374.12,28702.55,9793.18,0.3412,18473.03,0.1102,48,477.58,22924.02,1,4.0,1255,7.0,"ok experience overall, no strong feelings to share. documentation requirements were typical for this kind of loan.",,0
ACCT-0001182,2022-10-18,49.0,male,west,bachelor,full_time,standard,online,False,True,659,6023.92,72241.85,28835.44,0.3992,30913.19,0.0892,48,768.04,36865.96,0,1.0,328,5.0,"ok experience overall, no strong feelings to share. process was fine, nothing exceptional either way.",,0
ACCT-0000133,2024-05-24,34.0,female,south,high_school,full_time,standard,branch,True,False,662,6613.39,79467.48,18627.05,0.2344,34024.09,0.1204,60,757.49,45449.62,0,4.0,185,10.0,"process was fine, nothing exceptional either way.",,0
ACCT-0001161,2024-07-23,39.0,female,midwest,bachelor,full_time,standard,online,False,False,512,3097.18,36774.17,17371.83,0.4724,17901.42,0.115,24,838.47,20123.22,2,1.0,812,9.0,"transparent fees, no hidden charges that I noticed.",,0
ACCT-0000962,2023-09-01,28.0,nonbinary,south,associate,full_time,basic,agent,False,False,785,7007.95,84140.98,36040.81,0.4283,70034.54,0.0684,60,1381.41,82884.75,4,1.0,545,6.0,easy to track payments through the mobile app.,,0
ACCT-0000759,2024-12-19,54.0,female,south,bachelor,full_time,basic,online,True,False,680,8011.86,96407.27,32329.26,0.3353,54418.98,0.0957,24,2500.3,60007.27,1,2.0,586,9.0,rates were competitive and the funds came through quickly.,,0
ACCT-0000178,2022-08-02,44.0,male,northeast,high_school,contract,premium,branch,True,False,591,3795.12,45469.84,10762.7,0.2367,15388.07,0.1026,24,711.91,17085.92,0,2.0,129,7.0,"great customer service, will recommend to friends and family.",,0
ACCT-0000370,2023-02-10,32.0,female,northeast,high_school,full_time,basic,mobile,False,False,811,3190.48,38078.56,9575.91,0.2515,48219.54,0.0861,24,2194.38,52665.09,1,1.0,1022,5.0,still evaluating against other offers from competitor banks.,,0
ACCT-0001238,2022-07-17,46.0,female,pacific,high_school,self_employed,standard,mobile,False,True,488,4034.69,48197.5,16318.39,0.3386,49422.48,0.1314,36,1668.69,60072.66,1,2.0,97,3.0,"transparent fees, no hidden charges that I noticed. rates were competitive and the funds came through quickly.",,0
ACCT-0000283,2024-11-25,38.0,male,northeast,bachelor,full_time,basic,mobile,False,False,724,4157.39,49642.37,18537.56,0.3734,19251.25,0.0658,36,590.7,21265.34,1,0.0,706,5.0,"process was fine, nothing exceptional either way. still evaluating against other offers from competitor banks.",,0
ACCT-0000874,2024-10-03,27.0,male,midwest,high_school,full_time,basic,online,True,False,703,6393.15,76948.98,40543.92,0.5269,94423.72,0.0744,12,8189.3,98271.56,0,0.0,190,5.0,,,0
ACCT-0002405,2023-08-04,31.0,male,west,graduate,self_employed,standard,online,True,False,850,1648.95,19820.9,19390.34,0.9783,8340.78,0.0808,24,377.52,9060.57,1,1.0,62,10.0,"great customer service, will recommend to friends and family. rates were competitive and the funds came through quickly.",,0
ACCT-0002347,2024-07-05,47.0,male,south,high_school,full_time,basic,online,True,False,628,3908.63,47234.94,19184.48,0.4062,45385.37,0.1158,60,1000.02,60001.24,0,0.0,1417,5.0,"rates were competitive and the funds came through quickly. great customer service, will recommend to friends and family.",,0
ACCT-0000831,2023-06-28,31.0,male,northeast,bachelor,full_time,basic,online,True,True,661,5293.45,63704.15,19415.89,0.3048,74466.53,0.0694,36,2297.15,82697.47,1,3.0,490,4.0,"ok experience overall, no strong feelings to share.",,0
ACCT-0001983,2022-12-26,42.0,female,midwest,bachelor,full_time,basic,agent,True,True,636,3095.0,37073.82,16974.53,0.4579,48785.83,0.1347,24,2330.06,55921.49,2,0.0,569,8.0,"still evaluating against other offers from competitor banks. process was fine, nothing exceptional either way.",,0
ACCT-0001935,2024-11-25,43.0,female,south,bachelor,part_time,standard,online,False,False,589,6418.66,77037.97,13952.07,0.1811,42321.2,0.1245,12,3769.08,45228.97,3,1.0,104,6.0,"very smooth application process and the agent was helpful. transparent fees, no hidden charges that I noticed. great customer service, will recommend to friends and family.",,0
ACCT-0000017,2024-10-05,37.0,male,west,high_school,self_employed,standard,online,False,False,670,1861.62,22065.23,14750.9,0.6685,18535.15,0.0805,24,838.74,20129.87,3,3.0,855,5.0,"easy to track payments through the mobile app. very smooth application process and the agent was helpful. transparent fees, no hidden charges that I noticed.",,0
ACCT-0000835,2024-08-27,60.0,male,south,bachelor,full_time,standard,mobile,True,False,656,5774.07,69276.7,17646.06,0.2547,73086.0,0.0955,84,1196.53,100508.27,1,4.0,277,8.0,took longer than expected but got approved in the end.,,0
ACCT-0000971,2023-05-24,31.0,male,midwest,bachelor,self_employed,basic,online,True,False,685,3717.85,44055.69,14938.53,0.3391,18665.55,0.1056,36,607.16,21857.9,1,0.0,298,6.0,"great customer service, will recommend to friends and family.",,0
ACCT-0000747,2024-09-29,44.0,female,west,bachelor,part_time,standard,mobile,True,False,677,4914.8,59259.96,14009.03,0.2364,59390.07,0.0582,72,979.27,70507.43,0,,720,5.0,"ok experience overall, no strong feelings to share. still evaluating against other offers from competitor banks.",,0
ACCT-0000066,2024-11-26,57.0,female,midwest,graduate,full_time,basic,branch,False,True,653,4519.84,54203.61,12692.95,0.2342,18779.38,0.0702,36,580.03,20881.02,1,0.0,683,4.0,still evaluating against other offers from competitor banks.,,0
ACCT-0000595,2024-06-09,43.0,male,west,bachelor,full_time,basic,mobile,True,False,619,3749.77,45091.12,34966.54,0.7755,29270.15,0.1179,72,569.11,40976.15,1,0.0,769,4.0,"ok experience overall, no strong feelings to share. documentation requirements were typical for this kind of loan. took longer than expected but got approved in the end.",2025-06-01,1
ACCT-0001133,2023-11-13,68.0,male,midwest,associate,full_time,premium,mobile,True,True,750,4220.54,50700.6,10766.58,0.2124,25966.85,0.0925,72,471.31,33934.24,0,3.0,1349,8.0,"easy to track payments through the mobile app. transparent fees, no hidden charges that I noticed.",,0
ACCT-0001882,2022-08-14,66.0,male,south,high_school,self_employed,premium,online,False,True,625,1979.52,23716.25,6124.47,0.2582,32583.15,0.089,12,2847.98,34175.77,1,0.0,1222,8.0,"transparent fees, no hidden charges that I noticed. great customer service, will recommend to friends and family.",,0
ACCT-0001595,2022-07-03,37.0,female,northeast,bachelor,full_time,basic,online,True,True,766,5560.84,66341.27,49251.27,0.7424,18405.58,0.0506,72,296.95,21380.41,2,2.0,982,,easy to track payments through the mobile app.,,0
ACCT-0001087,2022-05-27,23.0,male,northeast,bachelor,full_time,basic,branch,True,False,615,5149.05,61700.17,30695.54,0.4975,78250.99,0.0789,24,3535.33,84847.98,1,0.0,1404,7.0,still evaluating against other offers from competitor banks.,,0
ACCT-0001733,2024-06-21,51.0,female,west,bachelor,full_time,basic,online,False,False,688,5813.79,69796.9,32531.43,0.4661,35309.72,0.1021,60,753.83,45230.06,0,,260,4.0,"great customer service, will recommend to friends and family. easy to track payments through the mobile app.",,0
ACCT-0002432,2022-08-03,26.0,male,south,bachelor,contract,basic,agent,True,False,681,2003.91,23849.67,16082.98,0.6743,13732.01,0.1283,24,651.73,15641.48,3,,857,2.0,took longer than expected but got approved in the end. still evaluating against other offers from competitor banks.,,0
ACCT-0002191,2022-04-26,20.0,female,midwest,graduate,full_time,standard,online,False,True,594,2868.46,34465.24,14225.58,0.4128,42078.91,0.0625,36,1284.81,46253.33,0,1.0,279,6.0,"transparent fees, no hidden charges that I noticed.",,0
ACCT-0000939,2024-04-14,49.0,male,west,bachelor,self_employed,basic,mobile,True,False,749,3491.34,41889.09,12370.47,0.2953,36318.5,0.0644,48,860.32,41295.46,0,0.0,480,10.0,"rates were competitive and the funds came through quickly. great customer service, will recommend to friends and family.",,0
ACCT-0000620,2023-10-25,29.0,male,northeast,high_school,full_time,standard,mobile,False,False,554,7949.39,95381.54,20536.1,0.2153,106293.0,0.1625,12,9656.4,115876.79,0,0.0,511,4.0,"transparent fees, no hidden charges that I noticed. easy to track payments through the mobile app. very smooth application process and the agent was helpful.",,0
ACCT-0001264,2022-09-03,41.0,female,south,bachelor,full_time,basic,online,False,True,695,2137.51,25908.36,14630.3,0.5647,31696.03,0.1122,84,546.43,45900.02,0,,50,4.0,,,0
ACCT-0002302,2022-02-08,18.0,female,south,bachelor,part_time,basic,online,False,False,762,3000.66,36006.3,7555.05,0.2098,14107.07,0.0655,84,209.84,17626.85,1,2.0,683,10.0,easy to track payments through the mobile app.,,0
ACCT-0001002,2024-05-23,52.0,male,pacific,high_school,full_time,standard,branch,True,False,640,2670.86,32219.33,10516.53,0.3264,27372.11,0.0869,12,2389.77,28677.21,0,2.0,36,9.0,"transparent fees, no hidden charges that I noticed. great customer service, will recommend to friends and family.",,0
ACCT-0001230,2023-01-12,31.0,male,south,high_school,self_employed,basic,mobile,True,False,681,4172.41,50133.07,30497.78,0.6083,30571.44,0.103,12,2691.97,32303.65,1,1.0,1022,5.0,"very smooth application process and the agent was helpful. transparent fees, no hidden charges that I noticed.",,0
ACCT-0001393,2022-01-18,34.0,male,pacific,bachelor,self_employed,standard,branch,True,False,668,2522.23,30095.0,16781.86,0.5576,36606.65,0.096,36,1174.3,42274.77,1,1.0,413,10.0,"easy to track payments through the mobile app. great customer service, will recommend to friends and family.",,0
ACCT-0001917,2023-11-27,31.0,male,northeast,graduate,part_time,basic,mobile,True,True,557,8269.05,99894.99,18921.27,0.1894,59913.88,0.1201,12,5323.52,63882.26,0,5.0,316,10.0,"easy to track payments through the mobile app. great customer service, will recommend to friends and family.",,0
ACCT-0002047,2023-01-28,43.0,female,south,bachelor,full_time,standard,online,False,False,784,4343.27,52486.01,8722.27,0.1662,31354.52,0.0543,12,2690.3,32283.57,1,1.0,394,4.0,"documentation requirements were typical for this kind of loan. ok experience overall, no strong feelings to share.",,0
ACCT-0001477,2023-12-27,39.0,female,midwest,high_school,full_time,standard,mobile,False,False,675,3593.03,43018.68,13293.58,0.309,26029.07,0.0984,36,837.94,30165.75,1,0.0,1397,5.0,"very smooth application process and the agent was helpful. great customer service, will recommend to friends and family. transparent fees, no hidden charges that I noticed.",,0
ACCT-0001975,2024-12-06,40.0,male,south,bachelor,full_time,basic,online,False,False,692,3200.39,38661.49,21957.42,0.5679,48221.22,0.045,84,670.3,56305.56,2,0.0,514,9.0,still evaluating against other offers from competitor banks. took longer than expected but got approved in the end.,,0
ACCT-0002032,2022-04-21,36.0,female,pacific,bachelor,full_time,premium,mobile,False,True,718,8365.94,100466.67,28365.91,0.2823,74541.59,0.0749,84,1142.85,95999.37,1,1.0,145,3.0,easy to track payments through the mobile app.,,0
ACCT-0001356,2023-02-14,28.0,male,west,graduate,contract,basic,agent,True,True,655,1883.17,22576.63,7762.61,0.3438,16315.0,0.0535,72,265.38,19107.55,1,1.0,1267,6.0,easy to track payments through the mobile app.,,0
ACCT-0002344,2023-04-19,55.0,female,south,bachelor,self_employed,basic,online,True,True,770,4356.94,52461.02,27363.0,0.5216,54681.35,0.0555,60,1045.81,62748.86,4,2.0,1132,3.0,"rates were competitive and the funds came through quickly. great customer service, will recommend to friends and family. easy to track payments through the mobile app.",,0
ACCT-0001141,2022-06-30,28.0,female,south,bachelor,contract,basic,mobile,True,False,573,4881.46,58188.23,11127.42,0.1912,31505.98,0.0917,48,786.55,37754.49,3,1.0,1018,8.0,"great customer service, will recommend to friends and family. rates were competitive and the funds came through quickly. transparent fees, no hidden charges that I noticed.",,0
ACCT-0001815,2023-06-25,18.0,female,midwest,bachelor,full_time,standard,mobile,True,False,641,8280.42,99437.38,19144.16,0.1925,25904.11,0.1295,60,588.78,35326.89,0,0.0,35,10.0,took longer than expected but got approved in the end. still evaluating against other offers from competitor banks.,,0
ACCT-0000886,2024-09-18,47.0,male,northeast,bachelor,full_time,basic,branch,True,False,769,7330.44,87845.07,26920.74,0.3065,37536.31,0.1139,84,650.41,54634.07,0,1.0,1101,3.0,"took longer than expected but got approved in the end. process was fine, nothing exceptional either way.",,0
ACCT-0000644,2022-05-26,32.0,female,south,associate,full_time,standard,mobile,True,True,770,3667.15,44147.07,20945.13,0.4744,32880.64,0.0808,12,2861.52,34338.25,1,2.0,337,7.0,"ok experience overall, no strong feelings to share.",,0
ACCT-0000165,2023-10-29,37.0,male,pacific,associate,part_time,standard,online,True,True,638,5980.76,71913.21,25895.8,0.3601,88837.33,0.1061,36,2892.17,104118.13,0,0.0,663,4.0,"process was fine, nothing exceptional either way.",,0
ACCT-0001350,2023-12-02,35.0,female,pacific,associate,full_time,premium,agent,False,True,735,5071.31,60694.23,19641.39,0.3236,25602.33,0.0946,60,537.22,32233.47,2,0.0,553,8.0,"great customer service, will recommend to friends and family. transparent fees, no hidden charges that I noticed.",,0
ACCT-0001323,2022-05-20,50.0,male,northeast,bachelor,full_time,basic,branch,False,True,749,6804.27,81447.8,25514.01,0.3133,101427.56,0.0638,72,1699.28,122348.35,2,,763,7.0,very smooth application process and the agent was helpful. easy to track payments through the mobile app.,,0
ACCT-0002416,2023-07-06,21.0,female,pacific,high_school,part_time,standard,branch,False,False,773,2618.62,31007.38,11159.88,0.3599,19013.47,0.1106,12,1680.96,20171.58,1,0.0,280,4.0,"transparent fees, no hidden charges that I noticed. easy to track payments through the mobile app.",,0
ACCT-0000833,2023-04-13,45.0,male,south,high_school,full_time,premium,mobile,True,False,606,4689.09,55781.87,20035.39,0.3592,37018.25,0.0929,24,1696.17,40708.03,0,2.0,787,7.0,,,0
ACCT-0002125,2024-03-24,25.0,female,south,bachelor,full_time,basic,online,False,True,772,5539.3,66473.76,18962.02,0.2853,90597.52,0.0975,36,2912.69,104856.94,1,2.0,390,10.0,"still evaluating against other offers from competitor banks. ok experience overall, no strong feelings to share. documentation requirements were typical for this kind of loan.",,0
ACCT-0000733,2023-05-04,,male,south,high_school,full_time,standard,branch,False,True,601,2666.98,32298.12,,0.7448,30135.45,0.086,84,478.79,40218.22,2,0.0,116,7.0,very smooth application process and the agent was helpful.,,0
ACCT-0000385,2023-03-10,34.0,male,south,graduate,contract,basic,online,False,False,552,2808.18,33814.28,30055.36,0.8888,432.5732,0.1007,60,9.206000000000001,552.3588,0,2.0,826,1.0,the autopay system charged me twice in the same month. the agent kept rescheduling and the process took weeks.,2023-08-05,1
ACCT-0001640,2022-06-11,46.0,female,south,associate,part_time,basic,mobile,False,False,792,3161.68,37860.82,10914.29,0.2883,13654.19,0.0516,84,194.01,16296.47,0,1.0,1484,2.0,still evaluating against other offers from competitor banks.,,0
ACCT-0000242,2023-05-31,33.0,female,west,bachelor,part_time,premium,online,False,False,717,4514.63,54392.39,18974.44,0.3488,63934.63,0.0634,48,1511.39,72546.53,0,2.0,526,9.0,"rates were competitive and the funds came through quickly. transparent fees, no hidden charges that I noticed.",,0
ACCT-0001042,2023-04-01,58.0,male,northeast,associate,self_employed,basic,online,True,True,796,5466.05,65386.64,15539.54,0.2377,16373.15,0.0477,36,489.06,17606.26,0,3.0,310,10.0,"easy to track payments through the mobile app. great customer service, will recommend to friends and family. transparent fees, no hidden charges that I noticed.",,0
ACCT-0002082,2022-10-23,24.0,male,south,graduate,full_time,premium,online,True,True,754,6977.87,83627.98,19794.8,0.2367,45198.06,0.0905,24,2065.94,49582.6,0,0.0,1232,5.0,the agent kept rescheduling and the process took weeks.,2024-03-09,1
ACCT-0002337,2022-06-17,45.0,male,south,bachelor,full_time,standard,mobile,False,False,747,2525.08,30326.6,21281.7,0.7018,21633.62,0.0424,24,941.76,22602.18,0,1.0,1068,5.0,"support never returned my calls about the missed payment. fees were not explained clearly upfront, very disappointing.",2023-12-02,1
ACCT-0000721,2024-11-29,63.0,male,northeast,high_school,full_time,basic,online,True,False,617,3257.1,38933.61,14145.57,0.3633,28667.67,0.1018,36,927.41,33386.76,0,1.0,1071,9.0,"ok experience overall, no strong feelings to share.",,0
ACCT-0001509,2022-04-08,42.0,female,south,bachelor,contract,standard,online,False,False,564,5441.28,65556.82,20235.07,0.3087,70039.11,0.1171,84,1225.56,102946.99,0,1.0,1373,5.0,"great customer service, will recommend to friends and family. transparent fees, no hidden charges that I noticed.",,0
ACCT-0000302,2022-04-18,56.0,female,west,high_school,full_time,basic,online,False,False,638,6955.11,83728.98,20091.64,0.24,28471.27,0.0579,12,2447.73,29372.8,0,1.0,173,9.0,still evaluating against other offers from competitor banks.,,0
ACCT-0000484,2024-02-19,26.0,female,south,bachelor,full_time,basic,branch,True,True,526,7630.56,91256.66,18580.18,0.2036,64087.88,0.1113,24,2990.94,71782.67,0,0.0,684,4.0,"transparent fees, no hidden charges that I noticed. rates were competitive and the funds came through quickly.",,0
ACCT-0000708,2023-06-18,44.0,female,south,graduate,part_time,standard,online,False,False,678,2028.71,24378.39,5297.32,0.2173,11110.6,0.069,12,960.83,11529.99,1,2.0,864,5.0,"still evaluating against other offers from competitor banks. process was fine, nothing exceptional either way.",2024-02-07,1
ACCT-0001080,2022-09-21,40.0,female,south,bachelor,full_time,basic,branch,False,True,724,4370.58,52349.36,12364.35,0.2362,36699.9,0.0648,48,870.0,41759.78,0,1.0,1178,7.0,interest rate jumped after the first quarter without warning.,2023-07-18,1
ACCT-0001123,2022-04-11,27.0,male,midwest,bachelor,full_time,basic,mobile,True,False,592,3600.94,43207.9,26940.78,0.6235,52922.79,0.0817,48,1296.25,62220.02,3,2.0,815,,took longer than expected but got approved in the end.,,0
ACCT-0000305,2022-12-09,38.0,female,south,bachelor,full_time,standard,mobile,True,False,768,5645.52,67777.9,13797.71,0.2036,37477.53,0.0371,36,1101.73,39662.35,1,1.0,285,6.0,"transparent fees, no hidden charges that I noticed.",,0
ACCT-0000327,2022-09-04,54.0,male,pacific,bachelor,full_time,standard,agent,False,True,817,4595.95,55177.06,24135.57,0.4374,69203.27,0.0789,12,6016.22,72194.63,0,2.0,1302,4.0,"easy to track payments through the mobile app. transparent fees, no hidden charges that I noticed.",,0
ACCT-0002375,2023-08-08,44.0,male,northeast,graduate,self_employed,premium,branch,True,False,824,3731.13,44267.26,13474.94,0.3044,61118.43,0.1051,36,1986.92,71528.98,0,0.0,1001,6.0,very smooth application process and the agent was helpful. easy to track payments through the mobile app.,,0
ACCT-0000744,2024-12-14,43.0,male,south,graduate,part_time,standard,mobile,True,False,715,6668.72,79810.9,22464.41,0.2815,59483.16,0.0623,60,1156.47,69388.04,0,1.0,265,9.0,"great customer service, will recommend to friends and family. very smooth application process and the agent was helpful.",,0
ACCT-0001927,2024-10-24,57.0,female,pacific,associate,full_time,basic,online,False,True,750,3010.48,36123.78,6576.79,0.1821,27938.9,0.0535,72,454.51,32724.58,1,1.0,477,4.0,rates were competitive and the funds came through quickly. easy to track payments through the mobile app. very smooth application process and the agent was helpful.,,0
ACCT-0000480,2024-05-02,43.0,female,south,bachelor,part_time,basic,mobile,False,False,742,3406.17,40858.7,,0.406,36773.84,0.0601,36,1118.84,40278.08,1,0.0,1084,7.0,,2025-07-20,1
ACCT-0001416,2022-09-25,39.0,male,west,bachelor,self_employed,standard,branch,False,False,721,3425.36,41006.94,14849.77,0.3621,10728.44,0.0653,72,180.5,12995.89,1,3.0,650,6.0,"ok experience overall, no strong feelings to share.",,0
ACCT-0001825,2023-12-11,42.0,male,south,bachelor,self_employed,standard,online,False,True,681,3489.09,41961.06,21800.06,0.5195,43865.59,0.1077,48,1128.74,54179.57,2,1.0,494,9.0,"very smooth application process and the agent was helpful. transparent fees, no hidden charges that I noticed.",,0
ACCT-0000891,2024-06-22,43.0,male,west,associate,full_time,premium,online,False,False,651,2215.96,26342.59,5863.24,0.2226,34940.3,0.1143,24,1635.42,39250.11,0,0.0,716,9.0,"took longer than expected but got approved in the end. process was fine, nothing exceptional either way.",,0
ACCT-0001094,2024-02-13,,female,midwest,associate,full_time,premium,online,True,False,641,3150.39,37752.1,16724.19,0.443,33460.05,0.1167,84,584.77,49120.4,0,2.0,984,8.0,the agent kept rescheduling and the process took weeks. interest rate jumped after the first quarter without warning. the autopay system charged me twice in the same month.,2025-04-09,1
ACCT-0000784,2022-07-14,44.0,female,pacific,high_school,full_time,standard,online,True,True,677,3227.21,38739.28,15907.55,0.4106,28757.8,0.0688,12,2486.67,29840.05,2,1.0,464,8.0,"documentation requirements were typical for this kind of loan. process was fine, nothing exceptional either way.",,0
ACCT-0002128,2024-08-03,40.0,female,midwest,bachelor,part_time,standard,online,True,True,626,2880.02,34884.55,14124.97,0.4049,12142.82,0.082,60,247.35,14841.04,0,0.0,863,6.0,took longer than expected but got approved in the end.,,0
ACCT-0002076,2022-08-20,43.0,female,west,bachelor,full_time,standard,online,False,False,701,4789.83,57341.24,23857.38,0.4161,27873.18,0.1127,84,481.29,40428.5,1,1.0,1111,4.0,"documentation requirements were typical for this kind of loan. ok experience overall, no strong feelings to share.",,0
ACCT-0001467,2023-10-26,32.0,male,midwest,bachelor,part_time,basic,mobile,False,False,663,3707.87,44751.56,13305.76,0.2973,53856.87,0.0808,60,1094.05,65642.79,0,1.0,425,5.0,documentation requirements were typical for this kind of loan. took longer than expected but got approved in the end.,,0
ACCT-0001357,2024-12-02,55.0,male,northeast,associate,contract,basic,branch,True,False,617,4925.48,58820.55,16493.12,0.2804,79265.89,0.1137,36,2608.97,93922.87,0,1.0,289,3.0,"easy to track payments through the mobile app. great customer service, will recommend to friends and family.",,0
ACCT-0001647,2023-05-15,23.0,male,midwest,bachelor,full_time,standard,online,False,False,774,4340.21,51851.11,14194.34,0.2738,69141.75,0.0651,12,5966.85,71602.2,0,0.0,1068,2.0,"easy to track payments through the mobile app. transparent fees, no hidden charges that I noticed. great customer service, will recommend to friends and family.",,0
ACCT-0000291,2023-12-06,18.0,male,south,bachelor,self_employed,basic,agent,True,False,751,7202.71,86210.75,17344.08,0.2012,30019.81,0.0774,48,729.24,35003.39,1,0.0,62,7.0,took longer than expected but got approved in the end.,,0
ACCT-0002157,2023-06-24,38.0,female,northeast,bachelor,part_time,standard,mobile,True,False,680,4296.61,51315.08,20249.03,0.3946,66429.85,0.1175,12,5894.51,70734.14,1,0.0,551,9.0,rates were competitive and the funds came through quickly.,,0
ACCT-0001505,2022-05-11,46.0,male,south,graduate,full_time,standard,online,True,False,810,5445.64,65111.45,25496.17,0.3916,84731.18,0.0941,12,7426.08,89112.97,1,1.0,219,8.0,"still evaluating against other offers from competitor banks. documentation requirements were typical for this kind of loan. process was fine, nothing exceptional either way.",,0
ACCT-0002000,2023-03-27,31.0,female,northeast,bachelor,part_time,premium,mobile,True,True,707,3198.28,38258.25,16787.41,0.4388,50677.55,0.1012,48,1288.2,61833.75,1,0.0,1241,5.0,"documentation requirements were typical for this kind of loan. ok experience overall, no strong feelings to share.",,0
ACCT-0002121,2024-06-19,36.0,female,northeast,bachelor,contract,basic,mobile,True,False,465,6724.99,80322.68,18559.84,0.2311,84907.14,0.0995,48,2151.33,103263.63,1,1.0,167,7.0,rates were competitive and the funds came through quickly.,,0
ACCT-0000868,2023-07-28,59.0,male,south,associate,full_time,basic,mobile,True,False,610,5700.85,68378.56,13063.83,0.1911,56571.77,0.0882,72,1014.8,73065.75,1,2.0,97,7.0,"easy to track payments through the mobile app. great customer service, will recommend to friends and family. transparent fees, no hidden charges that I noticed.",,0
ACCT-0001894,2023-06-17,56.0,female,midwest,associate,full_time,basic,online,False,True,611,3392.5,40757.78,11469.98,0.2814,19155.65,0.1288,48,512.79,24614.14,2,0.0,800,5.0,"great customer service, will recommend to friends and family. rates were competitive and the funds came through quickly. easy to track payments through the mobile app.",,0
ACCT-0001726,2024-11-19,42.0,male,west,bachelor,full_time,basic,online,True,False,690,6540.59,78214.62,13765.07,0.176,91000.17,0.1043,60,1952.81,117168.8,0,1.0,1270,5.0,,,0
ACCT-0002221,2022-03-02,32.0,male,midwest,graduate,full_time,basic,online,False,True,700,2507.63,30475.45,12915.7,0.4238,36527.68,0.085,60,749.43,44965.81,3,2.0,1075,5.0,,,0
ACCT-0001542,2024-07-19,57.0,female,south,high_school,part_time,basic,online,False,False,605,6389.34,76797.07,24370.24,0.3173,41100.13,0.0978,24,1892.35,45416.39,0,1.0,1145,9.0,"took longer than expected but got approved in the end. process was fine, nothing exceptional either way.",,0
ACCT-0000435,2024-11-17,27.0,female,northeast,high_school,contract,basic,online,True,False,516,5582.99,66932.86,14689.55,0.2195,25679.33,0.1135,36,845.01,30420.49,0,2.0,211,5.0,"transparent fees, no hidden charges that I noticed. easy to track payments through the mobile app.",,0
ACCT-0000008,2022-07-16,45.0,male,northeast,high_school,part_time,premium,online,False,False,616,2612.56,31069.61,11666.79,0.3755,28102.8,0.0897,84,451.78,37949.16,1,1.0,487,7.0,"documentation requirements were typical for this kind of loan. process was fine, nothing exceptional either way.",,0
ACCT-0000781,2024-04-29,32.0,female,west,high_school,self_employed,standard,online,True,False,721,3178.58,38482.65,23606.34,0.6134,44183.07,0.0782,24,1994.7,47872.85,3,0.0,769,9.0,"transparent fees, no hidden charges that I noticed.",,0
ACCT-0002483,2023-12-19,30.0,female,pacific,graduate,part_time,standard,agent,True,False,700,4612.64,55287.2,26264.23,0.4751,27958.04,0.086,72,498.38,35883.68,2,1.0,1423,6.0,"very smooth application process and the agent was helpful. transparent fees, no hidden charges that I noticed.",,0
ACCT-0001727,2023-08-30,44.0,female,pacific,bachelor,full_time,standard,online,True,False,615,7721.13,92967.21,19297.56,0.2076,111303.41,0.1039,12,9805.74,117668.85,0,2.0,931,,"ok experience overall, no strong feelings to share. documentation requirements were typical for this kind of loan. still evaluating against other offers from competitor banks.",,0
ACCT-0000957,2024-02-15,30.0,male,midwest,associate,full_time,basic,online,True,False,671,4783.17,57629.64,33466.23,0.5807,17658.58,0.1024,36,571.81,20585.24,4,1.0,138,10.0,"ok experience overall, no strong feelings to share. process was fine, nothing exceptional either way.",,0
ACCT-0000412,2023-01-05,18.0,female,south,bachelor,full_time,basic,mobile,False,False,802,5978.18,71699.86,17957.55,0.2505,72423.44,0.0581,48,1694.44,81333.12,3,1.0,324,9.0,"transparent fees, no hidden charges that I noticed.",,0
ACCT-0001165,2022-05-16,37.0,male,west,graduate,full_time,basic,mobile,True,True,593,6371.76,76335.85,20036.94,0.2625,56416.71,0.0997,60,1197.96,71877.57,1,0.0,664,6.0,"took longer than expected but got approved in the end. process was fine, nothing exceptional either way.",,0
ACCT-0001282,2024-07-11,39.0,male,west,graduate,full_time,standard,branch,True,False,601,2719.38,32672.86,25311.54,0.7747,42727.26,0.0599,48,1003.22,48154.36,1,0.0,440,2.0,"ok experience overall, no strong feelings to share.",2025-08-04,1
ACCT-0000136,2024-02-12,31.0,female,west,associate,full_time,standard,mobile,True,False,589,10211.15,122590.77,21342.94,0.1741,111874.67,0.1036,12,9854.09,118249.07,1,0.0,1492,0.0,"process was fine, nothing exceptional either way.",,0
ACCT-0000658,2023-02-16,32.0,male,midwest,bachelor,full_time,basic,online,True,False,786,3879.32,46032.82,17723.32,0.385,15297.05,0.0883,36,485.22,17467.96,1,1.0,141,8.0,rates were competitive and the funds came through quickly. easy to track payments through the mobile app.,,0
ACCT-0000248,2023-12-13,23.0,female,south,high_school,full_time,basic,agent,False,True,604,4185.43,49974.2,22885.06,0.4579,31796.75,0.071,84,481.39,40436.5,2,3.0,712,7.0,rates were competitive and the funds came through quickly.,,0
ACCT-0002365,2024-08-15,26.0,female,west,bachelor,self_employed,basic,mobile,False,False,707,4553.45,54571.87,9471.39,0.1736,19401.86,0.0782,24,875.86,21020.64,2,1.0,1358,6.0,documentation requirements were typical for this kind of loan.,,0
ACCT-0001005,2022-10-15,59.0,female,northeast,bachelor,full_time,standard,mobile,False,False,700,5429.81,65590.58,12694.34,0.1935,68041.7,0.0924,72,1234.57,88888.9,3,3.0,293,7.0,"documentation requirements were typical for this kind of loan. took longer than expected but got approved in the end. ok experience overall, no strong feelings to share.",,0
ACCT-0001551,2023-05-03,73.0,female,west,high_school,part_time,standard,online,True,True,617,4407.18,52573.33,25640.84,0.4877,26958.26,0.1112,60,587.79,35267.35,0,1.0,1265,4.0,still evaluating against other offers from competitor banks.,,0
ACCT-0000375,2023-02-10,25.0,male,south,bachelor,full_time,standard,online,True,False,735,5650.5,68136.11,28403.08,0.4169,22969.77,0.0712,36,710.46,25576.62,1,0.0,791,8.0,"transparent fees, no hidden charges that I noticed.",,0
ACCT-0000572,2022-02-21,24.0,female,west,bachelor,full_time,standard,mobile,True,True,667,3921.21,47282.77,27364.92,0.5788,38045.69,0.0614,60,738.07,44284.33,4,0.0,733,5.0,"took longer than expected but got approved in the end. ok experience overall, no strong feelings to share.",,0
ACCT-0001496,2024-12-11,31.0,female,midwest,bachelor,full_time,basic,mobile,True,False,705,3422.6,40696.5,10559.61,0.2595,46816.61,0.108,12,4133.35,49600.18,0,1.0,533,7.0,"process was fine, nothing exceptional either way. took longer than expected but got approved in the end.",,0
ACCT-0002186,2024-02-19,18.0,male,northeast,high_school,self_employed,basic,online,True,False,799,5148.19,62190.86,25767.24,0.4143,37222.91,0.081,84,581.98,48886.08,1,4.0,333,8.0,"great customer service, will recommend to friends and family. transparent fees, no hidden charges that I noticed.",,0
ACCT-0000858,2023-03-15,49.0,female,west,associate,full_time,standard,mobile,True,False,645,4910.37,59149.92,,0.286,37663.5,0.0967,36,1209.42,43539.07,1,2.0,1472,7.0,"rates were competitive and the funds came through quickly. easy to track payments through the mobile app. transparent fees, no hidden charges that I noticed.",,0
ACCT-0001855,2022-06-07,56.0,male,midwest,bachelor,part_time,premium,online,True,False,626,7958.61,95504.15,15652.11,0.1639,74046.31,0.1017,72,1378.11,99224.23,0,3.0,943,10.0,"transparent fees, no hidden charges that I noticed. very smooth application process and the agent was helpful.",,0
ACCT-0000576,2024-10-26,35.0,female,midwest,graduate,full_time,basic,mobile,True,False,693,8263.54,99123.14,29474.76,0.2974,107967.98,0.0754,48,2612.59,125404.19,2,2.0,1019,8.0,"transparent fees, no hidden charges that I noticed. great customer service, will recommend to friends and family.",,0
ACCT-0002100,2024-05-20,45.0,female,south,bachelor,full_time,basic,mobile,False,True,638,2349.44,28278.26,8394.35,0.2968,33906.72,0.0595,36,1030.75,37106.89,1,2.0,420,8.0,rates were competitive and the funds came through quickly.,,0
ACCT-0000076,2024-02-27,48.0,male,west,associate,full_time,basic,mobile,False,True,797,4294.69,51878.4,11585.1,0.2233,56463.63,0.0528,24,2484.32,59623.8,1,0.0,132,3.0,,,0
ACCT-0000963,2023-07-30,40.0,female,northeast,bachelor,self_employed,premium,online,True,False,799,5751.98,69079.67,25503.54,0.3692,29638.0,0.0554,48,689.88,33114.0,2,1.0,459,7.0,"great customer service, will recommend to friends and family. rates were competitive and the funds came through quickly.",,0
ACCT-0000559,2022-08-21,46.0,female,south,high_school,full_time,premium,mobile,True,True,680,5927.02,71268.63,,0.3277,98964.04,0.1049,24,4588.91,110133.94,1,0.0,785,4.0,"great customer service, will recommend to friends and family. rates were competitive and the funds came through quickly.",,0
ACCT-0002167,2022-09-03,40.0,female,midwest,bachelor,self_employed,standard,mobile,True,False,746,6015.74,72445.76,11934.78,0.1647,35821.67,0.0765,12,3110.27,37323.22,0,0.0,153,7.0,"great customer service, will recommend to friends and family. transparent fees, no hidden charges that I noticed.",,0
ACCT-0001155,2022-10-14,42.0,male,west,bachelor,self_employed,basic,branch,True,True,661,10290.89,123655.31,22429.07,0.1814,75674.46,0.0988,24,3487.95,83710.88,2,2.0,957,8.0,rates were competitive and the funds came through quickly. very smooth application process and the agent was helpful.,,0
ACCT-0001217,2024-12-08,39.0,nonbinary,south,bachelor,full_time,basic,mobile,True,True,634,3502.61,41425.87,14165.81,0.342,50742.14,0.1156,84,883.8,74239.48,1,1.0,892,7.0,"ok experience overall, no strong feelings to share. process was fine, nothing exceptional either way.",,0
ACCT-0001383,2022-09-19,39.0,female,west,bachelor,self_employed,basic,agent,True,False,719,4988.66,59855.8,10303.18,0.1721,27794.98,0.0982,84,458.81,38539.85,0,1.0,738,5.0,easy to track payments through the mobile app. rates were competitive and the funds came through quickly.,,0
ACCT-0002234,2022-01-20,45.0,female,northeast,associate,full_time,basic,online,True,False,725,2290.26,27446.51,16693.21,0.6082,23627.78,0.0651,24,1052.64,25263.28,1,,664,7.0,documentation requirements were typical for this kind of loan.,,0
ACCT-0002373,2024-05-16,47.0,female,south,bachelor,full_time,standard,agent,False,False,586,7230.73,86922.71,20413.02,0.2348,56223.47,0.0971,48,1418.16,68071.78,0,0.0,1419,0.0,"great customer service, will recommend to friends and family. transparent fees, no hidden charges that I noticed.",,0
ACCT-0000119,2022-05-29,41.0,male,midwest,bachelor,full_time,basic,mobile,True,False,756,5527.25,66386.72,14194.25,0.2138,58462.27,0.0759,24,2633.26,63198.29,1,0.0,806,7.0,rates were competitive and the funds came through quickly. very smooth application process and the agent was helpful.,,0
ACCT-0001658,2024-05-04,26.0,female,midwest,high_school,full_time,standard,online,False,True,719,2342.41,27999.86,11806.59,0.4217,33937.29,0.0787,72,592.85,42685.21,1,0.0,170,6.0,very smooth application process and the agent was helpful. rates were competitive and the funds came through quickly.,,0
ACCT-0002430,2024-07-18,28.0,male,south,bachelor,full_time,premium,mobile,False,False,706,11692.67,140241.24,29199.87,0.2082,40733.3,0.0737,24,1830.65,43935.67,0,0.0,942,6.0,easy to track payments through the mobile app. rates were competitive and the funds came through quickly.,,0
ACCT-0000628,2024-01-21,29.0,female,south,bachelor,full_time,standard,online,True,True,811,4936.09,59448.91,29950.8,0.5038,82899.4,0.0945,24,3804.54,91309.01,0,1.0,1290,8.0,"ok experience overall, no strong feelings to share.",2025-03-05,1
ACCT-0000361,2022-08-17,,male,midwest,associate,full_time,basic,online,True,False,667,5306.79,63661.7,10097.11,0.1586,23327.6,0.0826,36,733.82,26417.69,0,1.0,592,9.0,"still evaluating against other offers from competitor banks. process was fine, nothing exceptional either way.",,0
ACCT-0002072,2022-07-17,57.0,female,midwest,graduate,full_time,standard,branch,False,False,822,2295.62,27917.0,15631.16,0.5599,14829.3,0.0447,72,235.2,16934.29,3,2.0,879,3.0,easy to track payments through the mobile app. very smooth application process and the agent was helpful.,,0
ACCT-0001273,2023-06-01,27.0,male,midwest,bachelor,self_employed,standard,online,True,False,744,8782.61,105274.91,50981.21,0.4843,96711.7,0.079,72,1690.87,121742.95,2,1.0,1040,10.0,"ok experience overall, no strong feelings to share. documentation requirements were typical for this kind of loan. process was fine, nothing exceptional either way.",,0
ACCT-0000453,2024-02-14,30.0,female,west,graduate,full_time,standard,online,True,False,685,1745.49,20769.58,4726.31,0.2276,25482.24,0.0955,24,1170.61,28094.52,2,0.0,865,9.0,"ok experience overall, no strong feelings to share. took longer than expected but got approved in the end.",,0
ACCT-0000397,2024-12-05,29.0,male,west,bachelor,self_employed,basic,online,False,False,633,1633.01,19974.43,9827.6,0.492,1010.2692,0.1029,36,32.736399999999996,1178.5164,3,,1304,5.0,very smooth application process and the agent was helpful. rates were competitive and the funds came through quickly.,,0
ACCT-0001413,2023-03-25,44.0,male,midwest,high_school,full_time,standard,mobile,True,False,678,7394.74,88837.28,16359.93,0.1842,43713.1,0.0706,60,866.71,52002.4,2,0.0,281,6.0,took longer than expected but got approved in the end. still evaluating against other offers from competitor banks.,,0
ACCT-0001818,2024-05-16,56.0,female,south,graduate,full_time,basic,online,True,True,579,4105.72,48923.21,14107.04,0.2884,48050.38,0.0863,12,4193.8,50325.65,0,3.0,722,7.0,the agent kept rescheduling and the process took weeks. interest rate jumped after the first quarter without warning. support never returned my calls about the missed payment.,2025-02-28,1
ACCT-0001577,2024-01-09,56.0,female,midwest,associate,full_time,standard,mobile,True,True,556,4231.35,51161.53,8724.3,0.1705,62337.41,0.0813,84,975.57,81947.56,0,0.0,1379,8.0,easy to track payments through the mobile app. very smooth application process and the agent was helpful.,,0
ACCT-0000676,2023-02-27,27.0,female,west,bachelor,self_employed,standard,online,True,True,731,4995.89,59790.31,12144.94,0.2031,53135.7,0.0773,12,4615.58,55386.91,0,0.0,652,6.0,"transparent fees, no hidden charges that I noticed. rates were competitive and the funds came through quickly.",,0
ACCT-0001600,2023-08-16,45.0,female,south,associate,part_time,basic,online,True,True,631,8455.53,101642.92,20578.91,0.2025,135419.62,0.0749,36,4211.51,151614.37,0,2.0,1104,10.0,very smooth application process and the agent was helpful.,,0
ACCT-0000496,2023-01-15,64.0,male,west,bachelor,full_time,standard,online,True,False,717,2562.69,30787.26,7760.62,0.2521,28836.66,0.0908,48,718.7,34497.67,0,2.0,228,6.0,"still evaluating against other offers from competitor banks. process was fine, nothing exceptional either way.",,0
ACCT-0000715,2022-05-27,31.0,female,midwest,associate,part_time,basic,branch,True,False,678,2834.27,33878.61,43178.8,1.2745,47333.05,0.0561,72,775.85,55861.22,0,2.0,796,6.0,very smooth application process and the agent was helpful.,,0
ACCT-0001214,2022-06-14,18.0,male,northeast,bachelor,full_time,basic,online,False,False,684,4628.34,55004.89,10955.66,0.1992,50639.95,0.025,36,1461.54,52615.39,1,2.0,1356,8.0,"transparent fees, no hidden charges that I noticed. easy to track payments through the mobile app. very smooth application process and the agent was helpful.",,0
ACCT-0000596,2023-09-07,37.0,male,midwest,graduate,full_time,basic,mobile,True,False,699,5069.87,60959.8,13673.7,0.2243,53858.19,0.0695,48,1288.33,61840.05,1,1.0,915,6.0,took longer than expected but got approved in the end. still evaluating against other offers from competitor banks.,,0
ACCT-0000746,2024-04-23,33.0,female,south,high_school,full_time,basic,agent,True,False,708,4502.81,53982.08,16030.25,0.297,34843.6,0.1461,84,664.73,55837.34,1,1.0,545,4.0,very smooth application process and the agent was helpful. rates were competitive and the funds came through quickly.,,0
ACCT-0001593,2023-06-15,39.0,female,pacific,associate,full_time,standard,online,True,True,568,5400.57,64982.58,37814.31,0.5819,46584.07,0.11,12,4117.22,49406.64,1,3.0,1259,4.0,"interest rate jumped after the first quarter without warning. fees were not explained clearly upfront, very disappointing.",2024-07-02,1
ACCT-0000035,2022-03-04,40.0,female,south,associate,self_employed,standard,mobile,True,False,776,3608.54,43474.04,14422.28,0.3317,51635.96,0.0745,84,790.71,66419.32,1,1.0,646,10.0,easy to track payments through the mobile app.,,0
ACCT-0000783,2023-01-17,28.0,female,pacific,bachelor,part_time,premium,online,True,False,844,5853.78,70789.42,,0.2775,78890.99,0.0679,84,1182.73,99349.31,0,2.0,1395,8.0,"ok experience overall, no strong feelings to share. process was fine, nothing exceptional either way. still evaluating against other offers from competitor banks.",2024-01-19,1
ACCT-0000812,2024-06-10,59.0,male,midwest,high_school,self_employed,basic,online,True,False,710,2620.77,31465.41,21658.04,0.6883,41978.55,0.0947,84,685.52,57583.4,2,0.0,32,6.0,"ok experience overall, no strong feelings to share.",,0
ACCT-0000286,2022-03-15,31.0,female,south,bachelor,full_time,standard,online,False,True,738,3405.97,40978.31,15577.9,0.3801,54765.41,0.0981,60,1158.39,69503.66,0,0.0,862,,"transparent fees, no hidden charges that I noticed.",,0
ACCT-0000582,2022-03-18,56.0,male,west,bachelor,part_time,basic,online,True,False,687,6208.79,74715.68,,0.2284,42500.47,0.0967,60,896.2,53771.98,0,1.0,577,5.0,took longer than expected but got approved in the end. documentation requirements were typical for this kind of loan.,,0
ACCT-0001107,2023-04-23,21.0,female,south,bachelor,full_time,premium,online,True,False,510,1312.11,15593.72,7874.64,0.505,13161.19,0.1095,60,285.82,17149.17,1,2.0,196,5.0,"transparent fees, no hidden charges that I noticed. rates were competitive and the funds came through quickly.",,0
ACCT-0001689,2024-05-19,34.0,male,west,associate,full_time,standard,online,False,True,694,3368.14,40191.99,11963.66,0.2977,18308.34,0.0962,48,461.0,22127.93,1,2.0,190,7.0,"great customer service, will recommend to friends and family. transparent fees, no hidden charges that I noticed. easy to track payments through the mobile app.",,0
ACCT-0001660,2022-06-14,42.0,female,south,bachelor,full_time,basic,branch,True,False,669,11702.5,140320.25,34052.65,0.2427,140892.45,0.132,24,6711.43,161074.31,0,0.0,1435,4.0,"fees were not explained clearly upfront, very disappointing. the agent kept rescheduling and the process took weeks. the autopay system charged me twice in the same month.",2022-07-25,1
ACCT-0001403,2022-11-19,44.0,male,west,graduate,full_time,basic,agent,True,True,762,5404.08,64930.63,25367.73,0.3907,16923.54,0.066,24,754.63,18111.19,1,1.0,1277,10.0,very smooth application process and the agent was helpful. easy to track payments through the mobile app.,,0
ACCT-0000063,2022-11-19,49.0,male,west,high_school,contract,basic,branch,False,False,745,3049.53,36931.22,10411.24,0.2819,10824.57,0.1052,12,954.29,11451.45,0,1.0,867,9.0,the agent kept rescheduling and the process took weeks.,2023-07-23,1
ACCT-0000776,2023-01-05,43.0,male,northeast,high_school,part_time,standard,mobile,False,False,807,3033.52,36635.17,11778.67,0.3215,17108.24,0.0575,24,756.28,18150.83,2,0.0,700,4.0,"transparent fees, no hidden charges that I noticed.",,0
ACCT-0000745,2023-01-04,18.0,female,south,bachelor,part_time,standard,branch,False,False,702,3263.75,39134.21,13892.19,0.355,49693.68,0.069,36,1532.12,55156.2,0,1.0,249,10.0,easy to track payments through the mobile app.,,0
ACCT-0001271,2024-12-26,32.0,male,south,bachelor,part_time,standard,branch,False,False,759,4135.24,49966.8,,0.3042,61180.39,0.0838,84,965.15,81072.65,1,1.0,1171,7.0,,,0
ACCT-0000029,2022-02-17,47.0,female,midwest,high_school,full_time,premium,online,True,False,684,7650.76,91897.96,23277.52,0.2533,69663.48,0.0598,72,1153.75,83069.87,1,1.0,806,8.0,"fees were not explained clearly upfront, very disappointing.",2022-07-03,1
ACCT-0001329,2024-09-17,34.0,male,south,high_school,full_time,basic,mobile,False,False,678,6087.3,73148.39,36919.19,0.5047,87680.08,0.0904,84,1412.28,118631.69,0,0.0,829,8.0,the agent kept rescheduling and the process took weeks. interest rate jumped after the first quarter without warning.,2025-07-17,1
ACCT-0002456,2022-07-04,53.0,male,south,bachelor,full_time,basic,online,True,True,704,2421.1,29325.85,18547.82,0.6325,32467.7,0.1066,48,833.77,40021.06,1,2.0,813,5.0,very smooth application process and the agent was helpful.,,0
ACCT-0001548,2024-01-13,55.0,female,south,high_school,full_time,standard,mobile,True,False,656,3562.59,42587.7,12706.65,0.2984,54918.33,0.1002,24,2534.62,60830.95,0,1.0,1175,7.0,"fees were not explained clearly upfront, very disappointing. the autopay system charged me twice in the same month.",2024-09-12,1
ACCT-0001158,2024-09-22,61.0,male,south,bachelor,full_time,basic,mobile,False,True,743,6522.72,78276.04,13610.87,0.1739,68026.26,0.0808,24,3079.05,73897.25,0,0.0,1420,5.0,"great customer service, will recommend to friends and family. very smooth application process and the agent was helpful.",,0
ACCT-0000871,2023-11-17,63.0,female,midwest,high_school,full_time,standard,online,True,False,666,3927.86,47314.01,22779.65,0.4815,27538.26,0.0513,72,445.1,32047.35,1,1.0,937,8.0,"process was fine, nothing exceptional either way. documentation requirements were typical for this kind of loan.",,0
ACCT-0000536,2024-01-20,40.0,male,south,associate,full_time,standard,online,False,True,633,3028.4,37002.03,18079.97,0.4886,23262.04,0.1403,72,479.67,34536.44,3,0.0,1453,5.0,"ok experience overall, no strong feelings to share. took longer than expected but got approved in the end.",,0
ACCT-0000544,2022-12-29,43.0,male,northeast,bachelor,full_time,premium,mobile,True,False,655,11578.35,138884.16,26803.36,0.193,131911.17,0.067,36,4055.08,145982.98,0,3.0,99,6.0,took longer than expected but got approved in the end.,,0
ACCT-0000575,2023-09-29,56.0,male,northeast,bachelor,part_time,premium,online,False,False,734,2001.12,24071.35,9796.69,0.407,25579.32,0.0805,60,519.25,31154.99,0,0.0,479,8.0,"rates were competitive and the funds came through quickly. transparent fees, no hidden charges that I noticed.",,0
ACCT-0001699,2022-06-01,49.0,male,south,high_school,part_time,basic,mobile,False,True,516,4027.0,48070.27,16306.27,0.3392,48768.77,0.074,60,974.91,58494.58,0,2.0,696,7.0,"still evaluating against other offers from competitor banks. ok experience overall, no strong feelings to share.",,0
ACCT-0002184,2023-10-31,33.0,female,midwest,bachelor,full_time,basic,online,True,True,560,3347.76,39511.46,30124.55,0.7624,46289.63,0.1037,12,4077.53,48930.33,2,0.0,1251,6.0,"rates were competitive and the funds came through quickly. transparent fees, no hidden charges that I noticed. very smooth application process and the agent was helpful.",,0
ACCT-0001869,2023-02-05,47.0,female,west,high_school,part_time,basic,branch,True,False,783,5181.2,62143.15,11595.6,0.1866,72679.61,0.045,72,1153.58,83058.07,1,2.0,646,8.0,"ok experience overall, no strong feelings to share.",,0
ACCT-0000193,2022-08-02,32.0,female,west,high_school,full_time,standard,agent,True,True,669,6756.28,80934.59,22133.96,0.2735,38258.39,0.079,84,594.43,49931.71,0,2.0,830,7.0,"great customer service, will recommend to friends and family. very smooth application process and the agent was helpful.",,0
ACCT-0002252,2022-07-16,39.0,male,west,associate,full_time,basic,mobile,True,True,743,3874.33,46809.16,12539.46,0.2679,21666.65,0.1015,60,461.91,27714.47,0,1.0,913,6.0,took longer than expected but got approved in the end.,,0
ACCT-0000472,2022-08-05,27.0,male,pacific,associate,full_time,basic,online,False,True,738,7772.09,93667.53,15419.52,0.1646,37052.53,0.1037,72,693.32,49919.23,1,0.0,1135,8.0,"transparent fees, no hidden charges that I noticed.",,0
ACCT-0000743,2023-02-07,40.0,male,south,bachelor,contract,basic,agent,True,True,546,3038.23,36181.05,14377.53,0.3974,48831.48,0.1544,36,1703.4,61322.53,1,2.0,774,4.0,"took longer than expected but got approved in the end. documentation requirements were typical for this kind of loan. ok experience overall, no strong feelings to share.",,0
ACCT-0000646,2022-12-15,54.0,female,south,graduate,self_employed,standard,agent,False,True,643,3469.59,41584.39,10779.52,0.2592,15676.71,0.0772,60,315.75,18944.88,0,0.0,1137,8.0,very smooth application process and the agent was helpful. rates were competitive and the funds came through quickly.,,0
ACCT-0001853,2022-02-03,39.0,female,pacific,bachelor,full_time,standard,online,False,False,732,2345.38,28378.23,18401.75,0.6484,38732.3,0.0869,36,1226.01,44136.53,2,1.0,1116,5.0,"took longer than expected but got approved in the end. still evaluating against other offers from competitor banks. ok experience overall, no strong feelings to share.",,0
ACCT-0000912,2024-11-17,36.0,female,northeast,bachelor,full_time,standard,online,True,False,731,2987.2,36068.17,24981.53,0.6926,19032.37,0.0991,12,1672.49,20069.9,1,3.0,946,2.0,very smooth application process and the agent was helpful.,,0
ACCT-0002376,2023-02-22,35.0,male,northeast,bachelor,full_time,premium,agent,False,False,799,4298.31,51610.63,15571.35,0.3017,31320.3,0.1116,60,683.55,41013.18,0,1.0,909,7.0,very smooth application process and the agent was helpful. rates were competitive and the funds came through quickly.,,0
ACCT-0001220,2024-12-01,18.0,male,south,bachelor,full_time,basic,online,False,False,731,4682.2,55888.43,24210.91,0.4332,51949.22,0.1164,72,1006.01,72432.77,0,1.0,665,7.0,"rates were competitive and the funds came through quickly. great customer service, will recommend to friends and family. very smooth application process and the agent was helpful.",,0
ACCT-0000082,2022-07-21,58.0,female,pacific,bachelor,self_employed,premium,mobile,False,True,736,3614.74,43137.12,13045.53,0.3024,58774.07,0.0637,48,1390.2,66729.73,1,2.0,1408,5.0,"still evaluating against other offers from competitor banks. took longer than expected but got approved in the end. process was fine, nothing exceptional either way.",,0
ACCT-0001913,2023-03-05,45.0,male,pacific,bachelor,part_time,premium,branch,True,False,850,4625.76,55530.53,18321.65,0.3299,38521.73,0.0659,36,1182.16,42557.82,0,0.0,888,9.0,"easy to track payments through the mobile app. transparent fees, no hidden charges that I noticed.",,0
ACCT-0000712,2023-10-11,56.0,male,west,bachelor,full_time,basic,online,True,False,762,5583.45,67256.11,20615.41,0.3065,92041.94,0.0923,12,8059.06,96708.68,1,1.0,1174,7.0,"rates were competitive and the funds came through quickly. transparent fees, no hidden charges that I noticed.",,0
ACCT-0002315,2023-05-16,64.0,male,west,associate,full_time,basic,branch,True,True,626,2829.08,33845.92,9285.12,0.2743,47017.6,0.0781,72,820.05,59043.87,0,1.0,468,,"ok experience overall, no strong feelings to share. documentation requirements were typical for this kind of loan.",,0
ACCT-0001354,2023-09-02,59.0,male,pacific,graduate,full_time,premium,mobile,False,False,715,5038.94,60667.21,13228.63,0.2181,20106.53,0.0523,60,381.59,22895.12,2,1.0,1453,2.0,documentation requirements were typical for this kind of loan. took longer than expected but got approved in the end.,,0
ACCT-0001313,2022-03-12,31.0,male,northeast,associate,self_employed,basic,mobile,True,False,764,5995.24,72003.51,24707.69,0.3431,42146.6,0.0885,60,871.9,52314.05,0,1.0,1033,8.0,"took longer than expected but got approved in the end. ok experience overall, no strong feelings to share. process was fine, nothing exceptional either way.",,0
ACCT-0001445,2023-06-13,53.0,male,northeast,bachelor,full_time,standard,online,True,False,666,3654.67,43943.99,,0.2517,32939.39,0.0622,48,776.94,37293.32,0,0.0,1055,10.0,"took longer than expected but got approved in the end. ok experience overall, no strong feelings to share. still evaluating against other offers from competitor banks.",,0
ACCT-0000627,2023-08-27,37.0,female,northeast,associate,contract,basic,branch,True,False,612,7986.15,95909.8,17283.16,0.1802,81751.77,0.0773,60,1647.04,98822.4,0,1.0,1135,8.0,"rates were competitive and the funds came through quickly. great customer service, will recommend to friends and family.",,0
ACCT-0001070,2024-09-13,48.0,female,west,bachelor,full_time,basic,branch,False,False,722,8306.43,99606.21,32502.26,0.3263,31652.91,0.0976,36,1017.78,36640.17,0,0.0,762,4.0,rates were competitive and the funds came through quickly. very smooth application process and the agent was helpful. easy to track payments through the mobile app.,,0
ACCT-0000459,2024-02-05,40.0,female,west,high_school,full_time,standard,online,True,True,850,4551.03,54559.24,16993.67,0.3115,55848.34,0.0569,12,4798.74,57584.92,0,1.0,252,9.0,documentation requirements were typical for this kind of loan. still evaluating against other offers from competitor banks.,,0
ACCT-0000212,2022-09-01,37.0,male,midwest,high_school,self_employed,standard,mobile,True,False,730,2326.71,27559.22,13724.49,0.498,14593.18,0.0947,60,306.27,18376.11,0,1.0,878,6.0,very smooth application process and the agent was helpful. easy to track payments through the mobile app.,,0
ACCT-0002131,2022-04-23,35.0,male,west,bachelor,contract,premium,agent,False,False,549,4929.39,59076.22,19371.7,0.3279,54342.58,0.1225,48,1437.74,69011.65,1,0.0,1224,2.0,documentation requirements were typical for this kind of loan.,,0
ACCT-0001145,2022-06-10,61.0,male,south,bachelor,self_employed,standard,online,True,False,772,1419.18,17058.48,7028.63,0.412,7307.96,0.0689,84,109.92,9233.18,2,,658,9.0,"great customer service, will recommend to friends and family. very smooth application process and the agent was helpful. easy to track payments through the mobile app.",,0
ACCT-0000055,2022-11-19,25.0,male,west,bachelor,full_time,basic,branch,False,False,639,3393.78,40831.36,19113.21,0.4681,56879.09,0.0855,48,1403.34,67360.56,3,1.0,523,8.0,"the autopay system charged me twice in the same month. interest rate jumped after the first quarter without warning. fees were not explained clearly upfront, very disappointing.",2023-10-12,1
ACCT-0000528,2023-04-03,34.0,female,south,high_school,self_employed,basic,branch,False,False,659,11720.19,140681.74,28122.7,0.1999,109395.76,0.0259,24,4682.38,112377.12,1,1.0,31,6.0,"very smooth application process and the agent was helpful. great customer service, will recommend to friends and family.",,0
ACCT-0000503,2022-12-14,31.0,male,west,bachelor,full_time,premium,agent,False,False,735,7040.36,84252.93,15648.99,0.1857,68722.91,0.0964,60,1447.93,86875.89,0,0.0,790,8.0,"easy to track payments through the mobile app. transparent fees, no hidden charges that I noticed. rates were competitive and the funds came through quickly.",,0
ACCT-0000198,2022-12-17,45.0,female,south,associate,part_time,standard,online,True,False,783,2243.21,26452.85,14447.12,0.5461,27498.22,0.067,48,654.68,31424.66,2,,539,2.0,"transparent fees, no hidden charges that I noticed. easy to track payments through the mobile app.",,0
ACCT-0000325,2022-03-07,46.0,female,pacific,bachelor,full_time,standard,mobile,True,False,732,4595.21,54867.19,11268.73,0.2054,23407.82,0.1416,24,1125.69,27016.45,0,0.0,1357,5.0,easy to track payments through the mobile app.,,0
ACCT-0001957,2023-08-07,49.0,nonbinary,northeast,graduate,full_time,standard,mobile,False,False,644,4005.95,48164.75,24129.67,0.501,40179.54,0.0682,84,602.81,50636.37,1,0.0,1407,6.0,"transparent fees, no hidden charges that I noticed. great customer service, will recommend to friends and family.",,0
ACCT-0001507,2024-01-30,24.0,female,midwest,high_school,full_time,standard,branch,True,True,644,7478.32,89486.65,18963.54,0.2119,76609.32,0.1062,48,1965.93,94364.83,0,2.0,67,4.0,"great customer service, will recommend to friends and family.",,0
ACCT-0000526,2024-01-08,39.0,male,west,graduate,full_time,basic,branch,False,False,672,1511.76,18177.39,6935.74,0.3816,20158.74,0.0608,48,474.21,22761.95,1,1.0,190,7.0,"process was fine, nothing exceptional either way. took longer than expected but got approved in the end. documentation requirements were typical for this kind of loan.",,0
ACCT-0001100,2024-06-12,71.0,male,midwest,bachelor,self_employed,standard,online,True,False,766,5546.56,66760.41,19811.28,0.2968,20058.6,0.0887,48,497.92,23900.14,3,1.0,1477,3.0,"very smooth application process and the agent was helpful. easy to track payments through the mobile app. great customer service, will recommend to friends and family.",,0
ACCT-0000236,2023-08-27,48.0,female,midwest,high_school,full_time,basic,mobile,True,False,500,5824.44,69808.6,12746.1,0.1826,73820.66,0.1058,48,1892.85,90856.83,0,0.0,707,7.0,"transparent fees, no hidden charges that I noticed. very smooth application process and the agent was helpful. easy to track payments through the mobile app.",,0
ACCT-0000811,2024-08-02,54.0,female,midwest,bachelor,self_employed,standard,online,False,False,782,7873.98,94350.56,18704.59,0.1982,32824.86,0.0963,12,2880.14,34561.66,0,2.0,960,4.0,took longer than expected but got approved in the end. documentation requirements were typical for this kind of loan.,,0
ACCT-0002176,2024-03-25,33.0,female,northeast,high_school,part_time,basic,online,True,True,821,5775.0,69392.43,29135.75,0.4199,78103.58,0.0611,84,1145.17,96194.65,3,2.0,1222,2.0,"transparent fees, no hidden charges that I noticed. very smooth application process and the agent was helpful.",,0
ACCT-0002083,2022-10-14,46.0,female,midwest,associate,full_time,premium,online,True,False,619,5912.09,70906.86,13585.66,0.1916,41724.97,0.0531,24,1836.31,44071.38,0,0.0,1170,6.0,"took longer than expected but got approved in the end. process was fine, nothing exceptional either way.",,0
ACCT-0001013,2024-06-02,36.0,female,pacific,bachelor,full_time,standard,mobile,False,False,662,2886.11,34682.32,15204.67,0.4384,38048.38,0.0904,36,1210.59,43581.24,2,2.0,68,7.0,"transparent fees, no hidden charges that I noticed.",,0
ACCT-0001453,2024-08-10,42.0,nonbinary,midwest,bachelor,self_employed,premium,branch,True,True,684,3214.6,38801.16,10465.14,0.2697,17200.82,0.0707,84,260.19,21856.02,1,0.0,625,4.0,easy to track payments through the mobile app.,,0
ACCT-0001823,2022-12-09,34.0,male,west,bachelor,full_time,standard,online,True,False,761,4319.24,52203.86,19398.54,0.3716,24151.55,0.0981,36,777.18,27978.48,0,2.0,99,4.0,"ok experience overall, no strong feelings to share. still evaluating against other offers from competitor banks.",,0
ACCT-0000634,2024-08-16,54.0,male,west,graduate,full_time,basic,online,False,False,622,1952.66,23586.37,14667.68,0.6219,30993.48,0.0919,60,646.27,38776.48,0,0.0,740,8.0,"great customer service, will recommend to friends and family. rates were competitive and the funds came through quickly.",,0
ACCT-0000548,2023-12-30,65.0,male,west,bachelor,contract,basic,mobile,True,False,683,9255.11,110907.87,33551.65,0.3025,125683.9,0.0645,48,2977.72,142930.7,1,3.0,560,5.0,"interest rate jumped after the first quarter without warning. fees were not explained clearly upfront, very disappointing.",2024-02-07,1
ACCT-0002115,2024-03-17,33.0,female,pacific,graduate,self_employed,basic,online,True,False,825,3273.46,39136.39,8328.81,0.2128,21411.16,0.0882,24,976.44,23434.57,0,0.0,1072,7.0,,,0
ACCT-0001312,2022-04-06,25.0,male,midwest,high_school,full_time,basic,mobile,False,False,597,2854.41,34432.92,12813.17,0.3721,11129.31,0.0705,36,343.89,12380.22,1,,592,6.0,"ok experience overall, no strong feelings to share. took longer than expected but got approved in the end. still evaluating against other offers from competitor banks.",,0
ACCT-0002355,2023-06-05,30.0,female,northeast,bachelor,self_employed,premium,branch,True,True,662,3881.69,46748.1,11581.78,0.2477,62792.95,0.1114,48,1627.14,78102.55,1,3.0,1040,6.0,"great customer service, will recommend to friends and family.",,0
ACCT-0002304,2024-02-20,18.0,male,south,graduate,full_time,basic,mobile,True,False,780,9606.58,115158.46,19470.58,0.1691,135204.27,0.0844,60,2769.7,166181.98,2,0.0,1147,4.0,"documentation requirements were typical for this kind of loan. process was fine, nothing exceptional either way.",,0
ACCT-0000380,2023-06-20,46.0,male,west,graduate,full_time,basic,mobile,False,True,826,6072.79,73092.21,15872.19,0.2172,83961.18,0.0253,24,3591.19,86188.47,0,1.0,493,10.0,took longer than expected but got approved in the end. documentation requirements were typical for this kind of loan.,,0
ACCT-0001871,2023-09-01,35.0,male,pacific,high_school,full_time,basic,mobile,False,True,635,6460.18,77378.77,18903.33,0.2443,107044.91,0.1342,84,1971.64,165617.57,1,0.0,490,6.0,"fees were not explained clearly upfront, very disappointing. support never returned my calls about the missed payment.",2024-06-05,1
ACCT-0000571,2022-04-04,29.0,male,pacific,associate,full_time,basic,mobile,True,False,532,3962.33,47710.96,25130.35,0.5267,16433.61,0.1149,48,428.65,20575.4,2,1.0,1350,7.0,"rates were competitive and the funds came through quickly. great customer service, will recommend to friends and family.",,0
ACCT-0000126,2022-10-15,32.0,male,west,bachelor,full_time,basic,branch,False,False,571,6024.25,72102.49,20465.19,0.2838,29526.64,0.0682,48,704.61,33821.5,1,5.0,1246,6.0,"great customer service, will recommend to friends and family. rates were competitive and the funds came through quickly.",,0
ACCT-0000600,2024-09-30,60.0,female,west,bachelor,full_time,premium,mobile,False,False,546,3057.54,36779.52,6012.72,0.1635,30124.41,0.0971,48,759.91,36475.86,2,2.0,884,4.0,"ok experience overall, no strong feelings to share.",,0
ACCT-0002424,2023-01-04,39.0,male,midwest,graduate,contract,standard,online,False,False,626,2913.6,34753.59,17315.13,0.4982,30392.36,0.0814,84,475.79,39966.66,1,1.0,1074,8.0,very smooth application process and the agent was helpful. rates were competitive and the funds came through quickly.,,0
ACCT-0000266,2022-12-09,48.0,male,northeast,bachelor,full_time,basic,online,False,False,544,3227.76,38441.83,17357.91,0.4515,45833.78,0.0918,72,830.27,59779.25,0,0.0,349,5.0,still evaluating against other offers from competitor banks. took longer than expected but got approved in the end.,,0
ACCT-0000461,2022-09-05,61.0,male,midwest,high_school,full_time,basic,branch,True,False,726,3201.69,38462.58,14281.23,0.3713,24888.9,0.1163,36,822.23,29600.25,0,1.0,861,7.0,"great customer service, will recommend to friends and family. easy to track payments through the mobile app.",,0
ACCT-0000275,2024-10-06,44.0,male,south,associate,full_time,basic,branch,True,True,677,8899.42,106974.01,18080.95,0.169,135477.44,0.089,36,4302.1,154875.51,1,1.0,42,4.0,"very smooth application process and the agent was helpful. great customer service, will recommend to friends and family. rates were competitive and the funds came through quickly.",,0
ACCT-0001776,2024-12-22,55.0,female,midwest,high_school,full_time,basic,mobile,False,False,655,3468.63,41729.69,14968.15,0.3587,34424.8,0.0868,60,709.24,42554.37,1,3.0,324,7.0,"took longer than expected but got approved in the end. ok experience overall, no strong feelings to share.",,0
ACCT-0002036,2023-12-18,52.0,male,west,bachelor,full_time,basic,online,True,True,748,6205.42,74448.77,25798.56,0.3465,28641.03,0.0659,84,426.59,35833.35,0,2.0,743,8.0,"transparent fees, no hidden charges that I noticed.",,0
ACCT-0001736,2022-01-17,43.0,female,south,graduate,full_time,standard,branch,True,False,526,8618.55,103335.24,25060.63,0.2425,49684.03,0.1231,12,4421.65,53059.8,0,2.0,608,,very smooth application process and the agent was helpful. easy to track payments through the mobile app.,,0
ACCT-0002212,2023-08-26,40.0,female,northeast,bachelor,full_time,basic,online,True,False,788,4562.13,54807.73,19839.24,0.362,52257.31,0.0802,36,1637.92,58965.1,1,1.0,525,5.0,"took longer than expected but got approved in the end. process was fine, nothing exceptional either way. still evaluating against other offers from competitor banks.",,0
ACCT-0001284,2022-12-01,18.0,female,south,bachelor,full_time,basic,mobile,True,True,764,4625.72,55497.96,16651.77,0.3,66629.23,0.025,48,1460.12,70085.53,1,1.0,662,10.0,,,0
ACCT-0001937,2022-03-29,36.0,male,south,bachelor,full_time,standard,agent,True,False,669,8088.64,96918.26,23887.57,0.2465,40321.52,0.058,36,1222.96,44026.61,0,0.0,486,,still evaluating against other offers from competitor banks. took longer than expected but got approved in the end.,,0
ACCT-0000434,2023-02-14,36.0,female,west,associate,full_time,standard,branch,False,True,723,5775.29,69396.09,31271.57,0.4506,33609.49,0.0753,60,673.95,40436.88,0,2.0,942,5.0,"ok experience overall, no strong feelings to share. still evaluating against other offers from competitor banks.",,0
ACCT-0002097,2024-12-03,49.0,male,midwest,bachelor,full_time,basic,online,True,False,697,5287.68,63802.85,19218.61,0.3012,61280.2,0.0577,72,1008.81,72634.67,1,1.0,1257,10.0,rates were competitive and the funds came through quickly. very smooth application process and the agent was helpful.,,0
ACCT-0000250,2023-12-29,30.0,male,pacific,high_school,part_time,basic,branch,False,False,781,10258.6,122916.43,36842.77,0.2997,56454.61,0.0999,48,1431.46,68710.25,0,1.0,1458,6.0,"easy to track payments through the mobile app. great customer service, will recommend to friends and family. very smooth application process and the agent was helpful.",,0
ACCT-0000274,2022-08-27,24.0,male,west,associate,full_time,premium,mobile,True,False,815,4583.17,55231.65,15506.75,0.2808,38704.79,0.0842,12,3374.32,40491.84,1,3.0,1184,10.0,easy to track payments through the mobile app. very smooth application process and the agent was helpful.,,0
ACCT-0001729,2024-08-30,22.0,female,south,bachelor,full_time,standard,branch,True,False,850,5182.1,62359.15,14973.25,0.2401,75868.34,0.0853,84,1202.66,101023.07,0,2.0,487,7.0,"process was fine, nothing exceptional either way.",,0
ACCT-0001862,2023-09-18,38.0,male,northeast,graduate,self_employed,standard,mobile,False,False,728,8451.71,101548.93,30046.28,0.2959,80299.35,0.0856,84,1273.9,107007.65,0,4.0,242,3.0,"transparent fees, no hidden charges that I noticed. very smooth application process and the agent was helpful.",,0
ACCT-0001048,2024-03-26,27.0,female,northeast,associate,self_employed,standard,online,True,True,502,8689.1,104556.26,25219.14,0.2412,115951.68,0.1164,36,3831.38,137929.61,1,2.0,1379,5.0,"documentation requirements were typical for this kind of loan. took longer than expected but got approved in the end. process was fine, nothing exceptional either way.",,0
ACCT-0000152,2024-03-23,48.0,female,pacific,high_school,part_time,basic,agent,True,False,670,4386.08,52759.95,19450.86,0.3687,23130.85,0.0979,36,744.05,26785.95,0,1.0,194,5.0,rates were competitive and the funds came through quickly. easy to track payments through the mobile app. very smooth application process and the agent was helpful.,,0
ACCT-0000592,2023-01-06,18.0,female,west,high_school,full_time,basic,online,False,False,850,7472.66,89735.0,14727.84,0.1641,124509.43,0.0567,60,2387.9,143274.16,0,1.0,1475,5.0,very smooth application process and the agent was helpful. rates were competitive and the funds came through quickly.,,0
ACCT-0000786,2023-08-23,21.0,male,midwest,bachelor,full_time,standard,online,True,False,683,2956.55,35393.54,6427.17,0.1816,9452.1,0.0744,60,189.11,11346.77,0,0.0,624,7.0,"great customer service, will recommend to friends and family. transparent fees, no hidden charges that I noticed.",,0
ACCT-0001738,2024-08-03,42.0,male,pacific,associate,full_time,standard,branch,False,False,578,4259.18,50768.36,8703.93,0.1714,54487.98,0.0654,36,1671.05,60157.8,0,1.0,824,7.0,took longer than expected but got approved in the end. documentation requirements were typical for this kind of loan.,,0
ACCT-0001920,2023-08-09,43.0,female,south,bachelor,contract,premium,branch,False,False,644,4668.11,55819.98,24074.7,0.4313,23827.16,0.0913,36,759.2,27331.03,1,4.0,1282,5.0,took longer than expected but got approved in the end. documentation requirements were typical for this kind of loan.,,0
ACCT-0002380,2022-10-09,39.0,female,south,high_school,part_time,basic,mobile,True,False,735,4748.53,57006.64,14495.01,0.2543,39545.56,0.0526,24,1739.47,41747.2,0,2.0,1483,6.0,"transparent fees, no hidden charges that I noticed.",,0
ACCT-0001665,2023-11-06,29.0,female,south,bachelor,full_time,basic,branch,True,True,725,5007.6,59923.9,10592.29,0.1768,81454.39,0.0828,24,3694.51,88668.33,1,1.0,1112,10.0,"great customer service, will recommend to friends and family. very smooth application process and the agent was helpful.",,0
ACCT-0001315,2024-06-04,47.0,nonbinary,south,bachelor,self_employed,basic,online,True,False,477,3223.92,39364.43,20615.15,0.5237,38960.55,0.1152,72,752.08,54149.65,5,,778,2.0,"great customer service, will recommend to friends and family. transparent fees, no hidden charges that I noticed. very smooth application process and the agent was helpful.",,0
ACCT-0000857,2023-10-29,58.0,male,midwest,associate,full_time,basic,agent,True,True,784,2065.05,24698.78,18121.09,0.7337,32659.54,0.072,36,1011.4,36410.25,1,0.0,79,7.0,rates were competitive and the funds came through quickly.,,0
ACCT-0001321,2022-08-16,36.0,male,west,bachelor,full_time,basic,online,True,True,701,2449.27,29683.17,13759.65,0.4636,26797.8,0.077,36,836.05,30097.63,1,1.0,881,5.0,"process was fine, nothing exceptional either way. ok experience overall, no strong feelings to share. documentation requirements were typical for this kind of loan.",,0
ACCT-0000264,2023-11-08,51.0,female,midwest,bachelor,full_time,basic,mobile,True,True,687,2953.34,35220.54,6925.46,0.1966,27664.62,0.104,72,518.17,37308.49,1,2.0,113,7.0,"rates were competitive and the funds came through quickly. great customer service, will recommend to friends and family. easy to track payments through the mobile app.",,0
ACCT-0000535,2023-07-15,44.0,female,south,graduate,full_time,basic,branch,False,False,579,7470.55,89636.93,16657.15,0.1858,102208.61,0.1,84,1696.96,142544.9,1,1.0,1078,4.0,"took longer than expected but got approved in the end. ok experience overall, no strong feelings to share.",,0
ACCT-0000583,2023-06-05,36.0,male,northeast,bachelor,full_time,standard,online,True,True,651,7199.43,86205.12,18251.33,0.2117,67169.16,0.0931,84,1091.18,91659.06,0,2.0,558,8.0,easy to track payments through the mobile app.,,0
ACCT-0000696,2024-12-07,31.0,female,midwest,associate,full_time,basic,online,False,False,711,4068.56,48708.96,29576.36,0.6072,42155.61,0.1091,24,1963.02,47112.44,1,0.0,1216,8.0,,,0
ACCT-0001259,2022-03-26,45.0,male,pacific,high_school,part_time,basic,online,True,False,725,10237.17,122933.64,,0.2161,125647.49,0.0644,36,3847.68,138516.44,0,2.0,1307,10.0,"very smooth application process and the agent was helpful. rates were competitive and the funds came through quickly. transparent fees, no hidden charges that I noticed.",,0
ACCT-0001368,2022-06-11,32.0,female,northeast,graduate,full_time,premium,mobile,False,False,708,4061.51,49179.24,9615.96,0.1955,55485.4,0.0764,24,2500.38,60009.07,0,1.0,1375,4.0,"great customer service, will recommend to friends and family. very smooth application process and the agent was helpful.",,0
ACCT-0002177,2024-11-22,33.0,female,south,bachelor,full_time,standard,online,False,True,677,2230.08,26995.11,18571.77,0.688,19983.24,0.0908,36,636.21,22903.73,0,1.0,448,5.0,"process was fine, nothing exceptional either way.",,0
ACCT-0001889,2024-10-15,56.0,male,west,graduate,self_employed,basic,mobile,True,True,778,4530.32,54206.47,15268.28,0.2817,65996.36,0.068,12,5704.49,68453.94,0,2.0,100,5.0,"great customer service, will recommend to friends and family.",,0
ACCT-0000341,2023-09-19,48.0,female,pacific,high_school,full_time,basic,mobile,False,True,693,4291.27,51139.77,11016.74,0.2154,53950.0,0.08,72,945.89,68103.75,0,1.0,397,10.0,"process was fine, nothing exceptional either way.",,0
ACCT-0000944,2022-02-15,37.0,male,northeast,graduate,part_time,standard,mobile,False,False,742,4336.41,52094.86,15498.44,0.2975,70790.97,0.0803,60,1436.55,86192.78,2,,1032,7.0,"documentation requirements were typical for this kind of loan. still evaluating against other offers from competitor banks. ok experience overall, no strong feelings to share.",,0
ACCT-0000064,2023-01-24,18.0,female,south,graduate,full_time,standard,agent,True,False,693,9718.95,116297.85,20608.31,0.1772,34765.29,0.0694,48,831.59,39916.35,1,1.0,225,4.0,"easy to track payments through the mobile app. great customer service, will recommend to friends and family.",,0
ACCT-0000432,2024-06-26,32.0,male,west,bachelor,full_time,standard,online,True,True,612,2934.15,35391.63,18208.56,0.5145,28074.53,0.0967,24,1291.27,30990.6,3,2.0,1449,7.0,"transparent fees, no hidden charges that I noticed. very smooth application process and the agent was helpful.",,0
ACCT-0001876,2024-04-15,51.0,female,midwest,associate,full_time,basic,mobile,True,False,850,1940.65,23500.67,9047.64,0.385,21861.53,0.0784,72,381.59,27474.62,1,0.0,58,0.0,"process was fine, nothing exceptional either way. still evaluating against other offers from competitor banks.",,0
ACCT-0001532,2023-05-05,27.0,female,west,bachelor,full_time,premium,online,True,True,587,3094.61,36925.29,15704.14,0.4253,36367.97,0.1206,12,3232.31,38787.67,0,0.0,88,6.0,documentation requirements were typical for this kind of loan.,,0
ACCT-0000819,2023-12-31,50.0,male,midwest,high_school,full_time,basic,online,True,False,664,6206.41,74737.38,15694.47,0.21,93178.89,0.1174,36,3083.3,110998.9,0,2.0,1137,10.0,very smooth application process and the agent was helpful.,,0
ACCT-0000633,2022-09-19,31.0,male,south,graduate,self_employed,premium,branch,True,False,640,4026.16,48556.01,30627.25,0.6308,62514.17,0.0544,24,2754.87,66116.77,0,0.0,105,7.0,rates were competitive and the funds came through quickly. easy to track payments through the mobile app.,,0
ACCT-0001171,2022-12-12,34.0,female,west,bachelor,part_time,standard,online,True,False,545,7198.71,86526.68,25446.58,0.2941,66869.68,0.1188,84,1176.22,98802.64,0,0.0,158,8.0,"transparent fees, no hidden charges that I noticed. great customer service, will recommend to friends and family.",,0
ACCT-0001019,2023-04-24,26.0,female,pacific,high_school,part_time,standard,online,False,False,704,2902.22,34656.24,20312.19,0.5861,22818.72,0.0901,36,725.69,26124.93,1,5.0,173,4.0,"process was fine, nothing exceptional either way.",,0
ACCT-0000866,2022-07-31,31.0,female,west,bachelor,full_time,basic,online,True,True,771,4017.82,48220.47,13170.33,0.2731,22632.68,0.0897,84,363.79,30558.41,1,1.0,94,8.0,"process was fine, nothing exceptional either way. still evaluating against other offers from competitor banks.",,0
ACCT-0002054,2023-09-11,19.0,male,midwest,associate,full_time,standard,online,False,False,695,3035.33,36739.9,6712.6,0.1827,42928.89,0.0581,24,1898.88,45573.06,1,1.0,351,3.0,rates were competitive and the funds came through quickly.,,0
ACCT-0000669,2023-03-20,67.0,female,south,bachelor,self_employed,basic,mobile,True,True,663,5617.38,67235.65,24170.02,0.3595,51921.18,0.0799,36,1626.79,58564.6,0,1.0,980,6.0,the autopay system charged me twice in the same month. interest rate jumped after the first quarter without warning. the agent kept rescheduling and the process took weeks.,2023-07-28,1
ACCT-0002217,2022-04-15,59.0,female,west,graduate,full_time,standard,mobile,False,False,754,6521.69,78218.37,13568.52,0.1735,84177.17,0.0752,24,3788.55,90925.09,1,0.0,1373,6.0,documentation requirements were typical for this kind of loan. took longer than expected but got approved in the end.,,0
ACCT-0002426,2023-07-19,39.0,female,midwest,bachelor,contract,standard,mobile,False,False,619,5244.43,62625.06,14905.58,0.238,75649.79,0.1214,48,1997.3,95870.43,0,0.0,1124,8.0,,,0
ACCT-0001473,2022-09-25,39.0,male,midwest,high_school,full_time,premium,mobile,True,True,714,5504.79,65934.29,14540.56,0.2205,88754.55,0.0858,60,1824.34,109460.38,1,0.0,245,7.0,"still evaluating against other offers from competitor banks. ok experience overall, no strong feelings to share. process was fine, nothing exceptional either way.",,0
ACCT-0002427,2023-11-30,39.0,female,south,bachelor,full_time,basic,online,True,False,605,3273.45,39204.03,14070.27,0.3589,51720.11,0.0919,60,1078.52,64710.94,0,0.0,927,10.0,"transparent fees, no hidden charges that I noticed.",,0
ACCT-0001463,2024-10-18,44.0,male,south,high_school,full_time,basic,online,True,False,736,4894.19,58767.78,13760.11,0.2341,56150.04,0.0608,48,1320.82,63399.4,0,3.0,167,6.0,"very smooth application process and the agent was helpful. great customer service, will recommend to friends and family.",,0
ACCT-0000181,2022-01-25,36.0,male,midwest,associate,part_time,basic,mobile,True,False,693,3721.03,44507.76,24074.35,0.5409,12006.59,0.0867,24,546.71,13121.14,1,1.0,429,5.0,"great customer service, will recommend to friends and family. easy to track payments through the mobile app.",,0
ACCT-0001299,2024-10-09,33.0,female,midwest,bachelor,full_time,standard,online,False,False,594,2495.39,30055.72,,0.5021,29953.82,0.0969,36,962.23,34640.45,2,1.0,1258,8.0,documentation requirements were typical for this kind of loan. still evaluating against other offers from competitor banks.,,0
ACCT-0001139,2022-05-15,54.0,male,south,graduate,full_time,basic,mobile,True,False,718,4861.07,58367.28,18535.08,0.3176,23617.27,0.0885,12,2063.75,24764.95,0,1.0,1077,5.0,"fees were not explained clearly upfront, very disappointing. the agent kept rescheduling and the process took weeks.",2023-01-26,1
ACCT-0002024,2023-06-08,51.0,female,northeast,associate,full_time,basic,online,False,False,709,4997.34,60125.86,18056.62,0.3003,46401.64,0.095,12,4068.64,48823.64,1,2.0,385,,"process was fine, nothing exceptional either way. ok experience overall, no strong feelings to share.",,0
ACCT-0000918,2022-03-21,,male,west,high_school,full_time,basic,online,True,False,724,3115.74,37052.3,9028.76,0.2437,24022.92,0.0748,60,481.11,28866.33,0,3.0,597,8.0,,,0
ACCT-0001407,2023-10-27,32.0,nonbinary,south,bachelor,full_time,basic,mobile,True,False,730,5841.52,70146.57,14824.29,0.2113,22615.93,0.1094,48,583.86,28025.45,1,0.0,1329,8.0,"great customer service, will recommend to friends and family. rates were competitive and the funds came through quickly.",,0
ACCT-0000960,2022-11-21,56.0,male,south,bachelor,full_time,standard,mobile,True,False,720,5171.8,62058.73,16240.0,0.2617,18019.03,0.0748,84,276.18,23199.54,1,1.0,900,5.0,took longer than expected but got approved in the end.,,0
ACCT-0001522,2022-06-21,29.0,female,south,high_school,full_time,basic,agent,True,False,705,3370.25,40673.01,19102.13,0.4697,35021.37,0.0979,72,645.06,46444.35,1,0.0,220,7.0,"great customer service, will recommend to friends and family. transparent fees, no hidden charges that I noticed.",,0
ACCT-0000899,2024-03-23,57.0,female,midwest,bachelor,full_time,premium,branch,True,False,850,2418.68,29014.02,11070.45,0.3816,12354.65,0.0759,24,556.46,13355.02,0,0.0,529,4.0,easy to track payments through the mobile app.,,0
ACCT-0001462,2024-06-13,45.0,male,midwest,high_school,part_time,basic,mobile,True,False,722,6999.44,83355.34,20193.94,0.2423,23296.46,0.0725,12,2018.42,24221.03,3,1.0,1399,9.0,easy to track payments through the mobile app.,,0
ACCT-0000121,2022-08-29,35.0,male,northeast,high_school,part_time,premium,agent,False,False,587,3714.08,44430.42,14839.3,0.334,53669.53,0.1076,72,1015.08,73085.63,1,0.0,52,5.0,"transparent fees, no hidden charges that I noticed.",,0
ACCT-0000222,2023-06-16,47.0,female,midwest,high_school,full_time,basic,online,False,False,705,4299.95,51756.84,10296.84,0.1989,13803.15,0.0392,36,407.05,14653.8,0,2.0,294,10.0,"easy to track payments through the mobile app. transparent fees, no hidden charges that I noticed.",,0
ACCT-0002046,2023-05-02,51.0,male,northeast,associate,full_time,basic,branch,True,False,685,4945.75,59381.66,12338.3,0.2078,57534.97,0.1085,60,1246.62,74797.43,1,2.0,281,9.0,"great customer service, will recommend to friends and family. rates were competitive and the funds came through quickly. transparent fees, no hidden charges that I noticed.",,0
ACCT-0001392,2023-10-26,39.0,male,northeast,bachelor,full_time,basic,branch,True,False,850,7383.58,88312.82,16632.29,0.1883,85150.43,0.0512,60,1611.75,96704.88,0,1.0,106,6.0,"great customer service, will recommend to friends and family. rates were competitive and the funds came through quickly. transparent fees, no hidden charges that I noticed.",,0
ACCT-0000023,2023-08-14,21.0,female,midwest,graduate,full_time,standard,mobile,True,False,652,4869.68,58421.5,30610.77,0.524,26865.65,0.0987,36,865.28,31149.97,0,1.0,245,6.0,"still evaluating against other offers from competitor banks. ok experience overall, no strong feelings to share.",,0
ACCT-0002060,2024-11-26,49.0,female,pacific,high_school,full_time,premium,branch,False,False,811,2673.35,31994.54,15153.46,0.4736,12007.27,0.0823,84,188.52,15836.07,4,3.0,388,6.0,easy to track payments through the mobile app.,,0
ACCT-0001751,2022-06-21,26.0,female,midwest,graduate,self_employed,standard,agent,True,False,822,11935.23,143054.49,32683.28,0.2285,42189.02,0.0767,36,1315.58,47360.85,2,0.0,1243,8.0,rates were competitive and the funds came through quickly. very smooth application process and the agent was helpful.,,0
ACCT-0001211,2023-11-13,52.0,female,midwest,bachelor,full_time,standard,mobile,True,False,706,3571.72,42804.56,13174.16,0.3078,50847.18,0.0875,84,811.73,68185.69,0,,58,7.0,very smooth application process and the agent was helpful.,,0
ACCT-0000153,2022-05-16,31.0,female,south,bachelor,full_time,basic,branch,False,False,850,5369.76,64342.84,15862.04,0.2465,63496.35,0.0539,84,909.09,76363.74,2,1.0,1175,8.0,still evaluating against other offers from competitor banks. documentation requirements were typical for this kind of loan.,,0
ACCT-0002148,2024-10-29,36.0,female,midwest,bachelor,self_employed,standard,branch,False,False,760,3506.34,41927.35,13615.07,0.3247,50692.89,0.073,84,772.54,64893.2,0,1.0,1282,7.0,"easy to track payments through the mobile app. great customer service, will recommend to friends and family.",,0
ACCT-0000049,2024-02-13,33.0,male,midwest,bachelor,part_time,basic,online,True,False,659,5025.11,60335.31,26877.74,0.4455,36195.07,0.0958,72,662.89,47727.99,0,1.0,1234,7.0,"transparent fees, no hidden charges that I noticed.",,0
ACCT-0001668,2023-11-22,37.0,female,midwest,bachelor,full_time,basic,online,False,True,720,6869.92,82268.18,38456.77,0.4675,78227.99,0.1339,36,2650.34,95412.27,1,0.0,1379,5.0,"transparent fees, no hidden charges that I noticed. very smooth application process and the agent was helpful.",,0
ACCT-0001297,2022-08-09,18.0,male,west,associate,full_time,premium,branch,True,False,666,4560.96,54868.67,13360.68,0.2435,50382.71,0.0572,24,2226.71,53441.05,0,2.0,718,7.0,"easy to track payments through the mobile app. great customer service, will recommend to friends and family.",,0
ACCT-0001367,2024-05-29,31.0,male,midwest,associate,self_employed,standard,branch,False,True,629,5768.79,68909.92,12870.08,0.1868,93965.33,0.0622,48,2216.19,106376.96,1,1.0,487,7.0,,,0
ACCT-0000052,2023-01-08,57.0,female,south,bachelor,full_time,standard,branch,False,True,659,5869.53,70568.58,22615.61,0.3205,27967.89,0.058,60,538.1,32286.25,0,1.0,213,5.0,rates were competitive and the funds came through quickly. very smooth application process and the agent was helpful.,,0
ACCT-0000369,2022-07-10,42.0,male,northeast,high_school,self_employed,basic,mobile,True,True,754,3027.98,36653.16,14830.45,0.4046,48000.56,0.0875,48,1188.85,57065.04,1,1.0,1055,4.0,rates were competitive and the funds came through quickly.,,0
ACCT-0001694,2024-05-01,38.0,male,midwest,associate,full_time,basic,branch,True,False,713,3858.36,46175.66,16597.69,0.3594,37491.71,0.0964,12,3289.89,39478.68,0,1.0,311,7.0,easy to track payments through the mobile app.,,0
ACCT-0001810,2022-06-19,49.0,female,northeast,high_school,full_time,basic,online,True,False,682,2425.77,29391.36,18089.42,0.6155,13044.99,0.0692,24,583.59,14006.2,1,3.0,884,10.0,"process was fine, nothing exceptional either way. still evaluating against other offers from competitor banks.",,0
ACCT-0001538,2023-11-24,60.0,female,northeast,associate,full_time,basic,online,True,False,844,3792.42,44936.38,17411.93,0.3875,42952.58,0.0523,60,815.08,48904.56,2,0.0,1004,3.0,,,0
ACCT-0000982,2022-10-23,50.0,male,midwest,associate,self_employed,basic,online,False,True,833,2661.8,32281.74,9959.89,0.3085,35061.24,0.0753,48,848.27,40717.15,0,1.0,1027,10.0,"rates were competitive and the funds came through quickly. very smooth application process and the agent was helpful. great customer service, will recommend to friends and family.",,0
ACCT-0001239,2023-03-18,46.0,female,pacific,associate,self_employed,basic,branch,True,False,714,7773.68,93201.8,24075.5,0.2583,76205.45,0.078,48,1853.19,88953.03,0,1.0,462,7.0,"transparent fees, no hidden charges that I noticed. easy to track payments through the mobile app. great customer service, will recommend to friends and family.",,0
ACCT-0000285,2024-05-28,62.0,female,south,high_school,full_time,basic,mobile,False,False,752,2813.11,33567.22,9189.4,0.2738,24237.3,0.1334,12,2168.64,26023.73,1,1.0,821,10.0,,,0
ACCT-0001691,2023-12-28,54.0,female,south,bachelor,self_employed,basic,online,True,False,703,5704.26,68639.92,27593.01,0.402,84993.53,0.1015,24,3927.93,94270.29,1,1.0,1137,7.0,"very smooth application process and the agent was helpful. transparent fees, no hidden charges that I noticed. rates were competitive and the funds came through quickly.",,0
ACCT-0001830,2024-01-30,32.0,male,west,bachelor,full_time,standard,mobile,True,True,850,6762.78,80809.97,20046.53,0.2481,42745.51,0.0568,36,1294.2,46591.2,0,0.0,629,5.0,easy to track payments through the mobile app. very smooth application process and the agent was helpful.,,0
ACCT-0001959,2023-03-31,47.0,nonbinary,south,bachelor,part_time,standard,online,True,False,636,4039.16,48750.63,22075.39,0.4528,32054.0,0.0589,24,1419.01,34056.14,1,1.0,1317,2.0,very smooth application process and the agent was helpful.,,0
ACCT-0001215,2023-07-13,46.0,female,midwest,bachelor,full_time,basic,mobile,True,True,598,1778.08,21382.57,20348.77,0.9517,5725.45,0.1298,48,153.55,7370.5,2,4.0,86,3.0,"transparent fees, no hidden charges that I noticed. very smooth application process and the agent was helpful.",,0
ACCT-0001371,2024-04-12,45.0,female,midwest,high_school,part_time,basic,branch,True,False,766,4200.61,50393.05,19816.6,0.3932,66838.71,0.0538,48,1550.76,74436.4,1,0.0,1092,7.0,"easy to track payments through the mobile app. great customer service, will recommend to friends and family.",,0
ACCT-0000670,2024-08-31,53.0,female,northeast,bachelor,full_time,basic,online,True,False,580,3926.01,46876.45,21649.63,0.4618,32717.12,0.0939,36,1046.32,37667.55,2,1.0,1163,8.0,easy to track payments through the mobile app. very smooth application process and the agent was helpful.,,0
ACCT-0001389,2024-05-31,30.0,female,south,associate,self_employed,standard,mobile,False,False,737,3291.19,39644.78,16903.91,0.4264,33040.63,0.0495,24,1448.8,34771.19,2,1.0,352,6.0,"ok experience overall, no strong feelings to share. documentation requirements were typical for this kind of loan.",,0
ACCT-0002197,2024-09-12,40.0,male,midwest,high_school,full_time,standard,online,True,True,769,2342.74,28019.21,7049.55,0.2516,28890.43,0.1078,60,625.03,37501.93,1,1.0,674,10.0,still evaluating against other offers from competitor banks. took longer than expected but got approved in the end.,2025-08-06,1
ACCT-0000710,2024-12-27,42.0,female,west,associate,full_time,premium,mobile,False,False,709,3688.89,44054.6,14413.73,0.3272,57819.03,0.0919,36,1843.81,66377.21,1,3.0,1292,3.0,"great customer service, will recommend to friends and family. rates were competitive and the funds came through quickly.",,0
ACCT-0001570,2024-04-24,54.0,female,midwest,associate,full_time,standard,online,True,False,464,4713.39,56765.39,26427.05,0.4655,45122.92,0.114,36,1485.84,53490.42,2,1.0,133,2.0,interest rate jumped after the first quarter without warning.,2025-03-03,1
ACCT-0001750,2024-04-08,40.0,male,south,high_school,self_employed,basic,online,True,False,770,6626.07,79673.98,14233.96,0.1787,31529.83,0.0613,24,1399.24,33581.76,0,1.0,619,9.0,"great customer service, will recommend to friends and family.",,0
ACCT-0000024,2024-04-13,34.0,male,south,bachelor,full_time,basic,mobile,True,True,725,3597.92,43020.24,14586.61,0.3391,53716.11,0.0761,84,826.76,69447.45,0,1.0,927,5.0,documentation requirements were typical for this kind of loan. took longer than expected but got approved in the end.,,0
ACCT-0000822,2022-04-18,31.0,female,west,graduate,self_employed,standard,online,True,False,776,9218.19,110706.26,18684.78,0.1688,117989.89,0.1049,12,10399.88,124798.52,2,0.0,326,6.0,"rates were competitive and the funds came through quickly. great customer service, will recommend to friends and family. very smooth application process and the agent was helpful.",,0
ACCT-0001772,2022-04-22,36.0,male,midwest,associate,self_employed,basic,online,True,True,646,5190.14,62380.55,22135.47,0.3548,76468.21,0.1106,36,2505.63,90202.78,0,0.0,259,7.0,"great customer service, will recommend to friends and family. rates were competitive and the funds came through quickly.",,0
ACCT-0001783,2022-12-14,33.0,female,midwest,bachelor,full_time,standard,online,False,False,695,5947.33,71327.35,39333.91,0.5515,35754.95,0.0677,60,704.05,42243.25,1,1.0,1185,3.0,,,0
ACCT-0001410,2024-03-11,34.0,female,northeast,bachelor,full_time,basic,online,True,False,663,8107.17,97882.12,16599.36,0.1696,121618.88,0.0564,36,3680.3,132490.83,1,2.0,93,10.0,the autopay system charged me twice in the same month.,2024-12-12,1
ACCT-0000004,2024-01-06,49.0,male,west,bachelor,full_time,basic,online,False,True,621,3825.51,45976.85,32063.97,0.6974,16215.7,0.0942,84,264.39,22209.1,4,1.0,1025,0.0,rates were competitive and the funds came through quickly.,,0
ACCT-0001972,2023-06-30,56.0,male,south,high_school,full_time,basic,branch,True,True,642,5689.75,68492.06,16916.62,0.247,34256.53,0.0935,36,1094.98,39419.45,1,3.0,1159,6.0,"fees were not explained clearly upfront, very disappointing.",2024-11-24,1
ACCT-0000788,2023-07-18,39.0,male,west,bachelor,full_time,premium,online,False,False,633,5084.93,60883.86,11250.46,0.1848,71812.53,0.0646,48,1701.65,81679.23,0,1.0,49,4.0,"process was fine, nothing exceptional either way. still evaluating against other offers from competitor banks.",,0
ACCT-0002138,2023-12-14,54.0,female,northeast,high_school,full_time,basic,online,False,False,744,4076.72,48484.23,17911.81,0.3694,36803.68,0.1024,36,1191.73,42902.39,1,1.0,919,5.0,"great customer service, will recommend to friends and family.",,0
ACCT-0000622,2024-10-21,37.0,female,pacific,graduate,part_time,basic,branch,True,True,805,2905.06,35058.68,17858.0,0.5094,41958.5,0.0425,60,777.38,46642.79,1,0.0,424,9.0,easy to track payments through the mobile app.,,0
ACCT-0001813,2024-12-09,43.0,male,northeast,associate,self_employed,basic,online,False,True,682,2788.98,33400.53,13783.19,0.4127,17096.97,0.0688,36,526.99,18971.8,2,2.0,1171,5.0,"transparent fees, no hidden charges that I noticed. rates were competitive and the funds came through quickly.",,0
ACCT-0000137,2022-01-15,30.0,female,south,high_school,part_time,standard,online,False,False,834,3292.38,39786.42,9782.24,0.2459,42897.3,0.079,48,1045.22,50170.41,2,0.0,478,10.0,rates were competitive and the funds came through quickly. very smooth application process and the agent was helpful. easy to track payments through the mobile app.,,0
ACCT-0000062,2022-06-05,32.0,female,west,bachelor,contract,premium,online,True,False,611,2486.33,29629.65,13217.64,0.4461,25125.29,0.1261,36,841.87,30307.19,1,3.0,350,4.0,"process was fine, nothing exceptional either way. took longer than expected but got approved in the end.",,0
ACCT-0001837,2022-04-06,18.0,female,northeast,bachelor,full_time,basic,mobile,False,True,663,4025.66,48241.97,16880.4,0.3499,63458.82,0.0768,48,1539.6,73900.73,1,0.0,1364,9.0,"documentation requirements were typical for this kind of loan. ok experience overall, no strong feelings to share. still evaluating against other offers from competitor banks.",,0
ACCT-0001998,2023-08-01,44.0,female,midwest,associate,full_time,basic,online,True,False,576,5994.56,72045.39,20062.57,0.2785,39058.27,0.1132,12,3457.84,41494.1,0,0.0,226,1.0,support never returned my calls about the missed payment.,2024-11-04,1
ACCT-0000367,2022-09-04,64.0,female,west,associate,self_employed,basic,online,True,True,674,9831.4,118111.13,21417.92,0.1813,58047.71,0.0533,72,943.85,67956.89,2,3.0,1083,3.0,"rates were competitive and the funds came through quickly. great customer service, will recommend to friends and family.",,0
ACCT-0001958,2022-10-17,53.0,male,south,bachelor,full_time,basic,mobile,True,False,813,3239.67,39015.89,7452.23,0.191,11083.89,0.0847,48,273.05,13106.35,0,1.0,90,3.0,"transparent fees, no hidden charges that I noticed. great customer service, will recommend to friends and family.",,0
ACCT-0002261,2023-11-28,36.0,female,midwest,high_school,full_time,standard,branch,True,False,631,4551.79,54538.95,17518.33,0.3212,27803.7,0.0534,48,644.56,30938.83,2,2.0,611,5.0,"ok experience overall, no strong feelings to share. still evaluating against other offers from competitor banks.",,0
ACCT-0000145,2022-08-09,40.0,female,south,bachelor,self_employed,basic,online,True,True,557,4384.96,52864.13,17708.58,0.335,62829.32,0.0922,84,1017.92,85505.02,1,3.0,564,9.0,"very smooth application process and the agent was helpful. transparent fees, no hidden charges that I noticed.",,0
ACCT-0000752,2022-12-07,58.0,female,northeast,bachelor,part_time,standard,online,True,False,575,1818.01,21987.57,10356.91,0.471,9789.05,0.0782,48,238.15,11431.37,3,0.0,905,7.0,the autopay system charged me twice in the same month. support never returned my calls about the missed payment.,2024-04-28,1
ACCT-0001097,2022-06-20,34.0,male,south,bachelor,full_time,premium,branch,True,True,670,4730.88,57019.45,23427.69,0.4109,50056.24,0.0922,60,1044.46,62667.41,0,,1170,8.0,"documentation requirements were typical for this kind of loan. still evaluating against other offers from competitor banks. process was fine, nothing exceptional either way.",,0
ACCT-0001265,2022-06-17,39.0,male,south,bachelor,full_time,premium,online,True,False,764,3337.65,40075.3,9198.56,0.2295,16855.89,0.0982,12,1480.49,17765.83,1,3.0,1272,7.0,"rates were competitive and the funds came through quickly. transparent fees, no hidden charges that I noticed.",,0
ACCT-0000974,2024-05-10,48.0,male,northeast,bachelor,contract,standard,mobile,False,False,561,5260.73,63122.52,21716.91,0.344,16711.23,0.1068,84,283.31,23797.73,0,,1171,6.0,the autopay system charged me twice in the same month. interest rate jumped after the first quarter without warning.,2024-10-29,1
ACCT-0001527,2023-10-16,24.0,female,west,associate,contract,standard,online,False,True,648,2151.41,25812.37,16912.09,0.6552,33616.63,0.0999,48,852.39,40914.88,1,1.0,1250,10.0,the autopay system charged me twice in the same month.,2024-01-01,1
ACCT-0001060,2023-10-20,64.0,male,northeast,bachelor,self_employed,basic,online,False,False,741,3001.2,35965.13,17917.78,0.4982,30094.97,0.0823,72,530.98,38230.3,3,1.0,852,3.0,took longer than expected but got approved in the end.,,0
ACCT-0000169,2024-04-24,20.0,female,west,bachelor,contract,basic,branch,True,True,656,7545.37,90539.32,14745.14,0.1629,88894.17,0.0719,24,3987.54,95701.03,0,1.0,443,8.0,still evaluating against other offers from competitor banks. took longer than expected but got approved in the end. documentation requirements were typical for this kind of loan.,,0
ACCT-0000570,2024-09-13,26.0,female,south,associate,full_time,basic,online,False,False,722,5113.34,61667.67,17673.03,0.2866,26984.95,0.0961,60,568.14,34088.44,0,1.0,115,6.0,rates were competitive and the funds came through quickly.,,0
ACCT-0001061,2024-07-31,35.0,female,northeast,bachelor,full_time,standard,branch,False,False,780,5628.39,67621.58,35031.06,0.518,17613.97,0.0874,24,802.62,19262.89,1,0.0,932,10.0,rates were competitive and the funds came through quickly.,,0
ACCT-0002272,2022-12-09,52.0,male,west,high_school,full_time,basic,branch,True,True,758,5560.9,67161.66,17898.18,0.2665,73913.95,0.0701,84,1115.8,93727.29,0,1.0,1124,6.0,"transparent fees, no hidden charges that I noticed. great customer service, will recommend to friends and family.",,0
ACCT-0000847,2023-03-08,28.0,female,south,high_school,full_time,standard,mobile,True,False,736,2363.36,28629.0,13499.35,0.4715,17115.82,0.0518,60,324.42,19464.95,2,1.0,852,7.0,documentation requirements were typical for this kind of loan. took longer than expected but got approved in the end.,,0
ACCT-0002269,2023-07-07,64.0,nonbinary,midwest,bachelor,full_time,basic,branch,True,False,793,4793.2,57827.45,17335.12,0.2998,42620.38,0.0437,72,674.04,48531.1,1,2.0,1301,3.0,easy to track payments through the mobile app. very smooth application process and the agent was helpful.,,0
ACCT-0001879,2022-06-09,33.0,male,south,associate,self_employed,basic,mobile,False,True,714,4151.43,49731.32,8366.24,0.1682,66475.78,0.0951,36,2129.66,76667.65,1,2.0,1203,6.0,"easy to track payments through the mobile app. very smooth application process and the agent was helpful. transparent fees, no hidden charges that I noticed.",,0
ACCT-0000511,2024-07-31,48.0,female,pacific,high_school,full_time,premium,online,True,True,850,4285.57,51756.32,19403.56,0.3749,34130.81,0.0697,84,514.68,43233.35,0,1.0,1429,8.0,"easy to track payments through the mobile app. very smooth application process and the agent was helpful. great customer service, will recommend to friends and family.",,0
ACCT-0001102,2024-08-03,59.0,male,west,high_school,self_employed,basic,branch,False,False,786,3681.8,44271.55,18866.45,0.4262,22816.26,0.061,60,442.15,26529.19,2,2.0,695,6.0,"transparent fees, no hidden charges that I noticed. great customer service, will recommend to friends and family.",,0
ACCT-0001470,2023-11-20,25.0,male,south,associate,full_time,basic,branch,True,False,627,3226.62,38815.65,29842.2,0.7688,756410.9,0.088,84,12093.9,1015887.5999999999,3,0.0,87,8.0,"took longer than expected but got approved in the end. process was fine, nothing exceptional either way.",,0
ACCT-0001843,2022-07-25,52.0,male,south,graduate,full_time,standard,branch,True,True,656,5522.62,66376.84,17831.99,0.2686,33658.66,0.1035,84,564.87,47449.33,1,0.0,549,6.0,rates were competitive and the funds came through quickly. very smooth application process and the agent was helpful.,,0
ACCT-0001924,2024-07-18,48.0,male,midwest,graduate,full_time,standard,branch,False,False,586,5889.17,70628.35,15440.75,0.2186,70212.45,0.1244,84,1255.92,105497.11,0,1.0,376,10.0,the agent kept rescheduling and the process took weeks.,2025-02-08,1
ACCT-0000113,2022-07-03,,female,pacific,bachelor,self_employed,basic,online,False,False,695,4522.31,53943.04,10756.87,0.1994,23127.54,0.0712,84,350.37,29430.87,3,0.0,651,8.0,"very smooth application process and the agent was helpful. transparent fees, no hidden charges that I noticed.",,0
ACCT-0001777,2024-08-23,30.0,male,west,high_school,full_time,premium,branch,False,True,637,5220.77,62727.66,14079.93,0.2245,16341.64,0.1255,60,368.06,22083.42,0,1.0,1397,6.0,took longer than expected but got approved in the end.,,0
ACCT-0000218,2022-07-29,49.0,female,south,high_school,self_employed,basic,mobile,True,False,656,2538.75,30807.32,13816.12,0.4485,10529.63,0.0926,12,922.1,11065.21,3,2.0,224,5.0,"ok experience overall, no strong feelings to share. took longer than expected but got approved in the end.",,0
ACCT-0002241,2022-11-12,44.0,female,pacific,high_school,full_time,basic,agent,False,False,820,2497.03,29586.45,8133.66,0.2749,10128.44,0.099,12,889.97,10679.69,1,1.0,420,8.0,very smooth application process and the agent was helpful.,,0
ACCT-0001730,2022-01-16,28.0,female,west,associate,full_time,standard,online,True,False,694,3571.96,42853.56,26927.75,0.6284,36728.04,0.0996,84,609.06,51161.16,1,2.0,444,7.0,"process was fine, nothing exceptional either way.",,0
ACCT-0000797,2023-01-26,56.0,male,pacific,associate,part_time,standard,mobile,False,False,653,6138.67,73308.79,17400.91,0.2374,29706.69,0.1126,48,771.57,37035.59,0,3.0,176,4.0,took longer than expected but got approved in the end. still evaluating against other offers from competitor banks. documentation requirements were typical for this kind of loan.,,0
ACCT-0001444,2022-09-26,33.0,male,pacific,high_school,full_time,standard,branch,True,False,660,4231.68,50808.51,18688.69,0.3678,48306.98,0.0951,36,1547.61,55713.82,1,0.0,519,8.0,"ok experience overall, no strong feelings to share. process was fine, nothing exceptional either way.",,0
ACCT-0000881,2023-01-03,32.0,male,south,graduate,full_time,premium,branch,True,True,790,5197.03,62423.11,19046.85,0.3051,78409.96,0.0566,24,3463.17,83116.14,0,1.0,1120,5.0,the autopay system charged me twice in the same month. the agent kept rescheduling and the process took weeks.,2023-04-11,1
ACCT-0000850,2022-10-11,64.0,female,south,graduate,full_time,basic,online,True,False,614,6697.19,80136.14,37270.66,0.4651,26325.28,0.1004,84,437.63,36760.54,1,3.0,704,6.0,easy to track payments through the mobile app. rates were competitive and the funds came through quickly.,,0
ACCT-0002473,2022-02-18,46.0,male,pacific,bachelor,full_time,standard,agent,True,False,565,3741.79,44866.02,12880.1,0.2871,26422.14,0.1061,24,1226.7,29440.77,1,0.0,457,4.0,"easy to track payments through the mobile app. transparent fees, no hidden charges that I noticed.",,0
ACCT-0001076,2022-07-15,40.0,male,northeast,bachelor,full_time,premium,online,True,False,701,2196.28,26359.38,22628.25,0.8585,22685.32,0.0678,36,698.19,25135.01,4,0.0,221,8.0,rates were competitive and the funds came through quickly. very smooth application process and the agent was helpful. easy to track payments through the mobile app.,,0
ACCT-0000578,2022-01-20,41.0,male,west,high_school,full_time,basic,branch,False,True,757,4571.03,54601.09,12207.15,0.2236,25814.23,0.0759,48,625.21,30010.31,1,1.0,464,5.0,"still evaluating against other offers from competitor banks. ok experience overall, no strong feelings to share.",,0
ACCT-0002099,2024-01-24,35.0,female,midwest,associate,full_time,basic,branch,True,False,845,5688.53,68220.59,19696.7,0.2887,67951.19,0.0801,84,1059.44,88992.61,1,0.0,1133,2.0,easy to track payments through the mobile app.,,0
ACCT-0000796,2022-12-27,47.0,male,northeast,associate,part_time,standard,mobile,False,False,822,3865.84,45963.47,25062.7,0.5453,23499.26,0.0794,48,572.99,27503.64,1,2.0,1030,8.0,"ok experience overall, no strong feelings to share.",,0
ACCT-0002461,2023-02-06,53.0,male,northeast,bachelor,self_employed,standard,mobile,True,False,689,2499.54,29159.51,26577.41,0.9114,32892.48,0.0945,84,536.7,45082.56,4,,1021,7.0,"transparent fees, no hidden charges that I noticed.",,0
ACCT-0000388,2024-02-28,38.0,male,west,bachelor,full_time,standard,mobile,True,False,748,2938.98,35425.21,9055.77,0.2556,24290.33,0.0911,72,439.18,31620.78,0,1.0,312,6.0,"ok experience overall, no strong feelings to share.",,0
ACCT-0000770,2024-02-23,26.0,male,midwest,bachelor,full_time,basic,online,False,True,671,3259.72,38979.37,24211.68,0.6211,16419.83,0.0874,84,262.04,22010.94,1,1.0,429,5.0,"transparent fees, no hidden charges that I noticed.",,0
ACCT-0000763,2023-05-27,47.0,male,south,graduate,contract,standard,mobile,False,False,611,1583.99,18877.31,22547.82,1.1944,9069.69,0.1093,24,422.44,10138.49,5,0.0,706,9.0,support never returned my calls about the missed payment.,2024-01-15,1
ACCT-0000766,2022-08-06,47.0,male,west,bachelor,full_time,basic,agent,False,False,559,4254.79,51025.52,15673.4,0.3072,66501.51,0.1218,48,1757.13,84342.28,2,4.0,327,10.0,"rates were competitive and the funds came through quickly. transparent fees, no hidden charges that I noticed.",,0
ACCT-0002114,2022-03-12,28.0,male,northeast,graduate,full_time,premium,branch,True,False,644,5223.37,62504.31,14383.48,0.2301,239684.34000000003,0.1162,72,4639.18,334016.2,0,0.0,868,8.0,"ok experience overall, no strong feelings to share. still evaluating against other offers from competitor banks. documentation requirements were typical for this kind of loan.",,0
ACCT-0000602,2022-02-15,51.0,female,midwest,high_school,part_time,standard,branch,True,True,835,8652.78,104217.69,,0.2532,116766.6,0.0343,48,2606.95,125133.75,1,2.0,901,2.0,"easy to track payments through the mobile app. great customer service, will recommend to friends and family. very smooth application process and the agent was helpful.",,0
ACCT-0001743,2022-12-13,42.0,male,northeast,associate,full_time,premium,branch,True,False,729,5964.94,71985.34,18054.99,0.2508,30670.2,0.0463,12,2620.44,31445.22,0,3.0,1229,3.0,,,0
ACCT-0001849,2022-04-11,63.0,female,midwest,bachelor,contract,standard,branch,False,False,711,2099.59,24679.09,9260.45,0.3752,27303.47,0.0946,72,498.47,35889.7,0,0.0,1268,6.0,very smooth application process and the agent was helpful. easy to track payments through the mobile app.,,0
ACCT-0002307,2024-07-14,29.0,female,northeast,associate,self_employed,premium,mobile,False,False,657,2581.93,30965.31,10704.6,0.3457,36336.36,0.0932,36,1160.85,41790.59,2,2.0,1413,3.0,"transparent fees, no hidden charges that I noticed.",,0
ACCT-0001183,2022-06-25,41.0,female,west,bachelor,self_employed,basic,online,True,True,646,4949.32,59522.05,20208.83,0.3395,52844.87,0.0839,72,936.69,67441.68,0,0.0,1213,5.0,"rates were competitive and the funds came through quickly. great customer service, will recommend to friends and family.",,0
ACCT-0000482,2023-09-05,30.0,female,west,associate,self_employed,basic,online,True,True,629,8120.51,97651.08,23454.32,0.2402,26665.96,0.0948,12,2337.86,28054.37,1,0.0,211,7.0,"very smooth application process and the agent was helpful. transparent fees, no hidden charges that I noticed.",,0
ACCT-0001623,2024-07-14,52.0,female,south,bachelor,full_time,basic,branch,False,False,604,2739.26,33014.31,21336.91,0.6463,45158.31,0.0824,24,2047.28,49134.83,0,3.0,201,5.0,the agent kept rescheduling and the process took weeks.,2024-08-31,1
ACCT-0000041,2023-11-04,48.0,female,south,bachelor,self_employed,standard,mobile,True,True,704,2539.5,30802.49,9740.15,0.3162,25594.89,0.0946,84,417.86,35100.27,0,1.0,1044,7.0,took longer than expected but got approved in the end.,,0
ACCT-0000980,2023-09-23,37.0,male,northeast,associate,full_time,standard,branch,True,True,602,2294.09,27511.77,5954.0,0.2164,37007.63,0.0791,12,3217.66,38611.9,1,1.0,124,5.0,took longer than expected but got approved in the end.,,0
ACCT-0001840,2024-09-11,42.0,female,south,bachelor,part_time,basic,online,True,True,762,7115.99,85551.16,23192.85,0.2711,112166.39,0.1274,84,2024.65,170070.9,1,2.0,1031,8.0,very smooth application process and the agent was helpful.,,0
ACCT-0001018,2024-03-16,36.0,female,midwest,bachelor,part_time,basic,mobile,False,False,723,4273.73,51294.87,22684.96,0.4422,54493.64,0.0809,48,1332.6,63964.81,0,0.0,771,4.0,took longer than expected but got approved in the end. documentation requirements were typical for this kind of loan.,2025-03-11,1
ACCT-0001741,2024-03-12,51.0,male,northeast,high_school,full_time,standard,online,True,False,761,8141.08,97584.16,,0.183,25922.45,0.07,36,800.36,28812.96,0,1.0,399,10.0,,,0
ACCT-0001568,2024-10-13,36.0,male,south,bachelor,full_time,premium,online,False,False,702,5297.16,63403.07,13927.06,0.2197,61317.97,0.0694,60,1212.54,72752.68,1,2.0,174,7.0,"great customer service, will recommend to friends and family. very smooth application process and the agent was helpful. easy to track payments through the mobile app.",,0
ACCT-0002166,2022-03-10,35.0,male,south,graduate,self_employed,standard,mobile,True,True,771,4074.9,48821.39,14594.77,0.2989,59769.07,0.0707,84,904.14,75947.71,2,2.0,1492,6.0,easy to track payments through the mobile app.,,0
ACCT-0000139,2024-11-19,21.0,female,northeast,bachelor,full_time,standard,online,False,False,617,5460.33,65464.0,22440.8,0.3428,18501.03,0.0778,84,286.32,24050.57,0,0.0,34,6.0,"rates were competitive and the funds came through quickly. transparent fees, no hidden charges that I noticed. easy to track payments through the mobile app.",,0
ACCT-0001824,2022-12-21,18.0,female,northeast,high_school,self_employed,standard,online,True,False,609,6382.36,76546.88,20825.42,0.2721,53723.09,0.0992,60,1139.22,68353.41,0,0.0,1005,8.0,,,0
ACCT-0001942,2023-11-08,25.0,male,northeast,bachelor,full_time,basic,mobile,False,True,638,4256.13,50979.6,9382.87,0.1841,42860.89,0.1006,12,3769.26,45231.15,1,0.0,1376,6.0,"great customer service, will recommend to friends and family.",,0
ACCT-0000130,2023-08-10,28.0,female,pacific,associate,contract,basic,mobile,True,False,781,2517.71,30344.8,12348.31,0.4069,34599.81,0.0791,48,843.17,40472.02,0,0.0,1382,6.0,"very smooth application process and the agent was helpful. transparent fees, no hidden charges that I noticed.",,0
ACCT-0001908,2023-09-14,47.0,male,west,bachelor,full_time,basic,branch,True,False,680,2504.81,29649.22,,0.4582,26272.8,0.0933,36,839.57,30224.42,1,0.0,568,7.0,,,0
ACCT-0001791,2022-02-18,,male,northeast,high_school,full_time,basic,mobile,False,False,669,5381.47,64310.99,24502.76,0.381,75988.74,0.1082,84,1294.06,108700.69,0,1.0,932,6.0,took longer than expected but got approved in the end.,,0
ACCT-0001981,2022-02-02,20.0,male,south,bachelor,full_time,standard,branch,False,False,679,5971.5,71480.63,,0.3272,21027.48,0.0999,24,970.22,23285.36,0,1.0,72,5.0,rates were competitive and the funds came through quickly. very smooth application process and the agent was helpful.,,0
ACCT-0000897,2022-03-08,26.0,female,pacific,bachelor,full_time,basic,online,True,False,587,5473.24,65559.87,15010.88,0.229,49337.28,0.0742,12,4278.65,51343.8,1,1.0,1234,7.0,"took longer than expected but got approved in the end. process was fine, nothing exceptional either way. still evaluating against other offers from competitor banks.",2023-01-27,1
ACCT-0001911,2022-06-01,32.0,male,south,associate,self_employed,basic,agent,True,False,703,9851.55,117985.05,35462.62,0.3006,71808.85,0.0925,24,3288.75,78930.07,1,0.0,369,,easy to track payments through the mobile app. rates were competitive and the funds came through quickly.,,0
ACCT-0000855,2024-03-28,23.0,female,midwest,bachelor,self_employed,standard,mobile,True,False,731,4727.14,56698.5,39694.59,0.7001,59571.44,0.0732,48,1435.4,68899.11,2,1.0,702,7.0,"transparent fees, no hidden charges that I noticed. rates were competitive and the funds came through quickly.",,0
ACCT-0001468,2023-10-18,21.0,male,west,associate,full_time,basic,online,False,False,699,2116.86,25239.06,8919.73,0.3534,20128.33,0.0878,48,498.79,23941.74,1,5.0,1492,5.0,interest rate jumped after the first quarter without warning. the autopay system charged me twice in the same month.,2024-11-24,1
ACCT-0002368,2024-03-30,26.0,female,pacific,associate,full_time,basic,online,True,True,767,6645.05,79344.74,13652.28,0.1721,23280.22,0.0625,24,1034.39,24825.39,0,1.0,1144,3.0,"transparent fees, no hidden charges that I noticed. easy to track payments through the mobile app.",,0
ACCT-0000821,2022-01-26,37.0,nonbinary,south,bachelor,full_time,basic,branch,False,False,626,5282.63,63209.07,14033.54,0.222,86756.6,0.097,84,1426.76,119847.91,0,0.0,1139,9.0,"documentation requirements were typical for this kind of loan. ok experience overall, no strong feelings to share.",,0
ACCT-0000552,2023-07-21,49.0,male,south,associate,full_time,premium,online,True,False,668,5781.98,69389.29,20698.06,0.2983,66941.81,0.081,36,2100.91,75632.78,1,2.0,171,8.0,"rates were competitive and the funds came through quickly. transparent fees, no hidden charges that I noticed.",,0
ACCT-0000413,2024-10-03,27.0,male,south,associate,full_time,standard,online,True,False,692,2715.39,32762.19,7554.47,0.2306,41506.71,0.0853,48,1023.63,49134.19,0,2.0,753,6.0,easy to track payments through the mobile app.,,0
ACCT-0000309,2024-08-28,33.0,male,west,bachelor,part_time,premium,branch,False,True,723,6711.64,80531.98,,0.1767,73735.95,0.0634,60,1437.3,86238.12,0,1.0,1333,10.0,"great customer service, will recommend to friends and family. rates were competitive and the funds came through quickly.",,0
ACCT-0000001,2023-06-05,34.0,female,west,bachelor,full_time,premium,mobile,True,True,674,2706.49,32597.0,13352.33,0.4096,30115.6,0.0772,60,606.55,36392.96,0,2.0,1140,6.0,"transparent fees, no hidden charges that I noticed. rates were competitive and the funds came through quickly.",,0
ACCT-0001105,2024-10-03,45.0,female,west,associate,full_time,standard,mobile,False,True,775,5006.63,60249.73,24544.11,0.4074,31963.13,0.0823,48,783.74,37619.58,3,1.0,1206,6.0,,,0
ACCT-0000190,2022-06-02,35.0,male,pacific,associate,full_time,basic,online,False,True,845,2247.75,26700.78,4452.9,0.1668,30477.47,0.0973,60,643.49,38609.38,1,2.0,698,7.0,"the agent kept rescheduling and the process took weeks. fees were not explained clearly upfront, very disappointing.",2023-07-02,1
ACCT-0000477,2022-06-22,50.0,female,northeast,graduate,full_time,basic,mobile,False,False,721,2070.53,24872.51,22272.26,0.8955,8433.12,0.0498,12,721.87,8662.43,2,1.0,984,10.0,easy to track payments through the mobile app. very smooth application process and the agent was helpful.,,0
ACCT-0000540,2023-04-07,40.0,female,northeast,bachelor,full_time,basic,online,False,False,715,3606.55,43334.17,18488.57,0.4267,34283.99,0.0802,48,837.25,40188.14,0,0.0,1123,5.0,"documentation requirements were typical for this kind of loan. process was fine, nothing exceptional either way.",,0
ACCT-0002291,2024-02-08,32.0,female,midwest,associate,full_time,basic,online,True,True,648,4379.53,52630.87,11344.49,0.2155,20450.96,0.1248,36,683.99,24623.55,2,3.0,1252,7.0,"documentation requirements were typical for this kind of loan. process was fine, nothing exceptional either way.",,0
ACCT-0001000,2022-09-30,41.0,female,northeast,high_school,part_time,standard,online,False,False,737,10050.05,120694.18,21465.83,0.1779,129374.12,0.052,36,3889.19,140011.0,0,0.0,512,6.0,"interest rate jumped after the first quarter without warning. fees were not explained clearly upfront, very disappointing. the agent kept rescheduling and the process took weeks.",2022-11-21,1
ACCT-0002151,2024-01-18,41.0,male,northeast,bachelor,full_time,standard,mobile,False,False,515,1850.75,22661.88,11532.28,0.5089,19898.35,0.1283,36,668.83,24077.72,2,0.0,1158,7.0,"still evaluating against other offers from competitor banks. ok experience overall, no strong feelings to share.",,0
ACCT-0000671,2024-06-22,36.0,female,west,bachelor,full_time,premium,mobile,False,False,609,4271.82,51184.06,19223.45,0.3756,67170.06,0.0802,84,1047.64,88002.16,0,0.0,1082,8.0,"the autopay system charged me twice in the same month. fees were not explained clearly upfront, very disappointing.",2025-12-07,1
ACCT-0002058,2024-09-25,29.0,female,west,bachelor,full_time,basic,online,False,True,586,7777.82,93033.36,39850.09,0.4283,36693.09,0.0854,24,1668.63,40047.22,2,3.0,812,7.0,rates were competitive and the funds came through quickly.,,0
ACCT-0001798,2024-01-31,67.0,male,northeast,high_school,full_time,premium,online,False,True,683,3008.16,35929.59,8859.56,0.2466,46612.02,0.0746,36,1449.03,52165.09,1,0.0,164,6.0,"process was fine, nothing exceptional either way. ok experience overall, no strong feelings to share. took longer than expected but got approved in the end.",,0
ACCT-0002282,2022-08-13,52.0,female,northeast,associate,full_time,basic,mobile,True,False,614,3224.57,38660.34,11336.61,0.2932,47164.46,0.0899,60,978.91,58734.63,0,1.0,1052,5.0,easy to track payments through the mobile app.,,0
ACCT-0001079,2024-07-14,56.0,male,south,bachelor,full_time,basic,branch,False,False,738,5374.5,64631.3,17775.19,0.275,69479.64,0.0441,48,1581.61,75917.22,0,1.0,1371,8.0,"ok experience overall, no strong feelings to share.",,0
ACCT-0001447,2023-10-12,34.0,male,pacific,bachelor,full_time,standard,branch,True,False,677,2782.55,33655.36,7491.59,0.2226,33527.93,0.0904,48,835.01,40080.52,1,0.0,151,8.0,"still evaluating against other offers from competitor banks. ok experience overall, no strong feelings to share.",,0
ACCT-0000884,2023-06-01,36.0,male,northeast,high_school,self_employed,basic,online,False,False,767,5825.97,69811.74,14749.3,0.2113,33583.98,0.1112,84,577.21,48486.03,0,0.0,1107,6.0,"transparent fees, no hidden charges that I noticed. rates were competitive and the funds came through quickly.",,0
ACCT-0002162,2022-02-21,22.0,male,midwest,high_school,part_time,basic,online,True,False,734,2346.56,28182.56,6252.43,0.2219,24719.39,0.0883,36,784.09,28227.1,2,0.0,990,6.0,"easy to track payments through the mobile app. transparent fees, no hidden charges that I noticed.",,0
ACCT-0000354,2023-01-30,29.0,female,south,bachelor,self_employed,standard,mobile,True,False,716,4415.6,53129.69,9531.56,0.1794,54282.75,0.0606,36,1652.8,59500.68,0,1.0,1302,2.0,took longer than expected but got approved in the end.,,0
ACCT-0001734,2024-02-29,49.0,male,midwest,graduate,part_time,basic,mobile,True,False,784,5257.11,63348.39,13817.95,0.2181,54259.84,0.0772,84,838.26,70413.71,1,2.0,119,4.0,"still evaluating against other offers from competitor banks. ok experience overall, no strong feelings to share. documentation requirements were typical for this kind of loan.",,0
ACCT-0000395,2022-04-08,30.0,female,northeast,bachelor,self_employed,standard,online,False,False,661,7002.59,83794.49,,0.296,70941.0,0.0549,36,2141.88,77107.77,0,3.0,276,3.0,very smooth application process and the agent was helpful.,,0
ACCT-0000764,2023-03-08,35.0,female,northeast,high_school,full_time,basic,mobile,False,False,699,6590.4,78950.84,22003.38,0.2787,76215.57,0.0777,36,2380.13,85684.78,1,2.0,364,7.0,very smooth application process and the agent was helpful. easy to track payments through the mobile app.,,0
ACCT-0001362,2022-10-08,50.0,female,pacific,high_school,part_time,standard,branch,True,True,638,3587.3,42891.15,32265.46,0.7523,44204.36,0.0896,72,796.04,57314.78,2,2.0,80,9.0,"very smooth application process and the agent was helpful. transparent fees, no hidden charges that I noticed. great customer service, will recommend to friends and family.",,0
ACCT-0000927,2022-11-25,31.0,female,pacific,bachelor,full_time,basic,mobile,True,True,584,2940.88,35101.91,12012.36,0.3422,18623.82,0.1421,12,1674.03,20088.39,0,1.0,60,5.0,"process was fine, nothing exceptional either way. ok experience overall, no strong feelings to share. still evaluating against other offers from competitor banks.",,0
ACCT-0001912,2023-04-27,29.0,male,south,bachelor,part_time,basic,online,False,False,695,4963.31,60065.64,14373.23,0.2393,15404.75,0.0795,84,239.7,20134.41,0,0.0,554,6.0,took longer than expected but got approved in the end. documentation requirements were typical for this kind of loan.,,0
ACCT-0001040,2022-08-11,31.0,male,west,associate,contract,basic,online,True,False,608,5862.72,70476.95,15787.33,0.224,63906.78,0.1062,60,1377.28,82636.99,1,1.0,987,5.0,easy to track payments through the mobile app. rates were competitive and the funds came through quickly.,,0
ACCT-0000630,2023-07-21,25.0,male,west,bachelor,full_time,basic,online,False,True,653,9353.91,112592.86,30235.15,0.2685,39514.78,0.0763,84,608.69,51130.27,1,1.0,440,6.0,very smooth application process and the agent was helpful. rates were competitive and the funds came through quickly. easy to track payments through the mobile app.,,0
ACCT-0001704,2024-02-28,40.0,female,south,bachelor,self_employed,basic,mobile,False,True,701,6560.83,78732.94,19358.16,0.2459,36931.53,0.1213,72,724.5,52163.88,0,1.0,320,6.0,"very smooth application process and the agent was helpful. transparent fees, no hidden charges that I noticed.",,0
ACCT-0000720,2024-06-23,45.0,male,northeast,bachelor,full_time,standard,mobile,True,False,726,3953.95,47781.45,19959.51,0.4177,37905.49,0.0798,12,3297.04,39564.47,2,0.0,1489,3.0,easy to track payments through the mobile app. rates were competitive and the funds came through quickly.,,0
ACCT-0002468,2023-02-25,21.0,female,pacific,bachelor,part_time,basic,mobile,True,False,657,7309.43,88000.76,19338.73,0.2198,100488.42,0.0973,12,8821.79,105861.53,1,0.0,323,8.0,"transparent fees, no hidden charges that I noticed. easy to track payments through the mobile app.",,0
ACCT-0000645,2024-11-03,53.0,female,midwest,high_school,full_time,basic,branch,False,True,682,2106.66,24985.53,7448.68,0.2981,24996.65,0.0948,36,800.43,28815.65,0,2.0,1325,6.0,easy to track payments through the mobile app.,,0
ACCT-0001672,2024-07-07,33.0,female,northeast,associate,full_time,standard,online,False,True,620,7246.21,87217.64,26082.15,0.299,34019.24,0.0743,36,1057.09,38055.16,1,1.0,1184,8.0,"ok experience overall, no strong feelings to share. still evaluating against other offers from competitor banks. documentation requirements were typical for this kind of loan.",2025-09-05,1
ACCT-0001851,2023-02-13,70.0,male,west,high_school,full_time,basic,online,False,False,807,4882.52,58884.11,15517.48,0.2635,63605.49,0.0971,48,1604.33,77007.79,1,1.0,617,7.0,"process was fine, nothing exceptional either way. documentation requirements were typical for this kind of loan.",,0
ACCT-0000779,2022-09-08,24.0,male,south,bachelor,contract,standard,online,True,False,603,3344.33,40436.04,18407.83,0.4552,32930.29,0.1307,84,600.39,50433.08,2,2.0,107,6.0,"transparent fees, no hidden charges that I noticed.",,0
ACCT-0002105,2024-12-04,39.0,male,midwest,associate,part_time,basic,mobile,False,False,782,3933.69,47198.21,17998.92,0.3813,16157.58,0.0544,60,308.18,18491.07,0,1.0,1332,8.0,"great customer service, will recommend to friends and family. easy to track payments through the mobile app.",,0
ACCT-0000396,2022-10-11,49.0,female,midwest,bachelor,full_time,standard,mobile,False,True,692,1542.29,18483.34,23205.94,1.2555,7755.9,0.115,48,202.33,9711.85,1,3.0,868,10.0,"transparent fees, no hidden charges that I noticed. very smooth application process and the agent was helpful.",,0
ACCT-0000611,2024-05-19,43.0,male,northeast,bachelor,full_time,basic,online,True,False,668,1818.36,21646.24,8477.5,0.3916,23923.91,0.1395,36,817.07,29414.41,0,2.0,387,10.0,support never returned my calls about the missed payment.,2025-09-13,1
ACCT-0000338,2024-08-21,,male,pacific,high_school,full_time,premium,online,True,False,798,6105.78,73014.47,17311.74,0.2371,98420.22,0.0808,24,4454.68,106912.35,1,0.0,1280,9.0,documentation requirements were typical for this kind of loan. still evaluating against other offers from competitor banks.,,0
ACCT-0001399,2023-09-19,42.0,male,west,graduate,part_time,standard,online,False,False,577,3746.38,44722.98,10530.54,0.2355,43053.27,0.1296,60,978.82,58729.28,0,1.0,1168,4.0,"took longer than expected but got approved in the end. ok experience overall, no strong feelings to share. still evaluating against other offers from competitor banks.",2025-02-08,1
ACCT-0001009,2023-09-16,46.0,male,midwest,high_school,full_time,standard,online,False,False,742,5555.59,66646.28,21198.44,0.3181,93015.82,0.0841,36,2932.28,105561.91,0,0.0,1364,,"process was fine, nothing exceptional either way. took longer than expected but got approved in the end.",,0
ACCT-0001604,2023-08-06,37.0,male,south,bachelor,full_time,basic,mobile,False,False,747,3323.37,40220.21,12969.36,0.3225,47793.85,0.133,48,1289.37,61889.88,0,1.0,1276,10.0,"took longer than expected but got approved in the end. process was fine, nothing exceptional either way.",,0
ACCT-0002472,2022-04-03,37.0,female,northeast,bachelor,self_employed,premium,online,False,False,591,4942.37,59528.5,18351.53,0.3083,14937.26,0.1139,60,327.66,19659.42,2,,1172,5.0,"transparent fees, no hidden charges that I noticed.",,0
ACCT-0002310,2023-01-02,26.0,male,west,associate,full_time,basic,online,True,False,704,16000.73,191795.11,35548.74,0.1853,54993.4,0.0506,24,2414.15,57939.65,1,0.0,784,6.0,"process was fine, nothing exceptional either way. took longer than expected but got approved in the end.",,0
ACCT-0000785,2024-03-03,47.0,male,west,graduate,self_employed,standard,branch,False,False,712,5652.41,68009.6,17412.25,0.256,54032.49,0.0929,60,1129.18,67750.67,0,2.0,224,5.0,"great customer service, will recommend to friends and family. rates were competitive and the funds came through quickly. easy to track payments through the mobile app.",,0
ACCT-0001288,2023-12-06,48.0,female,south,bachelor,self_employed,basic,online,True,False,674,4325.99,51936.79,13780.35,0.2653,62070.87,0.0595,72,1027.16,73955.6,2,2.0,278,4.0,the agent kept rescheduling and the process took weeks. interest rate jumped after the first quarter without warning.,2024-11-04,1
ACCT-0001119,2023-09-15,58.0,nonbinary,south,bachelor,full_time,basic,online,True,True,683,3204.73,37777.25,10888.12,0.2882,9878.72,0.1224,84,175.68,14757.29,0,2.0,348,1.0,"transparent fees, no hidden charges that I noticed. rates were competitive and the funds came through quickly. great customer service, will recommend to friends and family.",,0
ACCT-0001056,2024-10-26,21.0,female,pacific,high_school,full_time,standard,mobile,False,False,554,10361.23,124340.2,20714.78,0.1666,141328.75,0.0774,36,4411.54,158815.38,1,1.0,1279,3.0,"great customer service, will recommend to friends and family. very smooth application process and the agent was helpful.",,0
ACCT-0000149,2024-02-12,48.0,female,pacific,high_school,full_time,premium,agent,True,False,654,8746.02,105116.54,23692.16,0.2254,109557.62,0.0971,36,3519.97,126718.74,1,2.0,1104,5.0,"transparent fees, no hidden charges that I noticed. very smooth application process and the agent was helpful. rates were competitive and the funds came through quickly.",,0
ACCT-0001292,2024-04-07,52.0,female,west,bachelor,part_time,basic,branch,False,False,731,5563.82,66591.41,11345.36,0.1704,92376.06,0.0953,24,4242.55,101821.15,0,1.0,1172,6.0,documentation requirements were typical for this kind of loan. still evaluating against other offers from competitor banks.,,0
ACCT-0001692,2024-05-20,30.0,female,northeast,graduate,full_time,basic,mobile,True,False,726,6863.67,82421.9,24584.1,0.2983,25577.31,0.0892,60,529.96,31797.52,0,0.0,874,7.0,"documentation requirements were typical for this kind of loan. process was fine, nothing exceptional either way.",,0
ACCT-0001195,2022-05-26,46.0,female,south,bachelor,full_time,basic,branch,False,True,734,4573.78,54833.84,10444.69,0.1905,34094.6,0.0671,36,1048.25,37736.99,1,2.0,433,10.0,"very smooth application process and the agent was helpful. great customer service, will recommend to friends and family.",,0
ACCT-0000444,2023-03-13,37.0,male,west,high_school,full_time,standard,mobile,False,True,724,5987.49,72157.77,17226.15,0.2387,51295.22,0.0744,48,1238.85,59464.9,1,2.0,331,3.0,"great customer service, will recommend to friends and family. easy to track payments through the mobile app.",,0
ACCT-0001634,2022-09-16,46.0,female,west,bachelor,self_employed,standard,mobile,False,True,613,2155.05,25875.23,13593.1,0.5253,18714.35,0.114,60,410.6,24635.99,2,1.0,229,7.0,,,0
ACCT-0002041,2023-11-16,28.0,female,south,bachelor,full_time,standard,branch,False,False,571,6225.36,74821.35,14170.34,0.1894,34264.77,0.0581,12,2946.13,35353.57,1,1.0,598,5.0,"documentation requirements were typical for this kind of loan. ok experience overall, no strong feelings to share.",,0
ACCT-0000639,2023-06-05,21.0,male,west,bachelor,full_time,basic,branch,True,False,561,11972.51,143665.31,29834.24,0.2077,107660.03,0.0904,72,1942.96,139893.39,0,0.0,1082,9.0,"very smooth application process and the agent was helpful. great customer service, will recommend to friends and family. transparent fees, no hidden charges that I noticed.",,0
ACCT-0000714,2022-10-05,36.0,female,northeast,bachelor,self_employed,basic,mobile,True,False,583,4266.07,51099.75,31013.3,0.6069,26251.84,0.0963,12,2303.49,27641.93,3,4.0,178,8.0,"process was fine, nothing exceptional either way.",,0
ACCT-0000016,2022-09-19,52.0,male,south,high_school,full_time,standard,branch,False,False,767,4302.85,51400.29,12850.04,0.25,29761.54,0.0977,60,628.94,37736.37,0,1.0,395,7.0,easy to track payments through the mobile app.,,0
ACCT-0000585,2024-03-24,49.0,male,south,bachelor,full_time,standard,online,False,False,681,9758.59,117192.98,,0.3147,122113.4,0.1153,72,2357.69,169753.94,0,2.0,736,4.0,still evaluating against other offers from competitor banks. documentation requirements were typical for this kind of loan.,,0
ACCT-0000834,2023-09-08,22.0,male,midwest,bachelor,full_time,standard,mobile,True,True,687,4458.79,53277.68,24910.98,0.4676,65756.02,0.0916,12,5755.36,69064.36,1,2.0,876,3.0,still evaluating against other offers from competitor banks. took longer than expected but got approved in the end.,,0
ACCT-0001675,2024-10-10,46.0,male,northeast,high_school,part_time,standard,mobile,True,True,712,5895.92,70431.59,11140.81,0.1582,39634.03,0.1179,36,1312.43,47247.47,2,0.0,206,5.0,"easy to track payments through the mobile app. rates were competitive and the funds came through quickly. transparent fees, no hidden charges that I noticed.",,0
ACCT-0000558,2022-09-15,41.0,male,south,graduate,full_time,basic,online,False,False,675,7462.84,90142.91,16206.88,0.1798,61699.74,0.0684,48,1472.83,70695.89,0,0.0,553,7.0,"documentation requirements were typical for this kind of loan. ok experience overall, no strong feelings to share.",,0
ACCT-0002143,2024-09-10,47.0,female,midwest,high_school,part_time,basic,online,True,False,838,2489.94,29782.07,10709.21,0.3596,23923.84,0.0849,84,378.78,31817.47,2,1.0,480,10.0,"process was fine, nothing exceptional either way. still evaluating against other offers from competitor banks.",,0
ACCT-0001274,2023-01-28,30.0,male,west,associate,full_time,standard,online,True,True,741,1402.78,17175.59,11678.02,0.6799,23250.44,0.0857,24,1057.66,25383.79,0,0.0,1048,4.0,"process was fine, nothing exceptional either way.",,0
ACCT-0000660,2022-05-17,26.0,male,south,bachelor,self_employed,standard,branch,False,False,578,1847.84,22015.08,18537.85,0.8421,28085.34,0.1017,24,1298.16,31155.77,1,0.0,356,,"rates were competitive and the funds came through quickly. transparent fees, no hidden charges that I noticed.",,0
ACCT-0001207,2024-11-24,22.0,male,south,associate,part_time,basic,online,False,False,603,2997.87,36033.27,15544.75,0.4314,21267.56,0.161,12,1930.64,23167.7,0,1.0,1280,7.0,very smooth application process and the agent was helpful. easy to track payments through the mobile app.,,0
ACCT-0001500,2023-12-16,30.0,female,midwest,bachelor,self_employed,standard,branch,True,False,568,2977.71,35971.69,18744.77,0.5211,9229.68,0.1134,36,303.64,10930.9,2,3.0,1062,6.0,documentation requirements were typical for this kind of loan. still evaluating against other offers from competitor banks.,2024-10-05,1
ACCT-0000486,2023-01-27,24.0,male,midwest,high_school,full_time,standard,online,True,True,700,3780.59,45334.09,12974.55,0.2862,46266.3,0.1105,60,1007.18,60430.77,1,1.0,797,5.0,the autopay system charged me twice in the same month.,2023-03-18,1
ACCT-0000243,2024-10-23,47.0,female,northeast,bachelor,part_time,standard,mobile,False,False,757,3507.54,42150.5,7774.97,0.1845,47234.33,0.0928,12,4136.83,49641.92,1,3.0,694,6.0,"still evaluating against other offers from competitor banks. ok experience overall, no strong feelings to share.",,0
ACCT-0001255,2024-10-25,52.0,male,northeast,high_school,self_employed,basic,online,False,False,612,5396.76,64676.61,18463.38,0.2855,84943.93,0.1011,72,1578.3,113637.38,0,1.0,231,6.0,rates were competitive and the funds came through quickly.,,0
ACCT-0001278,2022-07-22,28.0,female,pacific,bachelor,full_time,standard,branch,False,False,646,6074.74,73325.2,15926.35,0.2172,90967.62,0.0454,48,2076.02,99648.75,0,1.0,1048,9.0,easy to track payments through the mobile app.,,0
ACCT-0000268,2023-01-13,50.0,female,south,high_school,full_time,standard,online,False,False,793,5375.01,64323.43,31268.07,0.4861,50789.01,0.0515,84,721.37,60595.45,1,1.0,702,3.0,easy to track payments through the mobile app. rates were competitive and the funds came through quickly.,,0
ACCT-0000980,2023-09-23,37.0,male,northeast,associate,full_time,standard,branch,True,True,602,2294.09,27511.77,5954.0,0.2164,37007.63,0.0791,12,3217.66,38611.9,1,1.0,124,5.0,took longer than expected but got approved in the end.,,0
ACCT-0000517,2022-02-05,40.0,male,pacific,bachelor,part_time,standard,branch,False,True,708,7354.18,87872.52,32908.09,0.3745,102255.88,0.0453,72,1624.45,116960.25,1,0.0,1370,10.0,still evaluating against other offers from competitor banks.,,0
ACCT-0000754,2022-01-27,40.0,female,northeast,associate,full_time,basic,mobile,False,True,623,1175.55,14205.14,11245.88,0.7917,6361.94,0.0836,60,130.11,7806.66,4,3.0,76,8.0,"rates were competitive and the funds came through quickly. transparent fees, no hidden charges that I noticed.",,0
ACCT-0001553,2022-10-14,35.0,male,pacific,bachelor,full_time,standard,branch,False,True,662,6007.15,72113.43,16187.28,0.2245,29927.6,0.1007,84,497.86,41820.29,2,0.0,867,3.0,"transparent fees, no hidden charges that I noticed.",,0
ACCT-0000879,2022-10-24,29.0,male,midwest,high_school,full_time,premium,mobile,False,False,765,8554.66,102664.5,20948.1,0.204,88769.12,0.0531,48,2056.91,98731.72,0,1.0,532,8.0,documentation requirements were typical for this kind of loan.,,0
ACCT-0001401,2022-02-15,37.0,male,northeast,bachelor,full_time,premium,branch,True,False,657,6434.75,77244.99,17808.1,0.2305,88051.71,0.1125,24,4114.1,98738.35,0,2.0,43,7.0,"rates were competitive and the funds came through quickly. easy to track payments through the mobile app. transparent fees, no hidden charges that I noticed.",,0
ACCT-0000231,2022-09-04,46.0,female,northeast,high_school,full_time,basic,online,True,False,699,3956.8,47436.08,12882.47,0.2716,49613.5,0.1092,84,847.39,71180.8,0,3.0,547,5.0,the agent kept rescheduling and the process took weeks. the autopay system charged me twice in the same month. support never returned my calls about the missed payment.,2023-02-01,1
ACCT-0001904,2024-03-22,24.0,female,south,bachelor,full_time,standard,mobile,True,True,730,6120.87,73723.76,16162.46,0.2192,25706.52,0.1146,24,1203.62,28886.97,1,2.0,1356,10.0,,,0
ACCT-0001903,2022-06-15,23.0,female,midwest,bachelor,part_time,basic,online,True,True,491,2275.62,27610.4,7383.37,0.2674,29802.22,0.094,48,747.31,35870.84,0,3.0,881,6.0,"process was fine, nothing exceptional either way. still evaluating against other offers from competitor banks.",,0
ACCT-0002362,2022-07-01,47.0,male,south,graduate,self_employed,basic,branch,True,True,687,5118.56,61323.46,24250.48,0.3955,24372.04,0.1275,84,440.05,36964.09,1,1.0,1037,3.0,,,0
ACCT-0001903,2022-06-15,23.0,female,midwest,bachelor,part_time,basic,online,True,True,491,2275.62,27610.4,7383.37,0.2674,29802.22,0.094,48,747.31,35870.84,0,3.0,881,6.0,"process was fine, nothing exceptional either way. still evaluating against other offers from competitor banks.",,0
ACCT-0000189,2023-09-23,36.0,female,midwest,graduate,self_employed,basic,branch,False,True,812,7150.97,85725.18,20636.24,0.2407,117709.66,0.0726,60,2345.45,140726.83,0,3.0,274,7.0,"ok experience overall, no strong feelings to share. still evaluating against other offers from competitor banks. took longer than expected but got approved in the end.",,0
ACCT-0000304,2023-05-11,50.0,female,northeast,associate,full_time,basic,agent,True,True,646,9708.78,116031.95,25279.6,0.2179,33062.22,0.086,60,679.87,40792.38,0,2.0,161,5.0,"process was fine, nothing exceptional either way. ok experience overall, no strong feelings to share. still evaluating against other offers from competitor banks.",,0
ACCT-0001178,2022-10-17,32.0,nonbinary,west,graduate,full_time,standard,online,True,False,698,2576.94,30928.49,12073.39,0.3904,8672.52,0.0703,84,131.01,11004.9,1,0.0,434,8.0,"great customer service, will recommend to friends and family. easy to track payments through the mobile app.",,0
ACCT-0000497,2023-06-28,58.0,female,midwest,bachelor,full_time,standard,branch,True,False,757,2885.14,34302.1,9820.61,0.2863,46572.1,0.079,72,814.22,58624.15,1,,837,8.0,"process was fine, nothing exceptional either way.",,0
ACCT-0001833,2022-09-02,39.0,male,midwest,graduate,full_time,basic,online,False,True,730,6178.84,74455.58,24524.01,0.3294,81401.77,0.08,48,1987.39,95394.84,1,0.0,1101,4.0,rates were competitive and the funds came through quickly.,,0
ACCT-0001829,2023-08-26,42.0,male,south,graduate,part_time,standard,online,True,True,715,6287.23,75716.48,27786.76,0.367,52025.26,0.0894,72,936.35,67417.26,0,1.0,400,7.0,"great customer service, will recommend to friends and family.",,0
ACCT-0001592,2023-07-03,59.0,female,midwest,bachelor,full_time,basic,branch,True,False,607,4253.33,51464.45,8973.2,0.1744,16882.11,0.101,24,779.81,18715.41,0,3.0,386,7.0,very smooth application process and the agent was helpful.,,0
ACCT-0002450,2023-08-29,32.0,female,midwest,graduate,full_time,basic,agent,False,False,769,3712.16,44854.54,23040.13,0.5137,61875.87,0.0692,24,2768.17,66436.03,2,3.0,104,9.0,"ok experience overall, no strong feelings to share. process was fine, nothing exceptional either way.",,0
ACCT-0001907,2022-12-02,39.0,male,pacific,bachelor,full_time,standard,mobile,True,True,660,6207.08,74915.63,36851.36,0.4919,24140.51,0.1278,36,810.84,29190.09,1,1.0,157,6.0,"great customer service, will recommend to friends and family.",,0
ACCT-0001219,2023-01-29,,male,northeast,bachelor,self_employed,basic,branch,False,False,636,4068.02,48974.63,14843.48,0.3031,24086.96,0.113,48,626.09,30052.52,0,4.0,555,9.0,"rates were competitive and the funds came through quickly. great customer service, will recommend to friends and family.",,0
ACCT-0002011,2024-03-29,18.0,male,south,high_school,contract,basic,mobile,False,False,689,10475.73,125676.37,21217.17,0.1688,112320.49,0.144,24,5414.19,129940.68,1,3.0,150,7.0,very smooth application process and the agent was helpful.,,0
ACCT-0002112,2022-02-03,33.0,female,west,associate,full_time,basic,branch,False,False,744,1812.78,21703.46,4662.86,0.2148,6256.38,0.0442,24,272.84,6548.16,0,0.0,782,3.0,took longer than expected but got approved in the end. still evaluating against other offers from competitor banks.,,0
ACCT-0000973,2023-01-19,43.0,male,west,graduate,full_time,standard,online,False,True,768,2527.48,29980.17,8695.54,0.29,29082.41,0.0822,24,1318.3,31639.32,1,4.0,1411,7.0,easy to track payments through the mobile app. very smooth application process and the agent was helpful.,,0
ACCT-0001836,2023-11-08,55.0,male,south,high_school,self_employed,standard,mobile,True,True,583,2920.76,35294.9,9392.78,0.2661,19118.54,0.0974,36,614.58,22124.83,2,3.0,1171,4.0,very smooth application process and the agent was helpful.,,0
ACCT-0002418,2022-06-12,34.0,male,northeast,high_school,contract,standard,mobile,True,False,611,12204.95,146337.74,23579.38,0.1611,76763.14,0.0994,60,1628.9,97734.2,2,3.0,779,5.0,"very smooth application process and the agent was helpful. transparent fees, no hidden charges that I noticed.",,0
ACCT-0002133,2022-02-08,39.0,female,south,associate,full_time,standard,branch,True,False,645,4926.55,59245.6,36827.13,0.6216,69210.4,0.0742,60,1384.19,83051.21,0,2.0,184,4.0,took longer than expected but got approved in the end.,,0
ACCT-0000778,2023-03-11,27.0,female,northeast,bachelor,self_employed,basic,branch,False,False,658,7422.26,89270.07,30668.26,0.3435,49852.27,0.0652,12,4302.42,51629.09,0,0.0,312,6.0,"took longer than expected but got approved in the end. ok experience overall, no strong feelings to share.",,0
ACCT-0001508,2022-10-26,40.0,female,midwest,bachelor,full_time,basic,online,True,False,689,2105.29,25248.51,11201.61,0.4437,7380.74,0.1078,84,125.52,10543.49,1,2.0,1121,6.0,"transparent fees, no hidden charges that I noticed. great customer service, will recommend to friends and family. easy to track payments through the mobile app.",,0
ACCT-0000122,2022-09-27,18.0,male,northeast,bachelor,full_time,standard,online,False,True,727,6691.12,80316.06,19216.7,0.2393,69080.95,0.0846,12,6023.93,72287.14,1,1.0,1198,8.0,the autopay system charged me twice in the same month. support never returned my calls about the missed payment. the agent kept rescheduling and the process took weeks.,2023-01-25,1
ACCT-0002195,2022-11-06,36.0,female,south,high_school,full_time,standard,online,True,False,690,5070.38,60827.34,10298.6,0.1693,44262.12,0.0732,60,883.17,52990.26,0,0.0,32,7.0,very smooth application process and the agent was helpful. easy to track payments through the mobile app.,,0
ACCT-0000829,2022-09-04,50.0,male,midwest,high_school,full_time,basic,mobile,True,False,643,12435.9,149059.79,26167.16,0.1755,62787.57,0.084,60,1285.06,77103.77,0,0.0,1197,3.0,"ok experience overall, no strong feelings to share.",,0
ACCT-0001701,2023-12-29,35.0,nonbinary,midwest,bachelor,full_time,basic,online,True,False,689,6097.44,73320.99,17005.46,0.2319,77784.82,0.121,24,3665.29,87966.89,0,,1410,6.0,rates were competitive and the funds came through quickly. easy to track payments through the mobile app.,,0
ACCT-0001170,2023-05-31,,female,pacific,high_school,full_time,basic,online,True,False,713,3574.31,42645.23,14119.56,0.3311,46644.61,0.0715,60,926.85,55610.92,4,3.0,948,8.0,easy to track payments through the mobile app. rates were competitive and the funds came through quickly.,,0
ACCT-0001846,2023-03-12,27.0,male,pacific,high_school,full_time,standard,online,True,True,737,7382.16,88663.53,19367.41,0.2184,41295.04,0.1025,60,882.42,52945.18,1,1.0,762,5.0,"still evaluating against other offers from competitor banks. documentation requirements were typical for this kind of loan. process was fine, nothing exceptional either way.",,0
ACCT-0001149,2023-01-22,47.0,male,midwest,high_school,full_time,standard,agent,False,False,788,8620.71,103132.85,18589.52,0.1802,77087.4,0.025,72,1154.08,83093.56,1,2.0,859,8.0,"great customer service, will recommend to friends and family.",,0
ACCT-0001819,2022-01-25,18.0,female,west,high_school,full_time,basic,online,True,False,683,3198.94,38608.15,13657.3,0.3537,40571.76,0.0867,84,645.93,54258.33,2,,408,6.0,"support never returned my calls about the missed payment. interest rate jumped after the first quarter without warning. fees were not explained clearly upfront, very disappointing.",2023-06-08,1
ACCT-0000409,2024-04-27,36.0,female,northeast,associate,part_time,standard,mobile,True,True,677,3291.19,40006.59,12469.05,0.3117,27909.37,0.1092,84,476.65,40038.33,0,2.0,749,4.0,rates were competitive and the funds came through quickly.,,0
ACCT-0001936,2022-09-24,21.0,male,midwest,associate,full_time,standard,online,True,False,732,5432.98,65768.41,29318.47,0.4458,59366.59,0.1173,36,1964.11,70707.92,0,1.0,90,6.0,rates were competitive and the funds came through quickly.,,0
ACCT-0000933,2024-05-17,40.0,female,south,associate,full_time,basic,online,True,False,671,4452.79,53290.56,18462.25,0.3464,40198.06,0.0634,72,672.68,48432.77,2,0.0,297,7.0,easy to track payments through the mobile app. very smooth application process and the agent was helpful.,,0
ACCT-0001648,2023-09-05,18.0,female,northeast,high_school,full_time,standard,online,False,False,773,4771.04,57898.7,12586.11,0.2174,43903.19,0.0871,72,785.12,56528.63,0,0.0,48,2.0,documentation requirements were typical for this kind of loan. took longer than expected but got approved in the end.,,0
ACCT-0001612,2022-10-25,33.0,female,northeast,graduate,full_time,basic,mobile,True,False,633,5161.05,61717.39,28992.23,0.4698,76604.58,0.0669,84,1144.66,96151.65,1,1.0,223,7.0,"still evaluating against other offers from competitor banks. process was fine, nothing exceptional either way.",,0
ACCT-0001914,2022-01-06,35.0,male,midwest,high_school,full_time,basic,branch,False,False,803,7197.57,86221.59,20238.59,0.2347,114584.82,0.0806,72,2012.64,144910.12,0,2.0,1402,10.0,very smooth application process and the agent was helpful.,,0
ACCT-0002002,2022-02-18,45.0,female,pacific,associate,contract,basic,online,True,False,681,4891.3,58760.94,17421.83,0.2965,61135.14,0.0739,24,2747.94,65950.59,1,1.0,1037,6.0,"easy to track payments through the mobile app. very smooth application process and the agent was helpful. transparent fees, no hidden charges that I noticed.",,0
ACCT-0002126,2024-07-03,50.0,male,midwest,high_school,full_time,basic,online,False,False,626,7316.35,87881.7,41823.96,0.4759,96395.02,0.0989,84,1594.68,133952.78,0,3.0,1032,8.0,"transparent fees, no hidden charges that I noticed.",,0
ACCT-0001953,2022-03-05,39.0,male,west,bachelor,full_time,standard,online,True,False,685,7336.39,87756.8,17117.28,0.1951,34234.63,0.1023,60,731.21,43872.61,1,1.0,1105,9.0,"process was fine, nothing exceptional either way.",,0
ACCT-0000031,2024-06-23,59.0,male,south,high_school,full_time,standard,online,True,True,673,4805.15,57565.78,14541.53,0.2526,70854.97,0.1285,36,2382.4,85766.25,0,2.0,984,5.0,still evaluating against other offers from competitor banks. took longer than expected but got approved in the end.,,0
ACCT-0001213,2022-12-16,47.0,female,northeast,graduate,full_time,basic,mobile,True,True,833,8263.15,98869.62,21990.48,0.2224,132308.29,0.0889,48,3285.49,157703.58,0,2.0,1195,1.0,"process was fine, nothing exceptional either way. documentation requirements were typical for this kind of loan.",,0
ACCT-0000224,2023-08-05,61.0,female,south,bachelor,full_time,basic,branch,True,True,660,2188.83,26488.96,27582.72,1.0413,17307.79,0.1182,72,336.71,24242.97,3,3.0,53,5.0,"fees were not explained clearly upfront, very disappointing. the agent kept rescheduling and the process took weeks.",2024-03-21,1
ACCT-0002334,2022-05-16,36.0,female,south,high_school,full_time,basic,branch,False,True,654,5862.12,70400.55,24994.96,0.355,75022.98,0.0871,60,1546.72,92802.98,1,2.0,507,4.0,very smooth application process and the agent was helpful.,,0
ACCT-0002281,2023-07-23,55.0,female,south,high_school,self_employed,standard,online,False,False,685,3001.58,35735.1,13203.25,0.3695,29718.44,0.1019,24,1373.99,32975.73,2,4.0,1188,5.0,"took longer than expected but got approved in the end. still evaluating against other offers from competitor banks. ok experience overall, no strong feelings to share.",,0
ACCT-0001513,2022-03-02,43.0,male,south,bachelor,self_employed,basic,online,True,False,452,2364.55,28426.86,5205.01,0.1831,9969.53,0.1013,36,322.28,11602.15,0,4.0,1018,6.0,"great customer service, will recommend to friends and family. easy to track payments through the mobile app. very smooth application process and the agent was helpful.",,0
ACCT-0002284,2022-12-29,36.0,male,south,associate,self_employed,standard,agent,False,False,581,4233.35,50567.83,15451.56,0.3056,57293.16,0.0927,84,929.53,78080.68,0,3.0,1251,10.0,very smooth application process and the agent was helpful.,,0
ACCT-0002179,2024-02-22,35.0,female,midwest,bachelor,full_time,basic,mobile,True,True,601,8301.81,99282.17,17419.91,0.1755,48781.16,0.0815,48,1194.33,57327.72,0,,1001,9.0,still evaluating against other offers from competitor banks.,2024-05-20,1
ACCT-0001534,2022-04-15,41.0,male,midwest,bachelor,full_time,standard,online,True,False,694,13797.3,165375.51,32738.93,0.198,117356.55,0.0944,12,10286.98,123443.74,1,2.0,1147,3.0,easy to track payments through the mobile app.,,0
ACCT-0000473,2022-08-17,39.0,female,west,bachelor,full_time,standard,online,False,True,593,4883.73,58747.35,20406.97,0.3474,39133.51,0.1112,36,1283.32,46199.63,1,1.0,83,6.0,"great customer service, will recommend to friends and family. easy to track payments through the mobile app.",,0
ACCT-0001489,2022-07-05,53.0,male,pacific,bachelor,full_time,basic,online,False,False,753,5294.74,63571.67,16058.88,0.2526,74674.49,0.0845,36,2355.71,84805.71,0,0.0,1173,6.0,very smooth application process and the agent was helpful.,,0
ACCT-0000826,2024-02-11,34.0,female,northeast,associate,part_time,standard,mobile,True,False,551,3530.16,42495.3,15975.04,0.3759,33860.81,0.1191,24,1592.58,38221.86,1,2.0,93,7.0,easy to track payments through the mobile app. rates were competitive and the funds came through quickly.,,0
ACCT-0002394,2023-10-11,44.0,female,south,bachelor,full_time,standard,branch,False,False,624,3120.37,37434.47,13819.99,0.3692,41956.29,0.115,24,1965.19,47164.48,2,0.0,1175,10.0,"process was fine, nothing exceptional either way. still evaluating against other offers from competitor banks. documentation requirements were typical for this kind of loan.",,0
ACCT-0000124,2024-02-21,55.0,male,pacific,graduate,full_time,standard,branch,False,True,694,1938.32,23090.64,12806.74,0.5546,20783.8,0.0891,48,516.28,24781.4,1,1.0,1148,10.0,"ok experience overall, no strong feelings to share. took longer than expected but got approved in the end.",,0
ACCT-0002228,2024-05-19,53.0,female,northeast,high_school,full_time,premium,branch,True,False,663,5074.87,60909.61,16147.36,0.2651,68166.98,0.0579,36,2067.25,74420.99,0,1.0,149,5.0,"great customer service, will recommend to friends and family.",,0
ACCT-0000115,2022-01-24,75.0,male,west,bachelor,part_time,standard,mobile,True,True,524,5373.57,64088.39,20870.54,0.3257,76623.51,0.0859,72,1365.82,98338.93,2,0.0,727,8.0,"documentation requirements were typical for this kind of loan. process was fine, nothing exceptional either way. still evaluating against other offers from competitor banks.",2023-05-27,1
ACCT-0000328,2024-02-11,37.0,male,northeast,graduate,full_time,premium,online,True,False,582,2908.17,34988.32,25881.56,0.7397,20610.59,0.1088,48,531.52,25512.84,3,0.0,381,8.0,"great customer service, will recommend to friends and family. rates were competitive and the funds came through quickly.",,0
ACCT-0001762,2024-02-07,41.0,female,northeast,associate,full_time,standard,branch,False,False,632,2060.86,24620.4,10469.02,0.4252,6865.72,0.1088,24,319.63,7671.09,4,2.0,729,8.0,"transparent fees, no hidden charges that I noticed. rates were competitive and the funds came through quickly.",,0
ACCT-0001624,2024-06-09,44.0,female,pacific,high_school,full_time,basic,online,True,True,644,3772.75,45011.9,15735.98,0.3496,34530.43,0.0641,84,511.28,42947.19,1,2.0,1005,7.0,took longer than expected but got approved in the end.,,0
ACCT-0002218,2024-06-18,31.0,female,midwest,associate,full_time,basic,online,True,False,514,3120.92,37968.99,22319.75,0.5878,47384.23,0.114,36,1560.24,56168.71,0,3.0,161,6.0,"ok experience overall, no strong feelings to share. documentation requirements were typical for this kind of loan.",,0
ACCT-0000827,2022-09-17,38.0,male,west,bachelor,part_time,basic,mobile,True,False,735,7237.4,86574.03,18266.26,0.211,37712.26,0.0874,24,1718.39,41241.32,0,0.0,164,,very smooth application process and the agent was helpful.,,0
ACCT-0001627,2022-06-20,36.0,female,south,bachelor,self_employed,basic,online,True,False,625,2907.26,34632.21,26373.25,0.7615,24897.7,0.1114,60,543.04,32582.38,2,1.0,1326,4.0,"rates were competitive and the funds came through quickly. great customer service, will recommend to friends and family.",,0
ACCT-0002257,2023-11-03,32.0,female,south,bachelor,contract,basic,online,True,False,719,12488.99,149835.23,24906.32,0.1662,64975.48,0.1049,36,2111.47,76013.0,1,0.0,1094,7.0,"great customer service, will recommend to friends and family.",,0
ACCT-0002333,2023-12-21,47.0,female,west,high_school,full_time,standard,online,False,False,630,7479.29,89396.99,27302.56,0.3054,68121.42,0.0684,84,1022.93,85925.89,0,3.0,788,8.0,documentation requirements were typical for this kind of loan.,,0
ACCT-0000951,2024-02-06,18.0,male,midwest,bachelor,self_employed,basic,mobile,False,False,652,4309.31,51871.73,22339.22,0.4307,22257.87,0.1235,48,590.0,28319.88,1,1.0,873,8.0,"transparent fees, no hidden charges that I noticed. easy to track payments through the mobile app. very smooth application process and the agent was helpful.",,0
ACCT-0001325,2023-01-14,32.0,female,midwest,high_school,full_time,premium,mobile,True,True,769,1356.3,16296.55,12422.54,0.7623,20118.61,0.099,48,509.28,24445.39,1,1.0,37,,"great customer service, will recommend to friends and family. very smooth application process and the agent was helpful. transparent fees, no hidden charges that I noticed.",,0
ACCT-0001949,2024-08-02,42.0,female,south,associate,part_time,standard,mobile,True,True,601,3367.25,40539.75,21368.76,0.5271,49484.6,0.1006,36,1598.14,57532.98,1,,1030,5.0,"fees were not explained clearly upfront, very disappointing. interest rate jumped after the first quarter without warning.",2025-03-19,1
ACCT-0002130,2022-08-03,25.0,male,midwest,bachelor,full_time,basic,online,True,False,702,4931.15,58778.6,37856.27,0.644,16588.73,0.1236,12,1476.7,17720.36,1,4.0,436,7.0,"transparent fees, no hidden charges that I noticed.",,0
ACCT-0002401,2022-06-15,40.0,male,pacific,bachelor,full_time,basic,online,False,False,552,5597.92,67040.04,16930.56,0.2525,87025.82,0.1244,36,2909.01,104724.42,1,0.0,640,8.0,"ok experience overall, no strong feelings to share. still evaluating against other offers from competitor banks. took longer than expected but got approved in the end.",,0
ACCT-0000127,2023-08-25,45.0,male,northeast,associate,self_employed,basic,online,True,False,650,8129.86,97478.57,25716.08,0.2638,106989.41,0.0776,12,9294.93,111539.19,0,0.0,408,8.0,"great customer service, will recommend to friends and family. very smooth application process and the agent was helpful. easy to track payments through the mobile app.",,0
ACCT-0001611,2024-11-11,40.0,male,south,bachelor,full_time,basic,mobile,True,True,624,4736.2,56949.92,15353.04,0.2696,68947.03,0.071,48,1654.12,79397.7,0,2.0,228,7.0,"process was fine, nothing exceptional either way.",,0
ACCT-0000729,2024-08-04,35.0,male,midwest,high_school,contract,premium,online,True,False,667,5429.84,64939.52,21217.09,0.3267,21100.53,0.0881,48,523.23,25114.97,0,0.0,720,10.0,support never returned my calls about the missed payment.,2025-02-05,1
ACCT-0000623,2023-09-09,45.0,male,south,bachelor,full_time,standard,online,True,True,663,5313.18,63704.01,10686.65,0.1678,81523.98,0.1113,36,2674.17,96269.94,2,,1448,7.0,"rates were competitive and the funds came through quickly. great customer service, will recommend to friends and family.",,0
ACCT-0001956,2022-08-25,42.0,male,west,high_school,full_time,premium,online,True,False,713,2197.22,26611.65,12688.38,0.4768,21602.79,0.1273,48,576.65,27679.43,0,2.0,659,4.0,"great customer service, will recommend to friends and family. rates were competitive and the funds came through quickly.",,0
ACCT-0001800,2023-04-07,41.0,female,northeast,bachelor,full_time,basic,online,True,False,658,6154.51,73747.37,12038.52,0.1632,90385.85,0.0585,48,2116.33,101583.93,1,2.0,300,7.0,"still evaluating against other offers from competitor banks. process was fine, nothing exceptional either way. documentation requirements were typical for this kind of loan.",,0
ACCT-0000446,2024-05-03,31.0,female,northeast,high_school,self_employed,standard,branch,True,False,556,5155.26,61984.76,25632.39,0.4135,62305.8,0.0807,24,2819.81,67675.49,0,1.0,342,3.0,"transparent fees, no hidden charges that I noticed. easy to track payments through the mobile app.",,0
ACCT-0001185,2023-07-10,45.0,female,pacific,high_school,full_time,basic,branch,False,True,615,2951.12,35341.13,9315.6,0.2636,21324.36,0.1158,24,999.6,23990.38,2,1.0,1149,8.0,"ok experience overall, no strong feelings to share.",,0
ACCT-0001441,2024-08-03,37.0,male,midwest,high_school,full_time,standard,online,False,False,695,6561.12,79027.12,17977.07,0.2275,41684.1,0.0668,48,992.07,47619.38,1,6.0,1139,9.0,"easy to track payments through the mobile app. transparent fees, no hidden charges that I noticed. great customer service, will recommend to friends and family.",,0
ACCT-0000903,2024-07-24,27.0,male,midwest,graduate,contract,standard,online,False,True,646,7229.92,86763.77,20248.51,0.2334,45141.36,0.1117,72,863.1,62143.16,1,0.0,246,4.0,"transparent fees, no hidden charges that I noticed. great customer service, will recommend to friends and family.",,0
ACCT-0000869,2022-04-22,43.0,female,pacific,bachelor,full_time,standard,mobile,False,False,688,7771.68,93322.12,15151.51,0.1624,115663.1,0.1204,84,2044.22,171714.4,2,2.0,1285,7.0,the agent kept rescheduling and the process took weeks. the autopay system charged me twice in the same month.,2023-09-26,1
ACCT-0000543,2022-09-30,21.0,male,south,graduate,contract,standard,online,True,True,758,14266.97,170937.26,29162.1,0.1706,81489.18,0.1059,60,1755.05,105302.86,1,0.0,191,3.0,easy to track payments through the mobile app.,,0
ACCT-0001192,2024-06-13,53.0,male,south,graduate,full_time,standard,online,True,False,675,5402.89,65221.94,15151.88,0.2323,32972.76,0.0767,12,2863.22,34358.67,1,0.0,703,7.0,"documentation requirements were typical for this kind of loan. took longer than expected but got approved in the end. process was fine, nothing exceptional either way.",,0
ACCT-0001172,2024-06-13,26.0,female,west,graduate,full_time,premium,branch,False,False,743,5708.0,68346.97,26569.1,0.3887,41122.93,0.07,72,701.15,50483.13,0,0.0,604,8.0,"transparent fees, no hidden charges that I noticed. very smooth application process and the agent was helpful. rates were competitive and the funds came through quickly.",,0
ACCT-0000880,2023-06-12,32.0,female,west,bachelor,full_time,premium,mobile,True,True,673,9002.99,107833.84,26511.72,0.2459,68609.12,0.0973,72,1261.58,90833.47,1,0.0,754,8.0,documentation requirements were typical for this kind of loan. still evaluating against other offers from competitor banks.,,0
ACCT-0000792,2023-02-27,33.0,male,west,bachelor,full_time,standard,online,True,False,500,2545.35,30130.84,15520.71,0.5151,24534.75,0.0721,48,589.96,28318.32,2,0.0,1124,6.0,,,0
ACCT-0000418,2023-12-28,24.0,male,west,bachelor,full_time,basic,branch,True,False,792,1338.06,16103.37,11232.7,0.6975,18164.67,0.0523,72,294.51,21205.02,2,0.0,765,1.0,rates were competitive and the funds came through quickly.,,0
ACCT-0000234,2024-01-20,18.0,female,midwest,high_school,full_time,basic,online,False,False,684,2954.03,35183.09,18100.38,0.5145,26125.6,0.0977,60,552.11,33126.86,1,1.0,792,10.0,"ok experience overall, no strong feelings to share. still evaluating against other offers from competitor banks.",,0
ACCT-0001563,2022-10-29,47.0,female,northeast,bachelor,full_time,basic,online,True,False,752,4994.34,59953.68,17679.44,0.2949,79492.27,0.0717,12,6884.58,82614.98,1,2.0,1209,7.0,"great customer service, will recommend to friends and family.",,0
ACCT-0001472,2024-10-27,18.0,male,pacific,bachelor,full_time,premium,online,True,True,747,3618.62,43676.94,40228.6,0.921,15989.2,0.0782,12,1389.51,16674.14,0,1.0,1096,6.0,"took longer than expected but got approved in the end. ok experience overall, no strong feelings to share.",,0
ACCT-0001124,2023-10-02,53.0,female,south,bachelor,full_time,standard,mobile,False,False,592,3755.51,45012.68,23833.25,0.5295,25523.17,0.0903,48,635.53,30505.62,2,0.0,996,3.0,"process was fine, nothing exceptional either way. still evaluating against other offers from competitor banks. documentation requirements were typical for this kind of loan.",,0
ACCT-0001780,2022-01-17,58.0,female,south,high_school,full_time,basic,branch,True,False,627,4152.98,50056.85,14550.36,0.2907,42462.24,0.1388,84,792.9,66603.5,2,2.0,343,5.0,documentation requirements were typical for this kind of loan.,2023-06-03,1
ACCT-0001487,2023-06-29,43.0,male,northeast,bachelor,part_time,standard,branch,False,True,587,4996.31,60125.89,11467.49,0.1907,71184.0,0.0928,24,3261.17,78267.98,2,0.0,736,6.0,interest rate jumped after the first quarter without warning. the agent kept rescheduling and the process took weeks.,2023-12-02,1
ACCT-0001916,2024-12-11,42.0,female,south,high_school,part_time,standard,mobile,True,False,850,13855.61,166349.95,35547.72,0.2137,67930.57,0.0722,60,1352.3,81137.95,0,1.0,804,9.0,"very smooth application process and the agent was helpful. great customer service, will recommend to friends and family.",,0
ACCT-0000079,2023-07-14,23.0,male,west,bachelor,full_time,standard,branch,False,True,683,3370.53,40416.02,14226.23,0.352,54440.9,0.0689,36,1678.24,60416.7,0,2.0,1378,8.0,"very smooth application process and the agent was helpful. easy to track payments through the mobile app. great customer service, will recommend to friends and family.",,0
ACCT-0000215,2023-02-12,40.0,male,pacific,bachelor,full_time,basic,online,True,False,670,8517.49,102742.64,18862.39,0.1836,30023.66,0.0931,48,751.51,36072.61,1,0.0,1477,5.0,"great customer service, will recommend to friends and family.",,0
ACCT-0002476,2024-10-28,51.0,male,midwest,bachelor,contract,basic,online,False,True,652,6525.47,78159.2,22506.0,0.288,105021.88,0.1285,36,3530.86,127111.1,0,,784,3.0,took longer than expected but got approved in the end.,,0
ACCT-0000590,2024-03-11,36.0,female,south,high_school,full_time,basic,branch,True,False,657,4443.53,53515.28,23487.39,0.4389,13447.33,0.0854,60,276.14,16568.37,2,1.0,746,9.0,very smooth application process and the agent was helpful.,,0
ACCT-0001801,2023-01-27,30.0,female,northeast,bachelor,full_time,standard,online,True,True,628,3390.65,40615.64,,0.3804,39044.26,0.0797,36,1222.88,44023.55,1,1.0,300,7.0,"ok experience overall, no strong feelings to share. took longer than expected but got approved in the end.",,0
ACCT-0001212,2022-06-30,50.0,female,south,associate,part_time,standard,agent,True,False,555,3702.65,44719.96,36824.11,0.8234,15138.47,0.1032,12,1333.19,15998.26,3,1.0,673,2.0,documentation requirements were typical for this kind of loan. still evaluating against other offers from competitor banks.,,0
ACCT-0002370,2023-03-16,37.0,female,south,bachelor,self_employed,basic,branch,False,True,742,6146.66,73649.66,20746.41,0.2817,48126.71,0.0902,36,1530.83,55109.86,0,2.0,468,6.0,documentation requirements were typical for this kind of loan.,,0
ACCT-0001945,2024-05-09,36.0,male,midwest,bachelor,full_time,standard,online,True,False,661,7034.52,84021.52,23845.09,0.2838,34815.04,0.0669,48,828.64,39774.86,1,0.0,462,6.0,"transparent fees, no hidden charges that I noticed. very smooth application process and the agent was helpful.",,0
ACCT-0001610,2024-03-14,42.0,female,south,high_school,full_time,basic,online,False,True,652,5579.19,66848.08,17072.34,0.2554,86669.17,0.1057,72,1630.54,117398.93,0,2.0,1291,5.0,"took longer than expected but got approved in the end. ok experience overall, no strong feelings to share.",,0
ACCT-0001617,2022-09-17,38.0,male,west,bachelor,full_time,standard,online,True,True,590,4530.42,54467.66,17282.36,0.3173,68942.93,0.083,12,6006.74,72080.88,1,2.0,724,10.0,"easy to track payments through the mobile app. great customer service, will recommend to friends and family.",,0
ACCT-0000176,2022-07-28,29.0,male,west,associate,self_employed,basic,agent,True,False,734,2601.48,31190.94,13404.37,0.4298,20696.15,0.0827,24,938.56,22525.52,5,2.0,177,6.0,interest rate jumped after the first quarter without warning. support never returned my calls about the missed payment. the autopay system charged me twice in the same month.,2023-06-11,1
ACCT-0001375,2023-10-21,60.0,female,south,bachelor,full_time,premium,mobile,True,False,617,2022.94,24375.48,7671.56,0.3147,25977.59,0.0963,48,654.28,31405.38,1,1.0,809,7.0,"great customer service, will recommend to friends and family. rates were competitive and the funds came through quickly. very smooth application process and the agent was helpful.",,0
ACCT-0000673,2023-03-12,50.0,male,west,high_school,part_time,basic,branch,False,False,649,4202.27,50126.98,12912.8,0.2576,45835.23,0.1175,36,1516.82,54605.38,0,0.0,1120,8.0,very smooth application process and the agent was helpful. easy to track payments through the mobile app.,,0
ACCT-0002147,2023-03-14,28.0,male,west,bachelor,part_time,basic,agent,False,False,697,6327.87,75889.03,14026.67,0.1848,90818.75,0.0915,60,1891.72,113503.24,0,0.0,503,7.0,"documentation requirements were typical for this kind of loan. process was fine, nothing exceptional either way.",,0
ACCT-0001572,2023-08-11,60.0,female,south,bachelor,full_time,standard,mobile,False,False,707,2311.39,27824.09,19927.17,0.7162,10068.05,0.0518,60,190.84,11450.5,2,1.0,57,0.0,"transparent fees, no hidden charges that I noticed. great customer service, will recommend to friends and family.",,0
ACCT-0001785,2024-12-04,18.0,male,northeast,graduate,full_time,standard,online,True,False,801,3096.9,37000.88,17349.78,0.4689,50622.94,0.0689,60,999.81,59988.37,0,1.0,280,4.0,"still evaluating against other offers from competitor banks. ok experience overall, no strong feelings to share.",,0
ACCT-0000921,2022-05-01,52.0,male,northeast,bachelor,full_time,basic,online,True,False,480,7073.89,85176.75,45626.79,0.5357,21854.13,0.0902,72,394.18,28381.11,1,0.0,609,7.0,still evaluating against other offers from competitor banks.,,0
ACCT-0002223,2022-01-03,55.0,male,northeast,high_school,full_time,basic,mobile,False,False,708,8187.91,98362.78,22213.86,0.2258,41575.47,0.0513,84,590.24,49579.95,1,0.0,831,4.0,still evaluating against other offers from competitor banks.,,0
ACCT-0000462,2024-11-10,44.0,female,pacific,bachelor,full_time,standard,online,False,False,664,3577.52,42645.63,13765.65,0.3228,34536.13,0.0859,12,3013.65,36163.83,0,1.0,252,6.0,rates were competitive and the funds came through quickly. very smooth application process and the agent was helpful.,,0
ACCT-0000601,2022-09-17,49.0,male,midwest,high_school,full_time,standard,branch,True,False,723,6041.39,72720.97,12378.51,0.1702,77161.44,0.094,72,1406.09,101238.52,0,0.0,494,10.0,easy to track payments through the mobile app. very smooth application process and the agent was helpful.,,0
ACCT-0000180,2024-04-04,35.0,male,northeast,graduate,contract,standard,online,True,False,545,2496.6,30412.01,6261.29,0.2059,34784.86,0.1164,36,1149.47,41380.76,0,2.0,465,10.0,very smooth application process and the agent was helpful.,,0
ACCT-0000177,2023-03-02,27.0,male,northeast,bachelor,full_time,standard,online,False,False,552,4860.44,58230.82,26754.56,0.4595,63062.04,0.1182,36,2089.01,75204.39,1,2.0,245,7.0,rates were competitive and the funds came through quickly. very smooth application process and the agent was helpful.,,0
ACCT-0000677,2022-08-06,48.0,male,south,high_school,full_time,standard,branch,True,True,711,2320.56,27962.66,10714.31,0.3832,25153.8,0.0765,36,784.16,28229.74,2,4.0,446,7.0,"transparent fees, no hidden charges that I noticed.",,0
ACCT-0002308,2024-03-11,37.0,female,south,graduate,full_time,basic,online,True,False,847,3632.61,43911.82,18651.88,0.4248,19446.0,0.0563,24,858.6,20606.5,3,1.0,662,9.0,"rates were competitive and the funds came through quickly. very smooth application process and the agent was helpful. transparent fees, no hidden charges that I noticed.",,0
ACCT-0001490,2024-06-18,58.0,female,northeast,graduate,full_time,standard,branch,False,False,589,2431.23,29004.56,28486.13,0.9821,9823.93,0.1009,12,864.09,10369.06,0,0.0,1266,4.0,"easy to track payments through the mobile app. transparent fees, no hidden charges that I noticed.",,0
ACCT-0000725,2022-11-24,53.0,male,pacific,high_school,contract,standard,online,True,False,655,5946.65,71024.21,13526.5,0.1904,24951.52,0.1124,60,545.53,32731.85,1,0.0,1241,10.0,"ok experience overall, no strong feelings to share. took longer than expected but got approved in the end.",,0
ACCT-0001241,2024-01-17,51.0,male,northeast,bachelor,full_time,basic,online,True,False,632,4461.96,54080.72,14929.75,0.2761,37986.18,0.1176,84,665.78,55925.69,1,2.0,458,7.0,easy to track payments through the mobile app.,,0
ACCT-0001160,2023-09-04,43.0,male,midwest,associate,full_time,basic,online,True,False,681,2832.16,34225.15,14416.14,0.4212,35926.59,0.0627,12,3096.6,37159.18,4,3.0,226,0.0,rates were competitive and the funds came through quickly. very smooth application process and the agent was helpful.,,0
ACCT-0000637,2024-12-11,44.0,female,midwest,bachelor,full_time,basic,online,True,False,651,2435.74,28940.63,14784.44,0.5109,19913.48,0.098,36,640.68,23064.41,2,0.0,493,10.0,"very smooth application process and the agent was helpful. great customer service, will recommend to friends and family.",,0
ACCT-0002320,2022-02-09,40.0,female,west,bachelor,full_time,basic,online,True,False,690,3566.23,42600.3,7526.15,0.1767,56264.5,0.0917,12,4924.77,59097.27,0,3.0,505,,easy to track payments through the mobile app.,,0
ACCT-0000475,2023-10-25,47.0,male,northeast,bachelor,contract,standard,online,True,True,640,1763.98,21493.34,15246.78,0.7094,20657.19,0.113,36,679.24,24452.68,1,0.0,295,5.0,easy to track payments through the mobile app.,,0
ACCT-0001434,2023-05-31,23.0,female,northeast,graduate,full_time,basic,online,True,False,686,3237.96,38249.25,13325.58,0.3484,47930.08,0.0592,24,2122.56,50941.41,2,3.0,372,10.0,rates were competitive and the funds came through quickly.,,0
ACCT-0000502,2024-12-10,64.0,female,south,associate,full_time,premium,online,True,False,791,3860.84,46053.25,14654.52,0.3182,19562.57,0.0767,84,301.69,25341.68,0,0.0,678,7.0,"great customer service, will recommend to friends and family. rates were competitive and the funds came through quickly.",,0
ACCT-0002222,2022-07-25,46.0,female,pacific,associate,full_time,standard,agent,False,False,680,7529.06,90502.79,15021.34,0.166,105001.58,0.0536,12,9006.4,108076.75,0,1.0,1344,8.0,"great customer service, will recommend to friends and family.",,0
ACCT-0001922,2022-01-12,39.0,male,south,bachelor,self_employed,basic,online,False,False,724,4374.71,52689.93,21938.18,0.4164,26254.28,0.0864,24,1195.05,28681.3,2,1.0,287,6.0,"process was fine, nothing exceptional either way. still evaluating against other offers from competitor banks.",,0
ACCT-0002462,2023-08-29,29.0,male,northeast,associate,part_time,basic,mobile,True,False,783,3638.42,44212.55,17320.6,0.3918,38349.55,0.0491,84,540.5,45401.83,1,0.0,787,6.0,"documentation requirements were typical for this kind of loan. took longer than expected but got approved in the end. process was fine, nothing exceptional either way.",2024-09-13,1
ACCT-0001432,2022-08-16,30.0,female,midwest,high_school,full_time,basic,online,False,True,676,6205.57,74331.58,26090.15,0.351,75398.29,0.0717,84,1144.31,96122.38,0,2.0,589,9.0,"fees were not explained clearly upfront, very disappointing. interest rate jumped after the first quarter without warning.",2023-09-25,1
ACCT-0000226,2022-06-11,,female,south,bachelor,part_time,standard,branch,False,True,659,6397.31,76323.78,19649.1,0.2574,75034.08,0.1229,84,1336.15,112236.21,1,,1359,10.0,documentation requirements were typical for this kind of loan. still evaluating against other offers from competitor banks.,,0
ACCT-0000716,2023-02-08,24.0,female,northeast,bachelor,self_employed,basic,agent,False,False,625,5828.07,69850.16,15783.46,0.226,47200.3,0.081,72,829.87,59750.62,0,1.0,894,6.0,"great customer service, will recommend to friends and family.",,0
ACCT-0002437,2022-06-05,37.0,male,pacific,bachelor,full_time,basic,branch,False,True,756,5578.55,66701.07,11889.33,0.1782,68374.64,0.0738,72,1178.15,84826.46,0,0.0,1313,5.0,"great customer service, will recommend to friends and family. very smooth application process and the agent was helpful.",,0
ACCT-0000731,2024-06-19,54.0,female,pacific,bachelor,full_time,standard,online,False,True,718,2730.56,33126.47,5800.76,0.1751,15711.16,0.0817,72,276.77,19927.4,2,0.0,435,10.0,very smooth application process and the agent was helpful.,,0
ACCT-0000014,2022-12-08,32.0,male,midwest,bachelor,part_time,basic,online,True,True,838,4218.98,50959.22,13446.53,0.2639,16387.49,0.0765,84,252.58,21216.72,1,0.0,642,7.0,"still evaluating against other offers from competitor banks. ok experience overall, no strong feelings to share.",,0
ACCT-0002153,2022-04-10,41.0,female,midwest,high_school,full_time,basic,branch,False,False,677,5626.69,67389.62,10936.0,0.1623,68450.29,0.0971,72,1257.94,90572.0,1,2.0,127,6.0,rates were competitive and the funds came through quickly. easy to track payments through the mobile app.,,0
ACCT-0001285,2022-11-22,47.0,male,south,bachelor,self_employed,basic,online,True,False,670,2053.4,24781.35,6801.01,0.2744,26470.44,0.0499,72,426.2,30686.22,3,2.0,955,6.0,"took longer than expected but got approved in the end. ok experience overall, no strong feelings to share.",,0
ACCT-0001666,2022-12-21,54.0,female,midwest,high_school,self_employed,standard,online,False,True,549,2572.92,30757.24,17413.04,0.5661,27826.19,0.1116,84,478.81,40219.63,0,1.0,906,9.0,the agent kept rescheduling and the process took weeks. the autopay system charged me twice in the same month.,2023-08-14,1
ACCT-0002244,2024-04-27,60.0,female,south,bachelor,full_time,basic,branch,False,False,610,3498.14,41900.73,10372.87,0.2476,11788.4,0.0992,12,1035.94,12431.32,0,1.0,1364,3.0,"ok experience overall, no strong feelings to share. still evaluating against other offers from competitor banks.",,0
ACCT-0000308,2024-01-08,41.0,male,west,associate,full_time,basic,online,False,False,708,5547.51,66068.59,,0.293,23489.27,0.0881,84,375.72,31560.25,2,1.0,414,3.0,"rates were competitive and the funds came through quickly. transparent fees, no hidden charges that I noticed. great customer service, will recommend to friends and family.",,0
ACCT-0001687,2024-11-19,47.0,female,south,high_school,full_time,standard,branch,True,False,734,6543.91,78932.45,38581.07,0.4888,73614.95,0.0499,84,1040.01,87360.66,2,1.0,281,9.0,easy to track payments through the mobile app.,,0
ACCT-0000131,2023-06-09,40.0,female,midwest,associate,self_employed,standard,mobile,False,False,790,3053.0,36610.86,14394.52,0.3932,38765.32,0.1296,60,881.14,52868.67,3,1.0,980,6.0,"process was fine, nothing exceptional either way. ok experience overall, no strong feelings to share.",,0
ACCT-0001057,2022-08-04,33.0,male,northeast,associate,part_time,basic,branch,False,True,731,5113.32,61077.14,11291.4,0.1849,45185.43,0.0539,72,736.0,52991.64,0,4.0,1400,4.0,still evaluating against other offers from competitor banks. documentation requirements were typical for this kind of loan.,,0
ACCT-0001576,2023-11-05,34.0,female,midwest,bachelor,part_time,basic,mobile,True,False,627,3648.16,43557.47,17517.27,0.4022,46006.28,0.0944,24,2111.19,50668.56,1,2.0,919,8.0,,,0
ACCT-0002141,2023-10-23,41.0,male,pacific,high_school,part_time,standard,branch,True,True,586,3465.88,41849.38,11426.37,0.273,49703.93,0.0895,12,4345.61,52147.37,1,0.0,601,6.0,"process was fine, nothing exceptional either way. still evaluating against other offers from competitor banks. documentation requirements were typical for this kind of loan.",,0
ACCT-0000494,2022-03-16,33.0,male,midwest,graduate,full_time,basic,mobile,False,False,688,6451.83,76982.13,38890.76,0.5052,100011.54,0.0958,12,8772.92,105275.04,1,1.0,1445,6.0,"very smooth application process and the agent was helpful. rates were competitive and the funds came through quickly. transparent fees, no hidden charges that I noticed.",,0
ACCT-0001128,2024-07-04,52.0,female,south,high_school,full_time,basic,online,False,False,801,5311.74,63317.98,25220.89,0.3983,36870.64,0.1059,24,1711.37,41072.99,2,1.0,1142,9.0,"rates were competitive and the funds came through quickly. easy to track payments through the mobile app. great customer service, will recommend to friends and family.",,0
ACCT-0002288,2024-02-23,54.0,male,south,graduate,full_time,standard,branch,True,True,567,4656.79,55860.81,15531.77,0.278,58282.92,0.0578,36,1767.17,63618.04,0,0.0,904,8.0,"rates were competitive and the funds came through quickly. great customer service, will recommend to friends and family.",,0
ACCT-0000707,2023-03-30,50.0,female,west,graduate,self_employed,basic,online,True,False,747,2206.02,26678.3,,0.5093,24620.61,0.1091,48,635.21,30490.2,2,0.0,578,7.0,rates were competitive and the funds came through quickly.,,0
ACCT-0001896,2023-01-19,36.0,male,south,bachelor,full_time,standard,online,False,False,647,8023.09,95888.75,16584.3,0.173,64645.42,0.0542,36,1949.62,70186.5,2,1.0,1156,8.0,"still evaluating against other offers from competitor banks. documentation requirements were typical for this kind of loan. process was fine, nothing exceptional either way.",,0
ACCT-0002117,2023-07-04,22.0,male,northeast,bachelor,full_time,premium,online,False,False,671,7834.76,93635.96,31406.58,0.3354,94900.93,0.0778,12,8245.75,98948.95,0,2.0,346,7.0,"transparent fees, no hidden charges that I noticed. easy to track payments through the mobile app.",,0
ACCT-0001007,2023-10-08,23.0,female,west,bachelor,full_time,standard,branch,False,False,716,2787.88,33556.42,7923.82,0.2361,20160.29,0.0684,36,620.98,22355.11,1,0.0,712,7.0,very smooth application process and the agent was helpful. rates were competitive and the funds came through quickly.,,0
ACCT-0001374,2023-01-06,59.0,female,south,high_school,full_time,premium,branch,True,False,799,8213.21,98630.12,38459.01,0.3899,109602.02,0.0842,12,9555.3,114663.65,0,0.0,1075,2.0,easy to track payments through the mobile app. very smooth application process and the agent was helpful.,,0
ACCT-0001411,2023-03-16,41.0,male,northeast,bachelor,full_time,standard,branch,True,False,743,6696.74,80522.06,18471.94,0.2294,76308.91,0.0428,12,6507.3,78087.59,0,2.0,665,8.0,"transparent fees, no hidden charges that I noticed. very smooth application process and the agent was helpful.",,0
ACCT-0000156,2023-06-04,49.0,male,south,bachelor,full_time,standard,online,True,False,723,3813.79,45596.41,7271.24,0.1595,17337.76,0.0945,72,316.41,22781.83,0,0.0,1176,0.0,"great customer service, will recommend to friends and family.",,0
ACCT-0000509,2022-10-08,37.0,female,west,high_school,full_time,standard,branch,False,False,802,1726.36,20601.04,5869.56,0.2849,24155.3,0.0807,72,424.37,30554.29,2,0.0,1356,6.0,"great customer service, will recommend to friends and family. rates were competitive and the funds came through quickly.",,0
ACCT-0002073,2023-11-02,18.0,male,south,high_school,full_time,basic,mobile,False,True,663,6136.63,73747.29,16176.18,0.2193,56529.2,0.078,48,1374.78,65989.49,1,2.0,475,3.0,still evaluating against other offers from competitor banks.,,0
ACCT-0000377,2023-11-22,31.0,male,northeast,graduate,full_time,basic,online,True,False,746,2190.88,26034.21,13329.2,0.512,21679.7,0.0792,60,438.76,26325.52,3,5.0,1148,10.0,"still evaluating against other offers from competitor banks. process was fine, nothing exceptional either way. documentation requirements were typical for this kind of loan.",,0
ACCT-0000033,2023-05-03,50.0,female,south,bachelor,full_time,basic,online,False,True,717,4707.2,56518.23,12267.17,0.217,15715.54,0.0877,12,1372.64,16471.66,2,2.0,914,3.0,"rates were competitive and the funds came through quickly. great customer service, will recommend to friends and family.",,0
ACCT-0000378,2022-02-12,55.0,female,south,bachelor,part_time,premium,online,False,False,647,7889.99,95159.08,18031.68,0.1895,83846.61,0.1077,72,1586.23,114208.73,0,0.0,1298,7.0,very smooth application process and the agent was helpful.,,0
ACCT-0000896,2022-09-24,53.0,male,northeast,high_school,full_time,basic,mobile,True,True,790,15074.93,180878.56,32761.43,0.1811,243029.98,0.0428,72,3833.78,276032.21,0,0.0,1069,6.0,"documentation requirements were typical for this kind of loan. process was fine, nothing exceptional either way.",,0
ACCT-0002136,2024-03-01,33.0,female,northeast,high_school,full_time,standard,agent,False,True,753,4722.68,56540.19,10469.72,0.1852,56756.27,0.0936,36,1814.41,65318.68,1,1.0,1027,7.0,"great customer service, will recommend to friends and family. rates were competitive and the funds came through quickly.",,0
ACCT-0000542,2024-12-13,67.0,male,midwest,bachelor,full_time,premium,online,True,False,595,7375.39,88397.75,13900.35,0.1572,113464.15,0.1055,48,2907.78,139573.22,0,0.0,1236,,rates were competitive and the funds came through quickly.,,0
ACCT-0002351,2023-03-19,31.0,female,south,high_school,full_time,standard,branch,True,False,579,4473.9,53983.55,11689.84,0.2165,14185.91,0.0904,84,228.55,19198.51,0,,60,3.0,very smooth application process and the agent was helpful.,,0
ACCT-0001805,2022-04-20,34.0,male,pacific,associate,full_time,standard,online,True,True,842,1784.18,21267.09,9119.49,0.4288,20183.8,0.0732,12,1749.39,20992.65,2,2.0,1110,1.0,very smooth application process and the agent was helpful.,,0
ACCT-0000255,2022-08-29,53.0,female,west,graduate,full_time,premium,online,False,True,684,7921.66,95191.38,26877.86,0.2824,26599.07,0.1027,48,678.12,32549.56,3,0.0,393,5.0,"rates were competitive and the funds came through quickly. transparent fees, no hidden charges that I noticed. great customer service, will recommend to friends and family.",,0
ACCT-0001705,2023-01-27,39.0,female,west,graduate,full_time,standard,branch,True,True,663,7240.46,86651.64,23906.89,0.2759,67707.32,0.1066,72,1277.02,91945.73,1,2.0,1490,6.0,"still evaluating against other offers from competitor banks. ok experience overall, no strong feelings to share. process was fine, nothing exceptional either way.",,0
ACCT-0001143,2024-12-17,39.0,male,northeast,bachelor,contract,basic,branch,False,True,710,2807.85,33761.34,5310.27,0.1573,34574.94,0.0981,84,570.51,47922.83,1,2.0,1240,4.0,easy to track payments through the mobile app.,,0
ACCT-0000689,2022-04-05,58.0,female,south,high_school,full_time,basic,online,False,False,786,6200.81,74273.25,17864.02,0.2405,78317.56,0.0591,60,1510.8,90647.74,0,0.0,1027,9.0,very smooth application process and the agent was helpful.,,0
ACCT-0000244,2024-09-16,49.0,female,south,bachelor,self_employed,basic,online,True,True,681,4055.32,48696.48,9302.12,0.191,52154.39,0.0505,48,1202.26,57708.34,0,1.0,933,6.0,"process was fine, nothing exceptional either way. ok experience overall, no strong feelings to share.",,0
ACCT-0000790,2022-01-14,27.0,female,midwest,bachelor,full_time,standard,branch,False,False,785,5388.93,64462.67,17022.39,0.2641,16233.71,0.1027,36,525.89,18932.02,0,0.0,471,4.0,took longer than expected but got approved in the end. documentation requirements were typical for this kind of loan.,,0
ACCT-0000424,2024-06-02,55.0,female,south,bachelor,full_time,basic,online,True,True,671,6473.66,77735.91,15981.52,0.2056,98747.45,0.0762,60,1984.55,119073.09,1,1.0,1042,6.0,"great customer service, will recommend to friends and family. rates were competitive and the funds came through quickly.",,0
ACCT-0001480,2024-03-24,18.0,female,midwest,associate,full_time,basic,mobile,False,False,743,4591.01,55704.06,22314.12,0.4006,35825.19,0.0934,48,897.23,43067.12,1,1.0,873,6.0,"transparent fees, no hidden charges that I noticed. rates were competitive and the funds came through quickly.",,0
ACCT-0000616,2023-07-02,46.0,male,northeast,bachelor,part_time,premium,branch,True,True,850,2672.92,31932.31,22442.07,0.7028,20987.36,0.0523,36,631.15,22721.54,1,1.0,661,3.0,the agent kept rescheduling and the process took weeks. support never returned my calls about the missed payment.,2024-01-26,1
ACCT-0000085,2022-09-13,47.0,female,northeast,high_school,full_time,standard,mobile,True,False,702,2927.66,35172.18,23704.06,0.6739,23478.07,0.0945,36,751.52,27054.61,2,0.0,1098,8.0,"great customer service, will recommend to friends and family. transparent fees, no hidden charges that I noticed.",,0
ACCT-0001058,2024-05-02,28.0,female,northeast,high_school,self_employed,premium,online,True,False,718,3263.43,39272.78,15921.6,0.4054,30003.34,0.0425,12,2558.22,30698.6,4,2.0,124,6.0,easy to track payments through the mobile app. very smooth application process and the agent was helpful.,,0
ACCT-0001075,2022-12-13,30.0,male,west,high_school,full_time,basic,online,True,False,610,5708.34,68491.64,13419.27,0.1959,40827.29,0.0694,60,807.36,48441.44,1,1.0,638,8.0,"process was fine, nothing exceptional either way.",,0
ACCT-0002433,2023-05-28,46.0,male,midwest,high_school,full_time,standard,mobile,True,False,804,3332.32,40185.72,10297.78,0.2563,29905.9,0.0864,48,739.07,35475.59,0,3.0,666,8.0,"documentation requirements were typical for this kind of loan. ok experience overall, no strong feelings to share. took longer than expected but got approved in the end.",,0
ACCT-0000717,2024-10-17,47.0,female,northeast,associate,self_employed,standard,branch,True,False,723,12103.79,144964.47,30302.38,0.209,72171.2,0.0666,36,2217.35,79824.69,0,4.0,1329,7.0,rates were competitive and the funds came through quickly.,,0
ACCT-0000940,2023-08-15,41.0,female,west,bachelor,self_employed,basic,branch,True,False,563,1461.51,17438.21,8484.09,0.4865,16633.45,0.0759,60,333.99,20039.51,2,0.0,159,9.0,took longer than expected but got approved in the end.,,0
ACCT-0002479,2023-10-22,47.0,male,midwest,associate,full_time,standard,online,False,True,654,5364.09,64682.02,13098.96,0.2025,88587.16,0.0871,60,1826.65,109599.17,0,0.0,1322,7.0,rates were competitive and the funds came through quickly.,,0
ACCT-0002299,2023-09-15,69.0,male,pacific,associate,part_time,premium,online,True,False,814,5233.37,62938.06,20126.9,0.3198,30513.65,0.0829,12,2658.44,31901.3,0,3.0,1003,4.0,still evaluating against other offers from competitor banks.,,0
ACCT-0001231,2023-09-30,47.0,male,midwest,bachelor,self_employed,basic,online,True,False,570,2439.38,28795.14,25413.12,0.8825,34564.05,0.1069,24,1605.97,38543.25,1,1.0,1261,7.0,"great customer service, will recommend to friends and family. transparent fees, no hidden charges that I noticed.",,0
ACCT-0001346,2022-08-08,19.0,female,south,bachelor,contract,basic,mobile,True,True,571,5982.35,71944.0,15708.8,0.2183,95397.57,0.0985,36,3071.52,110574.88,2,0.0,463,9.0,"great customer service, will recommend to friends and family.",,0
ACCT-0000090,2023-06-20,36.0,male,south,associate,full_time,standard,mobile,True,False,850,12897.81,154562.29,26268.15,0.17,209331.03,0.0566,12,17983.68,215804.11,0,1.0,722,7.0,"easy to track payments through the mobile app. transparent fees, no hidden charges that I noticed. very smooth application process and the agent was helpful.",,0
ACCT-0000641,2024-07-23,36.0,male,south,associate,full_time,basic,online,False,True,645,8187.06,97913.38,20914.46,0.2136,100350.15,0.0993,24,4627.55,111061.2,1,1.0,111,5.0,still evaluating against other offers from competitor banks.,,0
ACCT-0001866,2023-03-28,27.0,male,northeast,high_school,full_time,standard,mobile,False,True,695,5520.03,66241.98,14462.77,0.2183,65871.72,0.0872,48,1630.39,78258.63,0,3.0,200,6.0,"ok experience overall, no strong feelings to share. took longer than expected but got approved in the end. documentation requirements were typical for this kind of loan.",,0
ACCT-0000467,2023-04-22,41.0,male,northeast,graduate,self_employed,premium,branch,True,True,699,5217.36,62568.67,12494.23,0.1997,67541.51,0.1074,24,3139.73,75353.6,1,2.0,1144,9.0,"transparent fees, no hidden charges that I noticed.",,0
ACCT-0001939,2022-04-02,29.0,female,west,high_school,full_time,premium,online,True,False,739,3699.88,44250.25,19107.88,0.4318,23848.76,0.0735,84,364.03,30578.82,2,1.0,355,8.0,"still evaluating against other offers from competitor banks. ok experience overall, no strong feelings to share.",,0
ACCT-0002459,2024-11-16,33.0,male,midwest,high_school,full_time,basic,agent,False,True,708,3467.1,41396.12,12904.27,0.3117,40477.84,0.0781,24,1827.19,43852.49,2,2.0,1124,7.0,"very smooth application process and the agent was helpful. transparent fees, no hidden charges that I noticed. easy to track payments through the mobile app.",,0
ACCT-0001930,2024-02-13,37.0,female,south,high_school,full_time,standard,branch,True,False,715,3663.26,44176.87,19968.82,0.452,27010.15,0.0852,36,852.9,30704.48,2,1.0,148,9.0,took longer than expected but got approved in the end.,,0
ACCT-0001034,2023-08-20,41.0,female,pacific,bachelor,full_time,basic,online,True,False,664,4827.25,57886.21,30819.1,0.5324,29220.51,0.1059,60,629.43,37766.1,0,2.0,1025,8.0,took longer than expected but got approved in the end. still evaluating against other offers from competitor banks.,,0
ACCT-0000978,2024-10-07,29.0,female,south,graduate,full_time,standard,branch,True,True,635,7036.01,84800.42,31986.85,0.3772,107481.55,0.104,12,9469.25,113630.96,1,2.0,491,9.0,"great customer service, will recommend to friends and family.",,0
ACCT-0001739,2022-07-16,18.0,male,west,bachelor,full_time,standard,online,False,False,637,6015.63,72507.02,14274.59,0.1969,56318.41,0.0993,24,2597.07,62329.78,2,1.0,1334,4.0,"transparent fees, no hidden charges that I noticed. rates were competitive and the funds came through quickly. great customer service, will recommend to friends and family.",,0
ACCT-0001795,2023-07-09,36.0,female,south,high_school,full_time,premium,online,False,True,621,3796.35,45667.88,21061.13,0.4612,58780.67,0.0954,84,962.03,80810.5,0,1.0,933,5.0,"the autopay system charged me twice in the same month. fees were not explained clearly upfront, very disappointing.",2024-04-05,1
ACCT-0001864,2023-06-28,31.0,female,northeast,high_school,self_employed,standard,online,True,False,609,2992.46,35905.71,28983.46,0.8072,9836.34,0.0973,84,161.94,13603.2,1,2.0,218,7.0,"interest rate jumped after the first quarter without warning. fees were not explained clearly upfront, very disappointing.",2023-09-14,1
ACCT-0001951,2023-05-24,20.0,female,south,associate,full_time,standard,branch,True,True,729,3957.7,47438.85,12026.59,0.2535,29764.51,0.0833,24,1350.62,32414.78,1,1.0,1102,7.0,"very smooth application process and the agent was helpful. transparent fees, no hidden charges that I noticed.",,0
ACCT-0002220,2022-10-30,41.0,female,south,associate,full_time,basic,online,True,True,813,4486.91,53990.0,19924.2,0.369,21472.31,0.089,12,1876.75,22520.94,2,2.0,563,6.0,"great customer service, will recommend to friends and family. transparent fees, no hidden charges that I noticed. very smooth application process and the agent was helpful.",,0
ACCT-0000665,2024-06-29,47.0,male,south,bachelor,contract,basic,online,False,False,583,5052.4,60454.82,18655.23,0.3086,76191.72,0.1206,48,2008.83,96423.79,0,0.0,1259,10.0,"very smooth application process and the agent was helpful. great customer service, will recommend to friends and family.",,0
ACCT-0002013,2024-04-21,52.0,female,south,bachelor,full_time,standard,mobile,True,False,811,2947.33,35504.81,12890.11,0.3631,29806.76,0.0918,36,950.4,34214.22,2,0.0,34,8.0,rates were competitive and the funds came through quickly.,,0
ACCT-0000661,2023-04-07,37.0,male,south,bachelor,full_time,basic,online,False,False,850,6155.84,73896.6,32136.11,0.4349,43424.77,0.0676,60,855.04,51302.21,1,1.0,686,3.0,"very smooth application process and the agent was helpful. great customer service, will recommend to friends and family.",,0
ACCT-0000773,2022-06-05,28.0,female,south,bachelor,full_time,standard,online,False,False,562,3606.6,42937.88,7277.37,0.1695,16714.8,0.1124,48,433.95,20829.77,0,1.0,191,,still evaluating against other offers from competitor banks. documentation requirements were typical for this kind of loan.,,0
ACCT-0001068,2024-06-20,56.0,male,west,graduate,self_employed,basic,mobile,False,True,619,3282.64,39140.9,20108.09,0.5137,38311.78,0.0889,12,3348.54,40182.52,3,1.0,90,,"process was fine, nothing exceptional either way.",,0
ACCT-0001334,2023-05-25,25.0,male,south,bachelor,full_time,basic,mobile,True,False,728,5803.21,70247.79,17452.12,0.2484,53357.5,0.0515,12,4571.5,54858.04,2,0.0,316,4.0,the agent kept rescheduling and the process took weeks. interest rate jumped after the first quarter without warning.,2024-01-03,1
ACCT-0000221,2024-10-26,49.0,male,pacific,bachelor,full_time,standard,mobile,True,False,710,5583.39,67070.85,12512.08,0.1866,53814.21,0.1184,12,4777.3,57327.61,1,1.0,347,5.0,"rates were competitive and the funds came through quickly. transparent fees, no hidden charges that I noticed.",,0
ACCT-0001989,2024-07-14,21.0,male,west,associate,full_time,basic,branch,True,True,668,4634.15,55929.66,11280.07,0.2017,52500.46,0.0811,60,1067.34,64040.49,0,3.0,1250,4.0,"documentation requirements were typical for this kind of loan. process was fine, nothing exceptional either way. took longer than expected but got approved in the end.",,0
ACCT-0002400,2022-11-17,50.0,male,south,bachelor,contract,basic,online,True,False,646,6712.62,80612.22,18781.27,0.233,33389.18,0.0978,48,843.38,40482.08,1,1.0,1030,9.0,"rates were competitive and the funds came through quickly. great customer service, will recommend to friends and family.",,0
ACCT-0001680,2022-02-26,48.0,nonbinary,south,graduate,part_time,basic,online,False,True,714,4558.34,54693.06,19351.33,0.3538,25722.98,0.1131,36,845.95,30454.22,1,1.0,294,8.0,"transparent fees, no hidden charges that I noticed.",,0
ACCT-0002285,2023-06-11,44.0,female,northeast,high_school,self_employed,basic,mobile,True,False,703,3553.56,42493.9,13886.77,0.3268,26730.58,0.1191,24,1257.18,30172.31,2,1.0,1444,6.0,"rates were competitive and the funds came through quickly. easy to track payments through the mobile app. transparent fees, no hidden charges that I noticed.",,0
ACCT-0002224,2022-12-31,48.0,male,pacific,bachelor,full_time,basic,online,False,True,612,4083.71,48852.7,7861.76,0.1609,56124.94,0.0947,24,2576.22,61829.32,0,3.0,915,6.0,,,0
ACCT-0001096,2022-11-13,38.0,male,northeast,associate,part_time,standard,online,True,False,707,3471.98,41912.2,14830.68,0.3539,29153.4,0.0647,60,569.99,34199.13,0,1.0,521,8.0,"ok experience overall, no strong feelings to share. process was fine, nothing exceptional either way. took longer than expected but got approved in the end.",2023-05-08,1
ACCT-0001560,2022-05-14,31.0,male,northeast,graduate,self_employed,standard,online,False,False,530,2268.33,27391.43,7798.7,0.2847,23881.97,0.1149,36,787.43,28347.52,1,2.0,1329,3.0,"took longer than expected but got approved in the end. process was fine, nothing exceptional either way.",,0
ACCT-0000549,2023-03-07,40.0,male,northeast,bachelor,part_time,standard,mobile,False,False,723,4945.14,59120.76,9830.27,0.1663,23911.78,0.1036,60,512.26,30735.42,1,1.0,735,5.0,the agent kept rescheduling and the process took weeks. the autopay system charged me twice in the same month.,2023-10-11,1
ACCT-0000069,2023-08-03,40.0,female,west,graduate,full_time,basic,mobile,False,False,755,4119.95,49200.95,12236.19,0.2487,14579.51,0.0589,24,645.47,15491.16,0,0.0,137,7.0,rates were competitive and the funds came through quickly.,,0
ACCT-0002090,2024-06-13,54.0,male,west,bachelor,full_time,basic,branch,False,True,728,4309.96,51832.49,16290.2,0.3143,59959.7,0.1004,36,1935.83,69690.04,0,3.0,1340,5.0,rates were competitive and the funds came through quickly. easy to track payments through the mobile app.,,0
ACCT-0000711,2022-05-17,46.0,female,west,bachelor,full_time,standard,branch,True,False,720,3539.58,42460.26,8845.07,0.2083,15980.05,0.0822,36,502.36,18084.86,1,3.0,569,9.0,"great customer service, will recommend to friends and family. rates were competitive and the funds came through quickly.",,0
ACCT-0000217,2023-08-14,29.0,female,midwest,associate,part_time,premium,mobile,False,False,568,1614.8,19389.63,4241.46,0.2187,24721.84,0.0757,72,428.31,30838.65,1,3.0,908,9.0,"transparent fees, no hidden charges that I noticed. easy to track payments through the mobile app. great customer service, will recommend to friends and family.",,0
ACCT-0000636,2024-07-25,18.0,male,west,graduate,full_time,basic,online,False,True,662,2177.62,25836.12,20233.16,0.7831,33636.6,0.1073,12,2968.7,35624.36,1,1.0,1237,10.0,easy to track payments through the mobile app.,,0
ACCT-0001113,2024-04-27,50.0,nonbinary,south,bachelor,part_time,basic,mobile,False,False,826,5651.42,68198.61,25889.38,0.3796,56382.62,0.0844,48,1388.08,66628.01,0,1.0,883,6.0,"rates were competitive and the funds came through quickly. great customer service, will recommend to friends and family.",,0
ACCT-0001461,2024-11-27,50.0,female,south,associate,full_time,basic,online,False,False,541,2944.93,35383.3,6815.72,0.1926,38800.57,0.1148,48,1011.92,48571.99,0,2.0,362,9.0,the autopay system charged me twice in the same month. the agent kept rescheduling and the process took weeks.,2026-03-05,1
ACCT-0002199,2022-07-20,26.0,male,midwest,high_school,full_time,premium,online,True,False,633,3969.93,47797.61,,0.2787,22395.75,0.1004,72,415.41,29909.23,0,3.0,669,10.0,"transparent fees, no hidden charges that I noticed.",,0
ACCT-0001629,2022-03-06,33.0,male,west,bachelor,part_time,standard,branch,False,False,742,3610.37,43698.62,8400.96,0.1922,22705.9,0.0546,24,1000.79,24018.89,0,2.0,485,10.0,rates were competitive and the funds came through quickly. very smooth application process and the agent was helpful.,,0
ACCT-0002070,2024-11-01,35.0,male,pacific,bachelor,full_time,standard,branch,True,True,802,5544.64,66934.28,17776.43,0.2656,32322.52,0.0562,84,466.27,39166.66,2,,1237,4.0,documentation requirements were typical for this kind of loan. still evaluating against other offers from competitor banks. took longer than expected but got approved in the end.,,0
ACCT-0001014,2023-06-19,32.0,female,south,bachelor,full_time,basic,mobile,True,False,615,2686.51,32142.83,7414.96,0.2307,32716.91,0.1228,36,1091.06,39278.13,1,0.0,289,9.0,"took longer than expected but got approved in the end. process was fine, nothing exceptional either way.",,0
ACCT-0001868,2024-11-26,39.0,female,south,bachelor,full_time,standard,online,True,False,685,7442.88,89667.2,22752.58,0.2537,65862.59,0.1001,72,1220.48,87874.91,1,1.0,752,8.0,rates were competitive and the funds came through quickly. easy to track payments through the mobile app.,,0
ACCT-0001763,2023-04-10,39.0,female,pacific,high_school,full_time,basic,online,True,False,712,6813.43,81904.57,33432.7,0.4082,87241.04,0.1436,24,4203.35,100880.52,1,2.0,937,10.0,"very smooth application process and the agent was helpful. transparent fees, no hidden charges that I noticed.",,0
ACCT-0002173,2024-03-01,65.0,female,midwest,graduate,full_time,standard,online,False,False,720,4707.76,56615.55,,0.1857,40502.34,0.0979,60,856.3,51377.75,0,0.0,826,10.0,still evaluating against other offers from competitor banks. documentation requirements were typical for this kind of loan.,,0
ACCT-0002225,2023-05-30,52.0,female,south,bachelor,part_time,standard,branch,True,False,673,5406.66,65252.87,19151.72,0.2935,23828.28,0.0756,72,412.67,29712.35,1,0.0,1453,10.0,"great customer service, will recommend to friends and family. easy to track payments through the mobile app.",,0
ACCT-0002378,2023-05-25,45.0,male,northeast,bachelor,full_time,standard,online,True,True,614,3068.92,36922.29,19718.43,0.5341,30168.63,0.0558,24,1331.39,31953.47,3,2.0,450,10.0,"easy to track payments through the mobile app. great customer service, will recommend to friends and family.",,0
ACCT-0001017,2022-10-03,33.0,nonbinary,northeast,high_school,full_time,premium,mobile,True,False,688,2152.6,25715.25,7119.09,0.2768,34793.84,0.025,72,520.9,37504.76,0,3.0,883,5.0,documentation requirements were typical for this kind of loan. still evaluating against other offers from competitor banks. took longer than expected but got approved in the end.,,0
ACCT-0001481,2024-07-28,27.0,female,midwest,bachelor,full_time,premium,mobile,True,False,672,8249.99,99086.05,24998.48,0.2523,64101.08,0.079,12,5573.08,66876.92,0,1.0,738,5.0,very smooth application process and the agent was helpful.,,0
ACCT-0002322,2023-04-28,19.0,female,west,bachelor,full_time,premium,online,False,False,568,4527.3,54465.7,25189.07,0.4625,40191.47,0.0987,12,3530.99,42371.94,1,1.0,1144,7.0,"process was fine, nothing exceptional either way.",2023-09-09,1
ACCT-0000195,2022-07-19,22.0,female,pacific,high_school,self_employed,basic,mobile,False,False,739,3161.58,37881.54,13884.92,0.3665,45067.83,0.0873,84,718.89,60386.91,1,0.0,615,8.0,still evaluating against other offers from competitor banks. documentation requirements were typical for this kind of loan.,,0
ACCT-0000042,2024-02-21,35.0,male,west,graduate,self_employed,standard,online,False,False,681,7044.38,84579.65,14777.91,0.1747,36695.01,0.1269,24,1739.22,41741.33,0,1.0,141,7.0,still evaluating against other offers from competitor banks. took longer than expected but got approved in the end.,,0
ACCT-0001104,2022-09-03,34.0,male,northeast,high_school,full_time,premium,branch,False,True,701,1704.02,19981.06,8480.75,0.4244,11919.54,0.0641,36,364.81,13133.3,0,0.0,391,5.0,"process was fine, nothing exceptional either way. ok experience overall, no strong feelings to share. documentation requirements were typical for this kind of loan.",,0
ACCT-0002189,2024-02-17,41.0,female,south,graduate,full_time,standard,mobile,True,False,662,3008.41,35999.37,18389.67,0.5108,25671.69,0.1153,48,670.16,32167.52,2,0.0,168,3.0,"still evaluating against other offers from competitor banks. process was fine, nothing exceptional either way. documentation requirements were typical for this kind of loan.",,0
ACCT-0001615,2023-04-25,60.0,male,pacific,bachelor,full_time,standard,mobile,False,False,746,4482.19,53524.3,28489.52,0.5323,46606.32,0.0552,84,670.09,56287.59,0,3.0,254,4.0,"great customer service, will recommend to friends and family. very smooth application process and the agent was helpful. rates were competitive and the funds came through quickly.",,0
ACCT-0000438,2022-02-25,54.0,male,northeast,associate,full_time,premium,mobile,True,True,687,2390.43,28785.02,14612.17,0.5076,20872.16,0.0662,24,930.89,22341.27,1,,208,7.0,"took longer than expected but got approved in the end. process was fine, nothing exceptional either way.",,0
ACCT-0002415,2023-10-09,29.0,female,northeast,bachelor,full_time,standard,mobile,True,False,642,4970.58,59117.46,21547.11,0.3645,43181.05,0.0822,60,880.17,52810.07,0,0.0,244,10.0,took longer than expected but got approved in the end. still evaluating against other offers from competitor banks.,,0
ACCT-0001555,2024-08-03,50.0,female,midwest,bachelor,part_time,basic,online,True,True,644,4623.19,55471.19,16086.26,0.29,25304.41,0.0369,36,743.61,26769.92,0,2.0,1363,6.0,"ok experience overall, no strong feelings to share. still evaluating against other offers from competitor banks. process was fine, nothing exceptional either way.",,0
ACCT-0001524,2023-07-31,32.0,male,south,graduate,full_time,premium,mobile,False,True,731,5661.97,67686.11,18827.78,0.2782,91027.5,0.0388,48,2050.36,98417.35,1,0.0,613,7.0,very smooth application process and the agent was helpful.,,0
ACCT-0001594,2022-01-01,48.0,male,south,bachelor,full_time,basic,mobile,False,False,713,4829.17,58299.53,19687.09,0.3377,35280.29,0.1101,24,1644.49,39467.75,1,1.0,557,9.0,rates were competitive and the funds came through quickly. very smooth application process and the agent was helpful.,,0
ACCT-0001764,2023-01-13,53.0,female,northeast,bachelor,full_time,standard,branch,True,False,585,4782.49,57588.44,25447.35,0.4419,40455.75,0.1102,12,3575.89,42910.72,0,1.0,248,8.0,"very smooth application process and the agent was helpful. great customer service, will recommend to friends and family.",,0
ACCT-0000958,2024-03-15,38.0,male,midwest,bachelor,self_employed,basic,branch,True,False,774,1642.39,20105.08,5110.1,0.2542,28041.37,0.1144,84,486.66,40879.44,2,0.0,657,9.0,"process was fine, nothing exceptional either way.",,0
ACCT-0002491,2022-12-14,41.0,male,northeast,bachelor,part_time,premium,mobile,False,True,731,6675.69,79967.8,34843.69,0.4357,68954.45,0.1222,12,6133.49,73601.9,1,1.0,418,8.0,"took longer than expected but got approved in the end. ok experience overall, no strong feelings to share.",,0
ACCT-0000682,2023-09-21,51.0,male,midwest,bachelor,self_employed,premium,online,False,True,786,6578.67,78789.56,19169.2,0.2433,109799.51,0.0897,24,5014.69,120352.5,1,3.0,1173,5.0,took longer than expected but got approved in the end. still evaluating against other offers from competitor banks.,,0
ACCT-0001546,2024-10-19,26.0,female,midwest,associate,full_time,standard,online,True,False,646,11363.57,136419.27,36498.19,0.2675,148974.08,0.1091,60,3232.36,193941.35,1,2.0,1494,8.0,"documentation requirements were typical for this kind of loan. still evaluating against other offers from competitor banks. ok experience overall, no strong feelings to share.",,0
ACCT-0002465,2024-01-11,44.0,male,south,associate,full_time,premium,agent,True,False,742,3421.32,40731.56,10910.1,0.2679,20259.26,0.1036,36,657.17,23658.2,3,2.0,359,6.0,"very smooth application process and the agent was helpful. transparent fees, no hidden charges that I noticed.",,0
ACCT-0000651,2023-05-20,28.0,female,northeast,bachelor,full_time,standard,online,False,True,716,4005.22,47857.02,31917.73,0.6669,50735.06,0.0933,24,2325.39,55809.41,2,2.0,1419,8.0,"ok experience overall, no strong feelings to share. documentation requirements were typical for this kind of loan.",,0
ACCT-0001385,2024-08-14,40.0,male,midwest,high_school,contract,basic,online,True,True,682,1681.51,20689.59,3763.3,0.1819,9311.92,0.1115,36,305.53,10999.12,0,6.0,1213,8.0,"great customer service, will recommend to friends and family. transparent fees, no hidden charges that I noticed. rates were competitive and the funds came through quickly.",,0
ACCT-0001032,2022-08-23,46.0,female,south,bachelor,full_time,premium,online,True,False,679,2035.0,24288.31,10649.22,0.4385,27217.39,0.0975,24,1252.87,30068.78,3,0.0,614,8.0,took longer than expected but got approved in the end. documentation requirements were typical for this kind of loan.,,0
ACCT-0000930,2023-10-28,40.0,male,midwest,bachelor,full_time,basic,online,True,False,564,2888.16,34857.31,24491.83,0.7026,45018.86,0.1125,12,3984.07,47808.86,1,1.0,1265,7.0,still evaluating against other offers from competitor banks. took longer than expected but got approved in the end.,,0
ACCT-0001639,2024-07-26,43.0,female,pacific,bachelor,full_time,basic,mobile,True,False,763,5541.4,66807.29,20326.02,0.3042,62525.59,0.0591,12,5378.79,64545.47,0,1.0,1047,10.0,"rates were competitive and the funds came through quickly. transparent fees, no hidden charges that I noticed.",,0
ACCT-0000202,2022-12-13,54.0,female,south,high_school,full_time,basic,online,False,True,749,8289.7,99274.71,29674.27,0.2989,137807.32,0.025,36,3977.31,143183.12,0,1.0,1201,6.0,"documentation requirements were typical for this kind of loan. ok experience overall, no strong feelings to share. still evaluating against other offers from competitor banks.",,0
ACCT-0001361,2023-05-01,23.0,male,northeast,bachelor,full_time,standard,agent,True,False,731,1047.85,12859.59,12866.98,1.0006,12636.18,0.0652,36,387.42,13946.98,1,0.0,475,9.0,rates were competitive and the funds came through quickly.,,0
ACCT-0000076,2024-02-27,48.0,male,west,associate,full_time,basic,mobile,False,True,797,4294.69,51878.4,11585.1,0.2233,56463.63,0.0528,24,2484.32,59623.8,1,0.0,132,3.0,,,0
ACCT-0000751,2022-02-11,27.0,female,south,bachelor,part_time,standard,online,False,True,707,2886.09,34976.04,19862.39,0.5679,31836.81,0.0448,12,2717.94,32615.34,2,0.0,1372,5.0,"great customer service, will recommend to friends and family. transparent fees, no hidden charges that I noticed. rates were competitive and the funds came through quickly.",,0
ACCT-0000197,2024-09-18,70.0,female,south,bachelor,full_time,standard,online,False,False,626,10968.31,131812.28,29114.63,0.2209,139188.27,0.1361,48,3776.33,181263.77,0,0.0,1373,6.0,"took longer than expected but got approved in the end. ok experience overall, no strong feelings to share.",,0
ACCT-0000732,2023-04-10,44.0,female,south,associate,part_time,standard,online,True,False,547,5512.52,66517.94,15006.06,0.2256,32296.77,0.1238,72,637.82,45922.7,1,2.0,192,5.0,"transparent fees, no hidden charges that I noticed. rates were competitive and the funds came through quickly.",,0
ACCT-0002150,2024-10-03,29.0,female,west,high_school,full_time,basic,online,True,False,729,3806.34,45595.09,20597.48,0.4517,54495.63,0.0608,24,2417.27,58014.39,0,2.0,603,10.0,support never returned my calls about the missed payment. the agent kept rescheduling and the process took weeks.,2025-02-02,1
ACCT-0002219,2022-07-28,43.0,female,midwest,associate,full_time,basic,online,True,False,683,4792.76,57729.39,21583.83,0.3739,48337.38,0.0733,48,1164.89,55914.88,0,3.0,607,10.0,very smooth application process and the agent was helpful.,,0
ACCT-0000734,2022-11-29,48.0,male,south,bachelor,self_employed,basic,mobile,True,True,761,2356.79,27838.28,9378.93,0.3369,20633.3,0.1009,60,439.3,26357.93,2,3.0,1389,8.0,"transparent fees, no hidden charges that I noticed.",,0
ACCT-0000290,2023-06-30,36.0,female,midwest,high_school,full_time,basic,online,False,True,823,4432.67,53014.98,9443.14,0.1781,29287.52,0.0824,24,1327.79,31867.05,0,1.0,747,4.0,rates were competitive and the funds came through quickly.,,0
ACCT-0001436,2024-10-29,66.0,female,northeast,graduate,self_employed,premium,agent,True,False,758,5220.03,62678.13,12772.27,0.2038,63582.62,0.0712,60,1262.63,75757.9,3,0.0,393,3.0,rates were competitive and the funds came through quickly.,,0
ACCT-0000606,2024-05-12,56.0,male,northeast,associate,self_employed,basic,online,True,False,660,2437.55,29543.03,5890.33,0.1994,33532.76,0.0798,60,679.52,40771.42,0,1.0,569,3.0,"fees were not explained clearly upfront, very disappointing. support never returned my calls about the missed payment.",2024-06-12,1
ACCT-0001891,2023-02-02,33.0,male,south,bachelor,full_time,basic,branch,False,False,749,4912.46,58805.7,14717.37,0.2503,47045.39,0.0808,24,2129.53,51108.74,0,1.0,1268,10.0,"transparent fees, no hidden charges that I noticed. very smooth application process and the agent was helpful.",,0
ACCT-0001960,2022-03-25,44.0,female,midwest,bachelor,full_time,premium,mobile,False,False,589,1224.68,14771.11,15859.57,1.0737,19382.9,0.0718,60,385.41,23124.59,1,0.0,922,10.0,easy to track payments through the mobile app. rates were competitive and the funds came through quickly.,,0
ACCT-0002498,2024-02-02,25.0,female,south,bachelor,full_time,basic,online,True,False,695,3175.33,37670.31,9813.06,0.2605,23085.95,0.057,60,443.11,26586.3,0,1.0,1325,10.0,"still evaluating against other offers from competitor banks. process was fine, nothing exceptional either way.",,0
ACCT-0002387,2022-09-24,38.0,male,midwest,bachelor,full_time,basic,branch,True,False,637,3258.92,39112.18,9884.07,0.2527,49869.47,0.1116,12,4411.19,52934.24,1,1.0,348,7.0,"still evaluating against other offers from competitor banks. process was fine, nothing exceptional either way.",,0
ACCT-0000403,2022-12-21,27.0,female,south,bachelor,full_time,standard,online,False,True,756,4948.75,59409.27,14073.53,0.2369,19403.88,0.0831,72,343.18,24708.65,1,0.0,33,7.0,rates were competitive and the funds came through quickly. very smooth application process and the agent was helpful.,,0
ACCT-0001090,2022-02-17,53.0,female,midwest,bachelor,full_time,standard,agent,True,False,795,4503.4,54196.13,19746.41,0.3644,66485.56,0.086,72,1185.31,85342.64,0,0.0,947,7.0,"process was fine, nothing exceptional either way. documentation requirements were typical for this kind of loan. ok experience overall, no strong feelings to share.",,0
ACCT-0000882,2023-09-20,39.0,male,south,associate,part_time,basic,branch,False,False,710,2572.44,30673.74,16581.69,0.5406,17613.89,0.1059,72,331.55,23871.77,0,0.0,489,9.0,"transparent fees, no hidden charges that I noticed. great customer service, will recommend to friends and family.",,0
ACCT-0000737,2023-04-14,33.0,female,west,bachelor,full_time,standard,online,True,False,626,2166.22,26261.28,13359.44,0.5087,33795.25,0.0512,72,546.21,39326.9,2,3.0,144,2.0,documentation requirements were typical for this kind of loan.,,0
ACCT-0002442,2022-08-07,26.0,male,south,bachelor,full_time,standard,online,True,False,778,3664.94,43871.07,18501.49,0.4217,38277.37,0.1049,12,3374.0,40488.06,4,2.0,105,9.0,documentation requirements were typical for this kind of loan.,,0
ACCT-0000314,2022-07-20,52.0,male,west,bachelor,self_employed,basic,online,False,False,850,6420.15,77220.92,31862.57,0.4126,25974.35,0.0752,72,449.39,32356.39,3,0.0,35,8.0,"very smooth application process and the agent was helpful. great customer service, will recommend to friends and family.",,0
ACCT-0000909,2022-09-20,59.0,male,northeast,bachelor,full_time,basic,mobile,True,True,699,4306.92,51741.05,9924.06,0.1918,59838.15,0.0866,24,2724.3,65383.2,0,3.0,1425,8.0,"great customer service, will recommend to friends and family. rates were competitive and the funds came through quickly. very smooth application process and the agent was helpful.",,0
ACCT-0000108,2022-06-01,34.0,male,midwest,high_school,contract,standard,online,True,True,600,5040.41,60451.76,28184.53,0.4662,78852.48,0.0655,72,1327.23,95560.79,1,0.0,450,6.0,"process was fine, nothing exceptional either way. still evaluating against other offers from competitor banks.",,0
ACCT-0000045,2023-04-13,58.0,female,pacific,associate,part_time,basic,agent,True,False,687,3156.48,37659.93,11061.25,0.2937,44263.76,0.0872,12,3865.1,46381.15,0,3.0,263,7.0,rates were competitive and the funds came through quickly. easy to track payments through the mobile app.,,0
ACCT-0002064,2024-12-11,28.0,male,south,bachelor,full_time,standard,online,True,True,578,2956.63,35871.53,16245.89,0.4529,32098.9,0.1034,48,819.39,39330.55,0,2.0,947,6.0,easy to track payments through the mobile app. very smooth application process and the agent was helpful.,,0
ACCT-0001993,2023-01-29,48.0,male,midwest,graduate,self_employed,basic,online,False,False,673,5086.65,60663.96,14991.44,0.2471,54876.69,0.1056,60,1181.15,70868.88,1,2.0,458,8.0,"transparent fees, no hidden charges that I noticed. great customer service, will recommend to friends and family. easy to track payments through the mobile app.",,0
ACCT-0001892,2022-07-21,38.0,male,south,bachelor,self_employed,standard,online,True,False,714,4324.92,51816.26,13953.59,0.2693,26697.71,0.086,72,476.01,34272.47,0,1.0,75,7.0,"transparent fees, no hidden charges that I noticed. easy to track payments through the mobile app.",,0
ACCT-0000257,2024-04-11,23.0,female,northeast,bachelor,full_time,basic,mobile,True,False,769,5934.02,71651.17,24828.12,0.3465,53247.66,0.0878,36,1687.88,60763.62,0,2.0,611,6.0,easy to track payments through the mobile app.,,0
ACCT-0001809,2023-01-19,48.0,female,northeast,bachelor,full_time,basic,mobile,True,False,756,5100.89,60884.17,15417.06,0.2532,64743.31,0.099,84,1071.38,89996.11,0,2.0,1404,6.0,rates were competitive and the funds came through quickly.,,0
ACCT-0000034,2024-09-30,28.0,female,west,bachelor,full_time,premium,mobile,True,False,603,4552.21,54440.24,15904.63,0.2921,29087.14,0.1135,36,957.11,34456.14,2,2.0,1430,10.0,took longer than expected but got approved in the end. still evaluating against other offers from competitor banks.,,0
ACCT-0001186,2024-05-24,52.0,female,west,associate,full_time,standard,online,False,False,573,1743.35,21082.51,5214.28,0.2473,28197.34,0.1031,60,603.49,36209.2,3,3.0,401,8.0,rates were competitive and the funds came through quickly. easy to track payments through the mobile app.,,0
ACCT-0000095,2023-05-25,40.0,female,south,graduate,full_time,standard,agent,True,True,650,6007.77,72417.07,15994.06,0.2209,23145.76,0.0863,36,732.02,26352.75,0,2.0,68,5.0,still evaluating against other offers from competitor banks. took longer than expected but got approved in the end.,,0
ACCT-0001761,2023-07-13,33.0,male,south,graduate,full_time,premium,branch,False,False,777,5571.24,67253.29,10383.24,0.1544,42663.62,0.043,72,673.34,48480.22,0,2.0,337,5.0,"very smooth application process and the agent was helpful. great customer service, will recommend to friends and family.",,0
ACCT-0001062,2022-12-15,43.0,male,west,bachelor,part_time,standard,online,False,False,630,10686.73,128235.88,25069.44,0.1955,55411.67,0.0792,24,2504.02,60096.49,1,3.0,246,9.0,"still evaluating against other offers from competitor banks. process was fine, nothing exceptional either way.",2023-01-27,1
ACCT-0000562,2024-08-05,37.0,male,south,bachelor,part_time,premium,agent,True,False,734,6071.24,72812.22,12713.38,0.1746,48049.55,0.0675,60,945.8,56747.95,1,2.0,173,9.0,"easy to track payments through the mobile app. transparent fees, no hidden charges that I noticed. great customer service, will recommend to friends and family.",,0
ACCT-0001544,2023-04-08,32.0,male,northeast,bachelor,part_time,basic,mobile,True,False,640,3106.28,37005.78,16515.34,0.4463,47377.0,0.1215,24,2233.51,53604.31,2,2.0,1444,4.0,"ok experience overall, no strong feelings to share. documentation requirements were typical for this kind of loan.",,0
ACCT-0000952,2023-11-28,45.0,male,midwest,graduate,full_time,standard,branch,True,True,576,3273.76,39167.68,18328.85,0.468,47120.14,0.1033,24,2181.54,52357.06,5,1.0,907,9.0,rates were competitive and the funds came through quickly. very smooth application process and the agent was helpful.,,0
ACCT-0000407,2023-10-04,39.0,male,south,graduate,full_time,basic,branch,True,False,683,5364.7,64019.34,12181.86,0.1903,45906.22,0.1017,84,766.14,64355.38,1,0.0,476,5.0,"great customer service, will recommend to friends and family. very smooth application process and the agent was helpful.",,0
ACCT-0001529,2022-05-05,23.0,female,south,bachelor,full_time,basic,mobile,True,False,609,6053.73,72606.82,15695.22,0.2162,67503.47,0.1263,72,1341.78,96608.32,2,1.0,1466,6.0,easy to track payments through the mobile app.,,0
ACCT-0000790,2022-01-14,27.0,female,midwest,bachelor,full_time,standard,branch,False,False,785,5388.93,64462.67,17022.39,0.2641,16233.71,0.1027,36,525.89,18932.02,0,0.0,471,4.0,took longer than expected but got approved in the end. documentation requirements were typical for this kind of loan.,,0
ACCT-0000356,2023-11-11,44.0,male,midwest,graduate,self_employed,basic,branch,True,False,797,4812.15,57995.11,12687.37,0.2188,42477.89,0.0523,72,688.58,49577.7,2,3.0,1480,9.0,"transparent fees, no hidden charges that I noticed. easy to track payments through the mobile app.",,0
ACCT-0001967,2024-07-28,30.0,female,midwest,bachelor,full_time,premium,online,True,False,745,4597.81,54952.99,9006.85,0.1639,50247.11,0.077,12,4363.97,52367.62,0,1.0,504,,"great customer service, will recommend to friends and family.",,0
ACCT-0002107,2022-07-17,46.0,female,south,bachelor,full_time,standard,online,False,True,687,9197.15,110557.25,25109.84,0.2271,135370.68,0.0929,36,4322.97,155626.91,0,2.0,866,9.0,"great customer service, will recommend to friends and family.",,0
ACCT-0000249,2022-11-22,46.0,male,midwest,bachelor,self_employed,standard,online,False,True,627,4811.7,57716.23,20537.02,0.3558,43479.68,0.1204,72,851.02,61273.26,1,3.0,816,6.0,"process was fine, nothing exceptional either way. ok experience overall, no strong feelings to share.",,0
ACCT-0002050,2024-08-09,20.0,female,midwest,high_school,contract,standard,branch,False,False,633,11011.65,132012.41,33361.33,0.2527,53979.79,0.0742,48,1303.2,62553.76,1,1.0,155,9.0,,2025-12-01,1
ACCT-0001205,2024-09-10,47.0,female,west,bachelor,part_time,basic,agent,True,True,643,4911.72,59059.66,17465.47,0.2957,50876.21,0.1106,48,1316.42,63188.21,2,3.0,1240,4.0,"process was fine, nothing exceptional either way.",,0
ACCT-0001232,2022-10-28,43.0,female,midwest,bachelor,full_time,basic,mobile,False,False,561,3468.12,41584.37,20267.68,0.4874,23668.74,0.1168,24,1110.65,26655.58,3,1.0,699,10.0,still evaluating against other offers from competitor banks.,,0
ACCT-0001820,2022-03-11,21.0,nonbinary,northeast,bachelor,part_time,basic,online,False,False,808,6069.8,72804.25,15366.99,0.2111,94159.37,0.0719,36,2915.43,104955.39,1,1.0,378,6.0,"rates were competitive and the funds came through quickly. transparent fees, no hidden charges that I noticed.",,0
ACCT-0001409,2023-10-05,39.0,female,northeast,bachelor,full_time,standard,branch,True,False,806,3707.81,44510.64,9288.54,0.2087,24053.09,0.0577,84,348.74,29293.81,0,0.0,1285,7.0,rates were competitive and the funds came through quickly.,,0
ACCT-0001681,2023-04-01,46.0,male,northeast,bachelor,full_time,basic,branch,False,True,698,3588.1,43783.46,17736.13,0.4051,20581.69,0.1109,12,1819.93,21839.15,1,0.0,719,6.0,"still evaluating against other offers from competitor banks. process was fine, nothing exceptional either way.",,0
ACCT-0002489,2024-06-26,23.0,female,south,bachelor,full_time,basic,branch,True,False,674,1755.1,21662.2,11041.06,0.5097,23813.15,0.1088,48,614.08,29475.95,3,0.0,1031,8.0,the autopay system charged me twice in the same month. the agent kept rescheduling and the process took weeks.,2024-12-30,1
ACCT-0001859,2023-06-15,28.0,male,south,bachelor,self_employed,standard,online,False,False,812,3849.88,45712.7,17768.83,0.3887,28557.56,0.043,60,529.83,31790.08,1,,812,6.0,easy to track payments through the mobile app. very smooth application process and the agent was helpful.,,0
ACCT-0001852,2022-11-26,52.0,male,south,graduate,full_time,standard,branch,True,False,789,4654.31,56045.82,16928.73,0.3021,26336.23,0.0853,48,649.49,31175.55,0,0.0,502,3.0,documentation requirements were typical for this kind of loan. took longer than expected but got approved in the end. still evaluating against other offers from competitor banks.,2023-08-20,1
ACCT-0002120,2022-01-10,46.0,male,midwest,high_school,full_time,basic,mobile,False,True,718,2546.23,30892.08,11861.86,0.384,34741.6,0.0963,24,1597.22,38333.3,0,3.0,1137,9.0,"process was fine, nothing exceptional either way. took longer than expected but got approved in the end. still evaluating against other offers from competitor banks.",,0
ACCT-0000284,2024-11-22,21.0,female,pacific,bachelor,full_time,basic,mobile,False,False,729,4546.23,54578.23,15968.27,0.2926,70075.58,0.1026,36,2269.78,81712.23,0,3.0,1044,10.0,"fees were not explained clearly upfront, very disappointing.",2026-01-07,1
ACCT-0002283,2023-10-13,37.0,male,northeast,bachelor,full_time,basic,online,True,False,594,12242.69,147165.99,34097.9,0.2317,150039.21,0.123,84,2672.77,224512.91,0,2.0,252,5.0,"great customer service, will recommend to friends and family. transparent fees, no hidden charges that I noticed.",,0
ACCT-0001433,2022-11-05,56.0,female,south,bachelor,full_time,standard,mobile,True,False,767,5163.13,62190.68,14349.04,0.2307,77989.47,0.0673,60,1534.47,92068.38,1,0.0,128,5.0,"transparent fees, no hidden charges that I noticed.",,0
ACCT-0002253,2022-06-18,35.0,female,midwest,bachelor,full_time,basic,online,True,False,599,4334.23,51896.06,36170.32,0.697,56130.85,0.1386,84,1047.45,87986.04,2,5.0,916,5.0,"transparent fees, no hidden charges that I noticed. great customer service, will recommend to friends and family.",,0
ACCT-0002018,2023-09-06,18.0,female,northeast,bachelor,full_time,basic,mobile,False,False,776,3652.5,43643.94,9642.94,0.2209,18658.08,0.0666,60,366.43,21985.57,1,1.0,31,5.0,easy to track payments through the mobile app.,,0
ACCT-0000428,2024-04-04,39.0,female,midwest,bachelor,full_time,basic,mobile,False,False,714,3567.98,42279.09,10313.14,0.2439,40531.63,0.1044,84,682.09,57295.21,2,1.0,563,4.0,very smooth application process and the agent was helpful.,,0
ACCT-0002014,2022-05-14,35.0,female,northeast,bachelor,self_employed,premium,online,True,False,836,3681.72,44007.25,17446.78,0.3965,45294.09,0.0405,84,620.13,52090.66,0,0.0,970,10.0,"very smooth application process and the agent was helpful. great customer service, will recommend to friends and family. rates were competitive and the funds came through quickly.",,0
ACCT-0001423,2022-10-22,42.0,male,pacific,bachelor,part_time,premium,mobile,False,False,637,10372.15,124702.9,23213.69,0.1862,144758.56,0.1095,60,3143.54,188612.52,1,2.0,318,2.0,"rates were competitive and the funds came through quickly. transparent fees, no hidden charges that I noticed.",,0
ACCT-0000116,2022-09-18,28.0,male,northeast,graduate,self_employed,basic,branch,False,False,800,6391.43,76540.79,13670.04,0.1786,102755.12,0.0621,24,4564.02,109536.43,0,,477,6.0,"great customer service, will recommend to friends and family.",,0
ACCT-0001861,2023-01-04,18.0,female,south,high_school,full_time,standard,online,True,False,650,7941.03,95391.24,20074.44,0.2104,41032.9,0.0697,36,1266.48,45593.21,1,1.0,1124,10.0,"great customer service, will recommend to friends and family.",,0
ACCT-0001152,2022-03-24,50.0,female,northeast,high_school,full_time,basic,online,True,True,497,4213.59,50469.67,13492.07,0.2673,21316.4,0.1252,24,1008.65,24207.59,0,1.0,586,5.0,took longer than expected but got approved in the end.,,0
ACCT-0002477,2023-12-10,36.0,female,northeast,graduate,full_time,basic,online,False,False,848,3384.75,40261.39,20577.8,0.5111,34358.11,0.0846,24,1561.08,37466.0,1,2.0,1455,5.0,"ok experience overall, no strong feelings to share.",,0
ACCT-0000757,2022-08-13,41.0,male,west,bachelor,full_time,basic,branch,True,False,635,5947.27,71363.83,22180.3,0.3108,78045.9,0.0753,24,3513.12,84314.79,0,2.0,1225,8.0,documentation requirements were typical for this kind of loan.,,0
ACCT-0001771,2022-06-15,50.0,female,northeast,high_school,full_time,standard,online,True,False,691,4107.61,49308.49,10561.17,0.2142,54784.47,0.1209,12,4869.92,58439.09,0,0.0,349,7.0,"transparent fees, no hidden charges that I noticed.",,0
ACCT-0000506,2023-01-21,52.0,male,west,bachelor,self_employed,basic,agent,True,False,655,3602.09,43320.37,8963.87,0.2069,42260.85,0.0675,24,1887.43,45298.43,2,1.0,982,8.0,support never returned my calls about the missed payment. the autopay system charged me twice in the same month.,2023-06-28,1
ACCT-0000699,2022-10-10,39.0,male,pacific,high_school,full_time,standard,online,False,True,581,2788.7,33130.28,18429.91,0.5563,25552.38,0.0968,84,420.05,35284.15,1,1.0,758,3.0,the autopay system charged me twice in the same month. support never returned my calls about the missed payment. interest rate jumped after the first quarter without warning.,2023-02-26,1
ACCT-0002356,2023-02-07,38.0,female,south,bachelor,part_time,premium,online,True,False,612,4485.76,53873.86,25244.53,0.4686,70583.68,0.0828,84,1110.0,93239.8,2,2.0,1420,5.0,documentation requirements were typical for this kind of loan.,,0
ACCT-0001926,2024-11-25,38.0,female,west,associate,self_employed,standard,mobile,False,False,715,7192.7,85840.64,20536.89,0.2392,42150.15,0.1032,72,787.74,56717.0,0,2.0,980,4.0,easy to track payments through the mobile app.,,0
ACCT-0000832,2023-03-22,48.0,male,northeast,high_school,full_time,basic,branch,False,True,673,4466.3,53621.74,8524.09,0.159,40574.06,0.0962,72,743.99,53567.05,1,2.0,56,3.0,rates were competitive and the funds came through quickly.,,0
ACCT-0001332,2022-11-29,28.0,male,midwest,high_school,full_time,standard,online,False,True,775,3193.74,38124.73,7959.53,0.2088,15535.38,0.0747,84,238.02,19994.06,0,2.0,430,8.0,"rates were competitive and the funds came through quickly. transparent fees, no hidden charges that I noticed.",,0
ACCT-0001355,2024-01-30,54.0,female,northeast,bachelor,full_time,basic,online,False,False,793,5052.69,60365.04,12342.35,0.2045,59412.01,0.0567,24,2624.27,62982.46,1,1.0,1423,7.0,took longer than expected but got approved in the end.,,0
ACCT-0002108,2023-02-19,37.0,male,south,high_school,full_time,basic,online,False,False,639,3137.68,37515.35,30611.83,0.816,39757.23,0.0724,12,3444.51,41334.12,3,2.0,96,6.0,"ok experience overall, no strong feelings to share. took longer than expected but got approved in the end.",,0
ACCT-0002300,2024-11-11,47.0,female,west,bachelor,part_time,basic,mobile,False,False,643,2918.57,34837.53,11363.99,0.3262,10130.9,0.1011,36,327.43,11787.64,3,1.0,82,10.0,documentation requirements were typical for this kind of loan. took longer than expected but got approved in the end.,,0
ACCT-0001387,2024-11-15,31.0,male,midwest,associate,full_time,standard,branch,True,True,557,6082.73,72995.3,30471.46,0.4174,75880.53,0.1202,84,1340.37,112591.24,0,1.0,1491,10.0,"great customer service, will recommend to friends and family.",,0
ACCT-0000142,2023-12-18,40.0,male,west,bachelor,full_time,standard,online,False,True,725,3511.78,42083.95,12582.35,0.299,17190.93,0.0916,60,358.23,21493.68,3,4.0,1429,4.0,"rates were competitive and the funds came through quickly. great customer service, will recommend to friends and family. very smooth application process and the agent was helpful.",,0
ACCT-0001865,2023-11-28,27.0,male,south,bachelor,self_employed,standard,branch,True,False,609,3892.91,46673.26,9249.85,0.1982,27996.13,0.0803,24,1266.54,30396.91,0,0.0,1160,10.0,"very smooth application process and the agent was helpful. transparent fees, no hidden charges that I noticed.",,0
ACCT-0001651,2024-06-20,34.0,female,northeast,associate,self_employed,basic,branch,True,True,633,2822.16,33982.24,12283.92,0.3615,37135.63,0.0531,84,530.26,44541.95,1,2.0,98,3.0,"ok experience overall, no strong feelings to share. took longer than expected but got approved in the end.",,0
ACCT-0001289,2024-09-18,29.0,female,south,associate,full_time,standard,online,False,False,675,6271.82,75030.89,15678.65,0.209,55806.09,0.0661,12,4818.61,57823.33,0,1.0,1489,9.0,"process was fine, nothing exceptional either way. documentation requirements were typical for this kind of loan. took longer than expected but got approved in the end.",,0
ACCT-0000427,2023-05-14,29.0,female,south,associate,full_time,standard,online,False,False,731,5764.09,69215.28,30450.27,0.4399,88862.28,0.0441,36,2639.87,95035.14,2,1.0,151,10.0,"fees were not explained clearly upfront, very disappointing. interest rate jumped after the first quarter without warning. the autopay system charged me twice in the same month.",2024-05-26,1
ACCT-0000196,2023-09-13,41.0,male,west,bachelor,part_time,standard,mobile,False,False,737,4972.49,59782.06,24352.53,0.4074,83429.01,0.1011,84,1389.86,116748.45,0,0.0,848,6.0,"transparent fees, no hidden charges that I noticed. rates were competitive and the funds came through quickly.",,0
ACCT-0001125,2023-10-25,42.0,female,pacific,bachelor,full_time,standard,online,True,False,554,3154.05,37951.29,19167.38,0.5051,52991.36,0.0726,36,1642.41,59126.93,2,0.0,1246,,still evaluating against other offers from competitor banks.,,0
ACCT-0002381,2023-03-06,55.0,male,pacific,bachelor,full_time,basic,agent,True,False,672,1257.31,14977.21,4761.8,0.3179,11763.21,0.0845,24,534.44,12826.68,0,1.0,89,9.0,still evaluating against other offers from competitor banks. documentation requirements were typical for this kind of loan. took longer than expected but got approved in the end.,2024-02-05,1
ACCT-0000160,2023-09-06,51.0,male,south,bachelor,full_time,basic,mobile,True,False,738,2809.64,33632.29,9051.78,0.2691,39198.64,0.0411,84,537.79,45174.77,0,2.0,840,6.0,took longer than expected but got approved in the end.,,0
ACCT-0000436,2024-07-30,47.0,female,midwest,bachelor,part_time,basic,online,True,False,674,4369.32,52279.71,12678.1,0.2425,57911.6,0.0689,84,870.91,73156.42,0,1.0,297,2.0,"process was fine, nothing exceptional either way. ok experience overall, no strong feelings to share.",2025-05-21,1
ACCT-0002033,2024-08-24,51.0,female,west,bachelor,self_employed,basic,online,False,False,689,3660.71,43816.17,9723.05,0.2219,54656.95,0.1505,60,1301.73,78103.73,1,4.0,616,6.0,"rates were competitive and the funds came through quickly. transparent fees, no hidden charges that I noticed.",,0
ACCT-0002233,2024-04-24,45.0,female,south,graduate,full_time,basic,online,False,False,686,4604.78,54811.79,13175.74,0.2404,44938.37,0.0533,72,730.59,52602.82,1,2.0,1394,7.0,"ok experience overall, no strong feelings to share. took longer than expected but got approved in the end. documentation requirements were typical for this kind of loan.",,0
ACCT-0000123,2022-04-05,42.0,female,south,associate,contract,standard,online,True,False,487,5382.73,64703.07,19590.21,0.3028,87295.74,0.1381,36,2975.58,107120.84,0,1.0,1210,5.0,documentation requirements were typical for this kind of loan. took longer than expected but got approved in the end.,,0
ACCT-0002004,2023-10-06,31.0,male,west,associate,full_time,basic,online,False,False,745,6091.6,73391.44,24386.14,0.3323,27852.39,0.1168,72,539.94,38875.61,1,1.0,1012,5.0,easy to track payments through the mobile app. rates were competitive and the funds came through quickly. very smooth application process and the agent was helpful.,,0
ACCT-0002202,2024-01-11,42.0,female,northeast,associate,full_time,basic,online,True,False,613,4723.95,56602.62,18440.39,0.3258,37680.21,0.1247,12,3356.15,40273.83,0,3.0,1365,1.0,"rates were competitive and the funds came through quickly. transparent fees, no hidden charges that I noticed.",,0
ACCT-0001071,2022-03-25,43.0,female,south,graduate,full_time,standard,mobile,True,False,613,3303.11,39267.56,13247.57,0.3374,53097.9,0.0904,72,958.14,68985.91,0,1.0,708,3.0,easy to track payments through the mobile app. rates were competitive and the funds came through quickly.,,0
ACCT-0002481,2022-11-30,42.0,female,northeast,bachelor,full_time,basic,mobile,True,True,780,6540.69,78440.27,20453.01,0.2607,34695.98,0.0578,24,1534.25,36822.1,0,0.0,580,3.0,"easy to track payments through the mobile app. transparent fees, no hidden charges that I noticed. rates were competitive and the funds came through quickly.",,0
ACCT-0000326,2023-02-18,44.0,female,midwest,bachelor,full_time,standard,mobile,True,False,738,3667.2,44206.16,11494.75,0.26,12604.72,0.0957,24,579.12,13898.87,0,1.0,926,2.0,"rates were competitive and the funds came through quickly. transparent fees, no hidden charges that I noticed.",,0
ACCT-0002084,2023-11-02,44.0,male,northeast,bachelor,self_employed,basic,mobile,False,False,732,3670.35,44051.6,15792.96,0.3585,27109.35,0.0852,72,482.29,34725.17,0,0.0,1084,6.0,"process was fine, nothing exceptional either way. still evaluating against other offers from competitor banks. ok experience overall, no strong feelings to share.",,0
ACCT-0000331,2023-10-11,43.0,male,south,bachelor,full_time,basic,online,True,False,733,4418.26,53281.3,14033.84,0.2634,72442.64,0.1083,12,6396.7,76760.37,0,1.0,703,9.0,easy to track payments through the mobile app. rates were competitive and the funds came through quickly.,,0
ACCT-0000828,2022-03-14,32.0,male,midwest,bachelor,full_time,basic,online,False,False,713,2871.23,34546.64,25595.64,0.7409,13063.42,0.1053,48,334.64,16062.9,3,3.0,393,7.0,"took longer than expected but got approved in the end. process was fine, nothing exceptional either way.",,0
ACCT-0000684,2023-01-11,33.0,female,south,bachelor,contract,basic,branch,False,False,507,3384.27,40919.65,25360.89,0.6198,28821.75,0.1396,84,539.44,45312.73,2,2.0,639,,"ok experience overall, no strong feelings to share. still evaluating against other offers from competitor banks.",2024-06-22,1
ACCT-0002497,2022-03-18,23.0,male,south,bachelor,full_time,standard,mobile,True,True,703,3651.04,43796.12,12596.53,0.2876,18986.04,0.0718,48,456.19,21897.13,2,,945,8.0,"great customer service, will recommend to friends and family. very smooth application process and the agent was helpful.",,0
ACCT-0000262,2024-08-30,43.0,female,south,bachelor,full_time,premium,online,False,True,612,9517.91,113923.66,23294.12,0.2045,99929.41,0.1057,12,8812.1,105745.15,0,2.0,920,6.0,"transparent fees, no hidden charges that I noticed. rates were competitive and the funds came through quickly.",,0
ACCT-0000172,2023-07-30,20.0,female,pacific,high_school,part_time,basic,online,False,True,715,5217.01,62667.06,17023.26,0.2716,35732.97,0.0722,36,1106.91,39848.62,1,2.0,1408,,"easy to track payments through the mobile app. great customer service, will recommend to friends and family.",,0
ACCT-0001050,2023-08-25,33.0,male,west,high_school,full_time,basic,agent,False,True,583,7312.36,87554.58,15162.5,0.1732,63915.6,0.1408,24,3071.13,73707.07,0,0.0,79,7.0,"great customer service, will recommend to friends and family. transparent fees, no hidden charges that I noticed.",,0
ACCT-0001688,2022-08-28,30.0,female,south,bachelor,full_time,standard,online,False,True,683,4030.55,48309.55,15918.02,0.3295,53597.91,0.0829,36,1686.72,60721.77,1,1.0,873,5.0,,,0
ACCT-0000220,2023-06-30,42.0,male,midwest,associate,full_time,basic,mobile,True,True,685,3325.89,39616.76,12843.63,0.3242,21888.03,0.1032,12,1927.62,23131.38,0,1.0,180,4.0,"process was fine, nothing exceptional either way. documentation requirements were typical for this kind of loan. still evaluating against other offers from competitor banks.",,0
ACCT-0000316,2024-12-08,40.0,female,midwest,high_school,full_time,standard,online,True,False,756,4124.78,49012.31,12909.18,0.2634,23492.87,0.0766,36,732.5,26370.03,0,2.0,629,4.0,very smooth application process and the agent was helpful. easy to track payments through the mobile app.,,0
ACCT-0001369,2022-06-17,35.0,female,pacific,bachelor,full_time,basic,mobile,False,True,740,3383.03,40972.08,12384.82,0.3023,34515.87,0.0827,24,1565.39,37569.29,0,0.0,438,3.0,very smooth application process and the agent was helpful. easy to track payments through the mobile app.,,0
ACCT-0000984,2024-03-14,41.0,male,northeast,graduate,full_time,premium,mobile,True,True,627,5241.11,62853.08,18590.13,0.2958,57223.87,0.0794,60,1158.7,69521.75,0,3.0,961,3.0,the autopay system charged me twice in the same month. interest rate jumped after the first quarter without warning.,2024-10-28,1
ACCT-0002289,2023-10-29,75.0,male,west,bachelor,full_time,basic,mobile,True,False,739,3570.86,42974.62,13235.6,0.308,37331.39,0.056,84,538.29,45216.11,0,2.0,588,3.0,"process was fine, nothing exceptional either way.",,0
ACCT-0002005,2022-02-18,47.0,female,midwest,associate,full_time,standard,branch,True,False,702,4299.53,51456.26,12541.06,0.2437,44582.04,0.0666,24,1989.1,47738.4,0,,1249,9.0,"process was fine, nothing exceptional either way. took longer than expected but got approved in the end. documentation requirements were typical for this kind of loan.",,0
ACCT-0001875,2024-01-17,30.0,female,northeast,bachelor,part_time,basic,agent,True,True,698,3058.43,36583.32,14795.61,0.4044,34894.75,0.0648,84,517.79,43494.04,2,1.0,631,6.0,"process was fine, nothing exceptional either way. still evaluating against other offers from competitor banks.",,0
ACCT-0000401,2024-02-14,41.0,male,south,associate,part_time,standard,online,False,False,708,13850.73,165886.26,44282.83,0.2669,110990.78,0.1152,72,2142.3,154245.94,2,0.0,1197,4.0,"took longer than expected but got approved in the end. process was fine, nothing exceptional either way.",,0
ACCT-0000282,2022-11-01,49.0,male,west,bachelor,full_time,basic,online,False,False,750,1961.51,23417.39,13936.49,0.5951,18854.79,0.0716,36,583.54,21007.49,0,2.0,1361,,"great customer service, will recommend to friends and family.",,0
ACCT-0001177,2023-12-05,18.0,male,south,associate,self_employed,basic,mobile,False,True,624,3933.1,47138.71,18480.45,0.392,16017.33,0.0707,48,384.05,18434.28,0,0.0,93,2.0,very smooth application process and the agent was helpful.,,0
ACCT-0002264,2022-12-12,34.0,male,pacific,high_school,part_time,premium,branch,False,False,721,6629.93,79794.55,30443.56,0.3815,32723.53,0.0956,36,1049.1,37767.75,0,1.0,660,8.0,"still evaluating against other offers from competitor banks. process was fine, nothing exceptional either way.",,0
ACCT-0002042,2023-05-01,23.0,female,south,bachelor,full_time,standard,online,False,False,795,5121.91,61724.06,12249.1,0.1984,81722.13,0.0499,24,3584.99,86039.75,1,1.0,906,5.0,very smooth application process and the agent was helpful.,,0
ACCT-0001487,2023-06-29,43.0,male,northeast,bachelor,part_time,standard,branch,False,True,587,4996.31,60125.89,11467.49,0.1907,71184.0,0.0928,24,3261.17,78267.98,2,0.0,736,6.0,interest rate jumped after the first quarter without warning. the agent kept rescheduling and the process took weeks.,2023-12-02,1
ACCT-0001055,2024-05-01,40.0,female,west,bachelor,full_time,basic,online,True,False,698,4619.3,55444.03,13731.38,0.2477,39183.63,0.0839,60,801.79,48107.37,1,2.0,1301,7.0,rates were competitive and the funds came through quickly.,,0
ACCT-0000296,2023-12-25,43.0,male,west,associate,full_time,premium,online,False,False,572,1826.96,21639.06,21639.79,1.0,11571.29,0.1148,60,254.37,15261.96,1,3.0,982,5.0,documentation requirements were typical for this kind of loan.,2025-03-27,1
ACCT-0001945,2024-05-09,36.0,male,midwest,bachelor,full_time,standard,online,True,False,661,7034.52,84021.52,23845.09,0.2838,34815.04,0.0669,48,828.64,39774.86,1,0.0,462,6.0,"transparent fees, no hidden charges that I noticed. very smooth application process and the agent was helpful.",,0
ACCT-0000389,2023-01-29,52.0,female,south,bachelor,full_time,standard,agent,True,False,721,3247.03,39377.78,25955.89,0.6592,44044.85,0.0678,12,3806.59,45679.07,2,3.0,1184,9.0,very smooth application process and the agent was helpful.,,0
ACCT-0000322,2022-06-17,34.0,male,south,high_school,full_time,standard,online,False,False,757,3748.23,44655.1,15704.86,0.3517,18935.93,0.0816,60,385.44,23126.57,0,1.0,383,7.0,"process was fine, nothing exceptional either way. ok experience overall, no strong feelings to share. took longer than expected but got approved in the end.",,0
ACCT-0002471,2024-09-15,46.0,male,west,high_school,full_time,basic,mobile,True,False,783,4310.31,51320.32,13202.09,0.2572,55887.4,0.075,24,2514.82,60355.75,1,1.0,534,5.0,took longer than expected but got approved in the end.,,0
ACCT-0002094,2023-12-30,44.0,female,west,high_school,full_time,premium,agent,False,False,624,7568.3,91153.08,27033.72,0.2966,104709.67,0.1223,36,3489.17,125610.19,1,3.0,520,10.0,"easy to track payments through the mobile app. transparent fees, no hidden charges that I noticed.",,0
ACCT-0000381,2023-06-06,48.0,male,midwest,bachelor,full_time,standard,online,False,False,697,7483.96,89336.15,20748.03,0.2322,58996.27,0.0709,24,2643.7,63448.73,1,0.0,1098,7.0,very smooth application process and the agent was helpful. rates were competitive and the funds came through quickly.,,0
ACCT-0001010,2023-10-06,54.0,female,midwest,bachelor,full_time,standard,mobile,True,True,681,7534.44,90805.32,20663.31,0.2276,120805.86,0.0838,60,2471.81,148308.47,1,1.0,671,4.0,"transparent fees, no hidden charges that I noticed. great customer service, will recommend to friends and family.",,0
ACCT-0000925,2024-08-25,31.0,male,west,bachelor,part_time,basic,online,False,True,743,5488.72,66083.61,13791.41,0.2087,31614.2,0.0478,72,505.95,36428.21,0,0.0,585,5.0,"great customer service, will recommend to friends and family. rates were competitive and the funds came through quickly.",,0
ACCT-0002292,2024-02-24,30.0,male,midwest,bachelor,full_time,basic,online,True,False,646,5868.36,70258.82,20600.37,0.2932,54054.28,0.1089,36,1766.9,63608.43,1,3.0,1042,6.0,"easy to track payments through the mobile app. great customer service, will recommend to friends and family.",,0
ACCT-0000968,2022-10-17,30.0,male,northeast,graduate,self_employed,basic,online,True,True,729,4297.37,51662.6,11885.75,0.2301,30616.49,0.1046,36,994.56,35804.26,0,2.0,729,1.0,"easy to track payments through the mobile app. very smooth application process and the agent was helpful. great customer service, will recommend to friends and family.",,0
ACCT-0001344,2023-09-19,27.0,male,northeast,bachelor,full_time,basic,online,True,False,719,5889.24,70635.39,17597.43,0.2491,73012.74,0.0503,24,3204.14,76899.36,1,3.0,410,9.0,"transparent fees, no hidden charges that I noticed. great customer service, will recommend to friends and family. very smooth application process and the agent was helpful.",,0
ACCT-0001253,2022-09-29,19.0,female,south,bachelor,full_time,basic,online,True,False,683,3392.46,40806.3,9946.19,0.2437,41478.53,0.0914,60,863.92,51835.02,1,2.0,1399,5.0,"documentation requirements were typical for this kind of loan. process was fine, nothing exceptional either way.",,0
ACCT-0001806,2023-01-25,29.0,male,northeast,graduate,full_time,standard,online,False,True,725,5349.84,64139.96,14099.82,0.2198,83595.91,0.0493,12,7153.65,85843.78,0,1.0,65,5.0,very smooth application process and the agent was helpful. easy to track payments through the mobile app.,,0
ACCT-0001287,2022-12-06,28.0,male,midwest,high_school,full_time,basic,online,True,True,665,6588.89,79437.04,17256.42,0.2172,98157.22,0.1041,12,8648.21,103778.56,0,1.0,1132,4.0,"very smooth application process and the agent was helpful. transparent fees, no hidden charges that I noticed.",,0
ACCT-0000157,2024-07-31,54.0,male,northeast,high_school,full_time,standard,online,False,False,680,5869.43,70523.46,18344.62,0.2601,53562.26,0.0639,84,792.58,66576.37,0,2.0,959,7.0,"process was fine, nothing exceptional either way. ok experience overall, no strong feelings to share.",,0
ACCT-0000343,2024-05-07,33.0,female,south,bachelor,full_time,basic,mobile,True,True,687,4279.95,50973.53,25356.76,0.4974,66434.82,0.0593,84,968.35,81341.43,1,1.0,319,10.0,"great customer service, will recommend to friends and family. very smooth application process and the agent was helpful.",,0
ACCT-0002035,2023-03-15,38.0,male,midwest,bachelor,part_time,standard,mobile,True,False,733,8827.69,105918.57,20780.47,0.1962,32767.68,0.0597,48,769.06,36914.88,0,2.0,819,5.0,,,0
ACCT-0000907,2023-06-25,22.0,female,northeast,associate,full_time,basic,online,True,True,726,4419.69,53373.23,12262.57,0.2298,19671.51,0.0836,60,402.29,24137.32,0,0.0,812,6.0,"process was fine, nothing exceptional either way. documentation requirements were typical for this kind of loan.",,0
ACCT-0000613,2022-11-24,30.0,female,west,bachelor,part_time,basic,online,True,True,546,4716.55,56440.76,26013.24,0.4609,27117.86,0.1133,36,891.99,32111.66,2,2.0,400,4.0,easy to track payments through the mobile app. rates were competitive and the funds came through quickly.,,0
ACCT-0001046,2024-04-19,26.0,male,northeast,high_school,full_time,premium,mobile,True,True,630,4364.27,52485.98,12374.65,0.2358,16908.89,0.1253,72,335.25,24138.24,3,1.0,1351,7.0,"transparent fees, no hidden charges that I noticed. great customer service, will recommend to friends and family.",,0
ACCT-0001121,2023-12-21,44.0,male,west,high_school,contract,basic,branch,False,True,535,3137.61,37512.56,16665.51,0.4443,43609.04,0.1367,72,890.92,64146.4,0,3.0,829,9.0,very smooth application process and the agent was helpful. rates were competitive and the funds came through quickly.,,0
ACCT-0001495,2023-11-08,43.0,male,pacific,high_school,part_time,standard,branch,True,False,599,7423.38,89315.44,17445.44,0.1953,85150.18,0.089,84,1365.52,114703.37,1,0.0,877,4.0,rates were competitive and the funds came through quickly.,,0
ACCT-0001976,2024-12-29,28.0,male,northeast,high_school,self_employed,standard,agent,False,True,609,3961.12,47545.51,20194.3,0.4247,30775.26,0.1197,84,542.84,45598.28,0,3.0,1012,4.0,"transparent fees, no hidden charges that I noticed. very smooth application process and the agent was helpful.",,0
ACCT-0001603,2022-05-16,27.0,female,west,high_school,full_time,basic,mobile,True,True,612,1925.9,22951.63,16455.07,0.7169,11619.45,0.0723,72,199.4,14356.65,0,,1337,,"process was fine, nothing exceptional either way.",,0
ACCT-0002358,2023-07-09,33.0,female,south,high_school,self_employed,premium,branch,False,False,576,1843.61,22425.08,8905.69,0.3971,28398.74,0.0686,60,560.51,33630.53,0,2.0,655,8.0,very smooth application process and the agent was helpful.,,0
ACCT-0000861,2023-08-11,47.0,female,west,bachelor,full_time,premium,online,True,False,726,6362.51,76102.37,19740.47,0.2594,62054.9,0.0978,12,5449.23,65390.71,0,0.0,1066,9.0,"transparent fees, no hidden charges that I noticed.",,0
ACCT-0000061,2022-04-20,53.0,male,west,bachelor,self_employed,standard,branch,True,True,669,5275.09,63439.81,14812.71,0.2335,57942.26,0.0891,12,5064.63,60775.58,0,0.0,1060,2.0,"very smooth application process and the agent was helpful. transparent fees, no hidden charges that I noticed.",,0
ACCT-0001140,2022-02-13,43.0,male,south,graduate,part_time,standard,branch,True,False,629,13707.81,164443.11,28323.23,0.1722,91200.06,0.0478,36,2724.55,98083.66,1,1.0,1485,8.0,"great customer service, will recommend to friends and family.",,0
ACCT-0002075,2022-05-20,28.0,male,midwest,graduate,self_employed,basic,branch,True,False,668,3954.41,47717.5,12154.55,0.2547,21130.45,0.1323,36,714.32,25715.43,0,1.0,327,6.0,"easy to track payments through the mobile app. great customer service, will recommend to friends and family.",,0
ACCT-0000414,2024-05-31,33.0,male,south,graduate,full_time,standard,mobile,True,False,725,5200.39,62067.53,20154.07,0.3247,38045.56,0.0952,84,622.24,52267.88,0,4.0,284,3.0,"transparent fees, no hidden charges that I noticed. great customer service, will recommend to friends and family. rates were competitive and the funds came through quickly.",,0
ACCT-0000315,2024-10-22,52.0,female,south,high_school,full_time,basic,branch,True,True,729,4814.98,57556.88,15259.84,0.2651,47272.07,0.101,24,2183.6,52406.43,1,2.0,237,5.0,easy to track payments through the mobile app.,,0
ACCT-0001078,2022-04-14,44.0,male,northeast,bachelor,full_time,standard,branch,True,True,741,2318.96,27625.29,23031.83,0.8337,7392.12,0.094,36,236.44,8511.73,1,0.0,743,3.0,"great customer service, will recommend to friends and family. rates were competitive and the funds came through quickly.",,0
ACCT-0001488,2022-12-05,53.0,female,west,high_school,full_time,basic,online,False,True,733,2218.44,26876.16,6489.46,0.2415,29976.05,0.0873,72,536.32,38615.22,0,2.0,485,4.0,the agent kept rescheduling and the process took weeks. support never returned my calls about the missed payment.,2023-11-02,1
ACCT-0000706,2022-01-14,53.0,male,midwest,graduate,full_time,basic,mobile,True,True,736,3820.73,45886.84,24776.44,0.5399,63084.48,0.0535,60,1200.58,72035.08,2,1.0,757,9.0,"very smooth application process and the agent was helpful. easy to track payments through the mobile app. transparent fees, no hidden charges that I noticed.",,0
ACCT-0001591,2023-01-03,52.0,male,midwest,bachelor,full_time,basic,branch,True,False,803,4073.76,48639.72,12544.16,0.2579,12874.92,0.0676,24,575.07,13801.66,0,2.0,663,4.0,still evaluating against other offers from competitor banks.,,0
ACCT-0001629,2022-03-06,33.0,male,west,bachelor,part_time,standard,branch,False,False,742,3610.37,43698.62,8400.96,0.1922,22705.9,0.0546,24,1000.79,24018.89,0,2.0,485,10.0,rates were competitive and the funds came through quickly. very smooth application process and the agent was helpful.,,0
ACCT-0001793,2024-12-07,,male,south,bachelor,contract,basic,branch,True,True,762,8858.21,106619.12,,0.1854,35311.22,0.1298,48,946.99,45455.47,0,1.0,1280,8.0,very smooth application process and the agent was helpful. rates were competitive and the funds came through quickly.,,0
ACCT-0000999,2024-10-24,24.0,female,pacific,graduate,self_employed,basic,mobile,False,True,850,4628.9,55986.69,23233.0,0.415,64701.41,0.0405,24,2811.22,67469.2,3,0.0,974,10.0,"rates were competitive and the funds came through quickly. transparent fees, no hidden charges that I noticed.",,0
ACCT-0002352,2023-09-27,31.0,male,midwest,graduate,full_time,standard,branch,True,False,724,5244.96,62789.87,15500.39,0.2469,37130.52,0.0714,48,891.6,42796.96,0,1.0,1107,8.0,"great customer service, will recommend to friends and family. easy to track payments through the mobile app.",,0
ACCT-0000174,2022-03-05,44.0,male,pacific,high_school,full_time,standard,mobile,False,False,838,6557.82,78968.34,21153.68,0.2679,71175.08,0.0587,36,2161.12,77800.35,1,3.0,1266,7.0,very smooth application process and the agent was helpful. rates were competitive and the funds came through quickly.,,0
ACCT-0002270,2022-02-25,30.0,female,midwest,bachelor,full_time,basic,branch,False,False,798,3059.36,36838.62,20407.05,0.554,24049.72,0.0621,60,467.34,28040.53,2,2.0,786,5.0,"still evaluating against other offers from competitor banks. documentation requirements were typical for this kind of loan. ok experience overall, no strong feelings to share.",,0
ACCT-0000158,2022-07-10,51.0,female,pacific,high_school,full_time,basic,online,False,False,649,3021.18,36098.99,11933.83,0.3306,22769.36,0.1268,84,410.26,34461.91,2,2.0,1409,5.0,"ok experience overall, no strong feelings to share. took longer than expected but got approved in the end.",,0
ACCT-0000028,2023-07-16,48.0,male,midwest,high_school,self_employed,standard,online,False,True,749,4700.02,56235.23,10633.1,0.1891,55955.47,0.1108,72,1067.44,76855.63,0,1.0,500,5.0,very smooth application process and the agent was helpful. easy to track payments through the mobile app.,,0
ACCT-0002313,2022-12-24,53.0,female,midwest,bachelor,full_time,standard,online,False,False,652,2220.69,26638.1,10288.48,0.3862,26902.36,0.1177,84,471.59,39613.77,1,1.0,570,7.0,"great customer service, will recommend to friends and family. transparent fees, no hidden charges that I noticed. very smooth application process and the agent was helpful.",,0
ACCT-0001338,2022-03-16,46.0,male,northeast,graduate,self_employed,basic,mobile,True,False,615,2077.2,24989.28,24933.64,0.9978,21874.33,0.1109,12,1934.16,23209.92,2,0.0,973,6.0,"ok experience overall, no strong feelings to share. took longer than expected but got approved in the end. still evaluating against other offers from competitor banks.",,0
ACCT-0000820,2023-07-08,27.0,female,pacific,high_school,full_time,basic,agent,True,False,614,6601.04,79251.09,16581.7,0.2092,61776.44,0.0878,24,2816.0,67584.03,1,5.0,717,8.0,"easy to track payments through the mobile app. great customer service, will recommend to friends and family.",,0
ACCT-0000519,2022-01-21,22.0,male,pacific,bachelor,self_employed,standard,mobile,False,True,850,7668.81,92037.42,23125.06,0.2513,49098.3,0.0583,36,1489.99,53639.5,1,2.0,885,3.0,"transparent fees, no hidden charges that I noticed. rates were competitive and the funds came through quickly.",,0
ACCT-0000655,2024-12-07,54.0,female,midwest,bachelor,full_time,standard,online,True,True,810,4768.73,57525.68,12633.12,0.2196,71182.92,0.1071,60,1537.56,92253.81,1,1.0,928,6.0,rates were competitive and the funds came through quickly. very smooth application process and the agent was helpful.,,0
ACCT-0000844,2022-04-10,43.0,female,west,bachelor,self_employed,basic,online,True,False,746,5524.26,66239.58,13830.22,0.2088,36730.71,0.0597,36,1116.99,40211.82,0,0.0,1025,,"process was fine, nothing exceptional either way. took longer than expected but got approved in the end. documentation requirements were typical for this kind of loan.",,0
ACCT-0000037,2024-06-27,32.0,male,west,high_school,contract,standard,online,True,False,600,7533.84,90621.02,16192.05,0.1787,63751.94,0.1221,36,2123.81,76457.23,0,2.0,1452,10.0,documentation requirements were typical for this kind of loan.,,0
ACCT-0001229,2024-04-19,23.0,female,south,bachelor,full_time,premium,mobile,True,True,595,3579.35,42610.89,32109.39,0.7535,23750.98,0.1073,84,403.29,33876.73,0,2.0,1345,10.0,"transparent fees, no hidden charges that I noticed. rates were competitive and the funds came through quickly. easy to track payments through the mobile app.",,0
ACCT-0001979,2024-05-15,41.0,female,west,associate,full_time,standard,online,False,False,620,2888.45,34459.19,9727.23,0.2823,15590.12,0.1028,60,333.42,20005.36,0,1.0,1086,8.0,"great customer service, will recommend to friends and family. very smooth application process and the agent was helpful.",,0
ACCT-0001395,2024-12-05,23.0,male,northeast,associate,full_time,standard,branch,True,False,617,4437.1,53364.94,18958.71,0.3553,58186.29,0.0724,84,885.05,74344.6,1,1.0,141,10.0,"easy to track payments through the mobile app. great customer service, will recommend to friends and family.",,0
ACCT-0001978,2022-11-24,48.0,male,northeast,associate,full_time,premium,branch,True,False,689,4253.39,51341.13,17351.87,0.338,59495.49,0.0915,48,1484.8,71270.32,1,3.0,849,9.0,still evaluating against other offers from competitor banks. documentation requirements were typical for this kind of loan.,,0
ACCT-0000513,2024-01-25,48.0,female,south,associate,full_time,standard,branch,True,False,606,3092.93,36828.9,11172.13,0.3034,28840.5,0.0868,48,713.31,34238.69,1,0.0,1492,,very smooth application process and the agent was helpful. rates were competitive and the funds came through quickly.,,0
ACCT-0001044,2024-11-03,56.0,female,south,bachelor,full_time,standard,online,True,False,798,3429.5,41272.62,15714.21,0.3807,55687.15,0.0863,36,1761.32,63407.47,1,0.0,680,5.0,"ok experience overall, no strong feelings to share.",,0
ACCT-0000267,2023-01-17,18.0,female,south,graduate,full_time,standard,online,True,False,850,5128.72,61459.94,25380.63,0.413,46137.95,0.066,84,687.42,57743.14,1,0.0,497,4.0,the autopay system charged me twice in the same month.,2023-04-29,1
ACCT-0000975,2024-03-09,21.0,male,midwest,bachelor,contract,basic,online,True,True,650,5121.08,61453.82,14119.47,0.2298,84096.65,0.078,24,3795.78,91098.63,0,3.0,297,9.0,"easy to track payments through the mobile app. great customer service, will recommend to friends and family.",,0
ACCT-0002382,2022-04-02,47.0,male,midwest,high_school,part_time,basic,branch,False,False,805,10244.11,123168.58,32358.87,0.2627,90111.21,0.0702,12,7797.97,93575.67,0,1.0,985,10.0,easy to track payments through the mobile app.,,0
ACCT-0001599,2024-08-31,31.0,male,midwest,bachelor,contract,basic,online,True,False,667,4042.92,48309.88,8634.32,0.1787,25414.28,0.1089,48,655.51,31464.52,0,0.0,68,10.0,"the autopay system charged me twice in the same month. fees were not explained clearly upfront, very disappointing.",2024-10-27,1
ACCT-0000011,2022-02-01,58.0,male,northeast,associate,part_time,premium,branch,True,False,653,4617.03,55087.38,23554.62,0.4276,64382.6,0.0864,36,2036.56,73316.07,2,1.0,712,6.0,"still evaluating against other offers from competitor banks. ok experience overall, no strong feelings to share.",,0
ACCT-0001494,2024-10-31,41.0,male,south,high_school,full_time,basic,online,True,False,696,8866.38,105995.65,15999.2,0.1509,140090.08,0.0871,24,6381.62,153158.81,1,2.0,110,4.0,"great customer service, will recommend to friends and family. rates were competitive and the funds came through quickly. transparent fees, no hidden charges that I noticed.",,0
ACCT-0002340,2022-12-31,45.0,male,northeast,high_school,full_time,standard,online,True,False,734,1893.73,22702.87,8043.67,0.3543,10403.8,0.1074,36,339.31,12215.08,0,1.0,394,10.0,"great customer service, will recommend to friends and family.",,0
ACCT-0002346,2023-11-26,38.0,male,west,high_school,self_employed,premium,branch,False,False,742,6956.72,84018.19,25062.69,0.2983,42493.69,0.0362,84,573.38,48164.06,1,1.0,572,6.0,"very smooth application process and the agent was helpful. great customer service, will recommend to friends and family.",,0
ACCT-0000905,2022-04-04,34.0,male,midwest,graduate,full_time,standard,agent,False,True,747,4322.61,51826.37,11263.47,0.2173,30421.27,0.08,60,616.77,37006.2,1,4.0,696,7.0,very smooth application process and the agent was helpful.,,0
ACCT-0001671,2022-01-29,62.0,female,west,graduate,full_time,standard,online,False,True,733,3786.76,45315.58,19715.32,0.4351,32961.84,0.1001,36,1063.75,38294.93,2,0.0,755,4.0,"ok experience overall, no strong feelings to share.",,0
ACCT-0001498,2024-05-23,61.0,male,south,bachelor,full_time,premium,online,False,False,682,3051.45,36411.11,9563.03,0.2626,32347.18,0.089,12,2827.35,33928.14,0,1.0,1431,10.0,easy to track payments through the mobile app. very smooth application process and the agent was helpful.,,0
ACCT-0001581,2023-03-04,37.0,nonbinary,west,associate,full_time,basic,online,False,False,688,3725.96,44359.7,12869.59,0.2901,50356.01,0.0958,48,1267.0,60816.12,0,1.0,1232,5.0,"fees were not explained clearly upfront, very disappointing.",2024-05-30,1
ACCT-0000492,2022-06-25,32.0,female,south,bachelor,contract,basic,branch,True,True,504,5563.67,66504.28,13612.29,0.2047,31020.57,0.1343,12,2776.92,33323.01,2,0.0,778,8.0,"still evaluating against other offers from competitor banks. process was fine, nothing exceptional either way.",,0
ACCT-0001857,2022-03-15,58.0,male,midwest,high_school,full_time,standard,mobile,False,True,623,2546.56,30819.62,18644.77,0.605,41655.33,0.0976,24,1917.48,46019.43,2,1.0,1342,7.0,the autopay system charged me twice in the same month. the agent kept rescheduling and the process took weeks.,2023-08-27,1
ACCT-0000580,2023-08-06,35.0,male,northeast,graduate,full_time,premium,online,True,False,723,3114.81,37380.97,9280.45,0.2483,9746.01,0.0928,24,446.49,10715.72,2,1.0,605,6.0,"transparent fees, no hidden charges that I noticed.",,0
ACCT-0002443,2023-05-02,44.0,male,south,bachelor,full_time,basic,mobile,False,True,660,7879.9,94288.63,23700.23,0.2514,60652.17,0.0683,36,1867.99,67247.61,0,1.0,600,5.0,"easy to track payments through the mobile app. rates were competitive and the funds came through quickly. transparent fees, no hidden charges that I noticed.",,0
ACCT-0000638,2022-02-13,18.0,female,south,bachelor,full_time,basic,mobile,True,True,676,4564.97,55042.84,22557.01,0.4098,35742.92,0.0944,24,1640.17,39364.05,3,1.0,326,10.0,"process was fine, nothing exceptional either way. documentation requirements were typical for this kind of loan.",,0
ACCT-0000619,2023-03-22,61.0,female,west,bachelor,part_time,basic,online,True,False,775,6707.66,80519.93,13931.1,0.173,57906.3,0.0974,84,953.58,80100.51,0,0.0,846,7.0,"great customer service, will recommend to friends and family. rates were competitive and the funds came through quickly.",,0
ACCT-0001963,2024-11-20,39.0,female,west,bachelor,full_time,basic,agent,True,False,710,4583.67,54811.78,13413.46,0.2447,48931.98,0.0812,36,1536.1,55299.73,1,0.0,185,3.0,"very smooth application process and the agent was helpful. transparent fees, no hidden charges that I noticed. easy to track payments through the mobile app.",,0
ACCT-0002201,2024-06-02,44.0,male,midwest,bachelor,contract,standard,online,False,False,536,3391.54,40582.56,21018.85,0.5179,43303.42,0.1165,24,2031.3,48751.28,2,2.0,1281,7.0,"process was fine, nothing exceptional either way.",,0
ACCT-0001235,2024-09-24,18.0,female,midwest,bachelor,contract,standard,online,False,False,567,8000.58,96198.4,27121.02,0.2819,127712.16,0.119,24,6006.04,144144.99,2,1.0,887,5.0,"transparent fees, no hidden charges that I noticed. great customer service, will recommend to friends and family. rates were competitive and the funds came through quickly.",,0
ACCT-0002188,2024-03-02,26.0,female,midwest,high_school,contract,standard,online,False,False,444,5023.23,60214.75,15069.31,0.2503,56213.23,0.1252,72,1114.11,80216.11,1,2.0,1158,6.0,the autopay system charged me twice in the same month.,2024-08-23,1
ACCT-0002067,2024-03-24,45.0,male,midwest,bachelor,part_time,standard,agent,True,True,723,6070.32,73033.78,18353.27,0.2513,71660.59,0.0373,72,1112.23,80080.32,1,0.0,984,7.0,the autopay system charged me twice in the same month.,2025-07-16,1
ACCT-0000888,2024-08-24,44.0,male,northeast,associate,full_time,basic,online,True,False,726,8831.79,105769.94,17749.03,0.1678,57873.06,0.1064,36,1884.91,67856.66,1,0.0,900,7.0,easy to track payments through the mobile app. very smooth application process and the agent was helpful.,,0
ACCT-0001673,2022-02-25,36.0,male,northeast,bachelor,full_time,standard,online,False,False,708,5391.97,64688.2,15069.7,0.233,71997.12,0.0819,60,1466.25,87975.04,0,2.0,812,,"fees were not explained clearly upfront, very disappointing.",2022-11-08,1
ACCT-0001919,2022-10-26,33.0,male,south,bachelor,part_time,standard,online,False,False,698,6146.79,73826.63,17002.53,0.2303,48761.45,0.0759,84,749.98,62998.37,0,0.0,426,9.0,rates were competitive and the funds came through quickly.,,0
ACCT-0002174,2023-03-11,38.0,male,south,high_school,full_time,standard,online,False,False,768,4779.28,57588.21,15048.91,0.2613,47671.09,0.0628,48,1125.77,54037.16,1,2.0,1286,7.0,"rates were competitive and the funds came through quickly. great customer service, will recommend to friends and family.",,0
ACCT-0002408,2024-09-07,21.0,male,midwest,associate,full_time,standard,branch,True,False,809,2431.15,29529.43,11389.92,0.3857,36067.63,0.0697,12,3120.34,37444.09,1,0.0,793,8.0,took longer than expected but got approved in the end. documentation requirements were typical for this kind of loan.,,0
ACCT-0002095,2024-08-11,31.0,female,northeast,associate,contract,basic,branch,False,True,596,4753.4,56683.35,12222.55,0.2156,57363.97,0.1228,36,1912.97,68866.83,1,2.0,71,7.0,very smooth application process and the agent was helpful. easy to track payments through the mobile app. rates were competitive and the funds came through quickly.,,0
ACCT-0002460,2023-04-19,25.0,female,northeast,associate,full_time,basic,branch,False,True,672,5054.59,60462.33,15320.68,0.2534,54498.84,0.0887,48,1352.79,64933.76,0,1.0,539,10.0,"process was fine, nothing exceptional either way. took longer than expected but got approved in the end.",,0
ACCT-0001643,2023-09-08,30.0,male,northeast,associate,full_time,basic,online,False,True,652,2618.6,30966.52,20348.97,0.6571,12154.73,0.094,24,557.51,13380.23,1,1.0,1400,9.0,"transparent fees, no hidden charges that I noticed. great customer service, will recommend to friends and family.",,0
ACCT-0000818,2023-04-26,36.0,female,west,bachelor,full_time,standard,online,True,False,669,4009.18,48021.27,19007.58,0.3958,33381.27,0.0646,72,560.55,40359.37,1,1.0,929,5.0,"transparent fees, no hidden charges that I noticed.",,0
ACCT-0001737,2022-12-14,39.0,male,northeast,bachelor,self_employed,basic,online,True,False,655,4808.26,57602.64,21448.0,0.3723,73422.3,0.0906,72,1325.58,95441.56,0,0.0,178,8.0,"transparent fees, no hidden charges that I noticed. easy to track payments through the mobile app.",,0
ACCT-0000685,2022-10-24,65.0,male,south,associate,self_employed,standard,branch,True,False,801,5507.66,66018.0,14668.09,0.2222,22340.51,0.0746,84,342.26,28750.06,2,0.0,1457,7.0,"transparent fees, no hidden charges that I noticed. rates were competitive and the funds came through quickly.",,0
ACCT-0000974,2024-05-10,48.0,male,northeast,bachelor,contract,standard,mobile,False,False,561,5260.73,63122.52,21716.91,0.344,16711.23,0.1068,84,283.31,23797.73,0,,1171,6.0,the autopay system charged me twice in the same month. interest rate jumped after the first quarter without warning.,2024-10-29,1
ACCT-0001153,2022-12-10,50.0,male,south,bachelor,full_time,premium,online,True,False,683,2521.22,30329.3,8029.86,0.2648,33873.5,0.0351,48,757.49,36359.62,0,1.0,1355,6.0,"documentation requirements were typical for this kind of loan. ok experience overall, no strong feelings to share.",,0
ACCT-0000864,2023-02-09,52.0,male,south,high_school,full_time,standard,online,True,True,781,10020.98,120628.01,20057.41,0.1663,84751.78,0.0756,12,7355.16,88261.88,0,3.0,419,2.0,"very smooth application process and the agent was helpful. transparent fees, no hidden charges that I noticed.",,0
ACCT-0002319,2024-10-15,48.0,male,northeast,associate,full_time,basic,agent,True,False,790,2627.18,31422.86,7590.04,0.2415,27907.8,0.0853,24,1268.89,30453.4,0,1.0,502,9.0,took longer than expected but got approved in the end. still evaluating against other offers from competitor banks.,,0
ACCT-0001148,2022-07-06,26.0,female,midwest,graduate,full_time,basic,online,True,False,699,5357.43,64328.75,31856.22,0.4952,50773.22,0.0538,36,1530.48,55097.42,4,1.0,429,9.0,"transparent fees, no hidden charges that I noticed. great customer service, will recommend to friends and family. rates were competitive and the funds came through quickly.",,0
ACCT-0001506,2023-01-31,18.0,male,south,bachelor,full_time,standard,mobile,False,True,751,5301.36,63559.34,21273.84,0.3347,86508.99,0.0645,72,1451.96,104541.47,1,0.0,848,7.0,"easy to track payments through the mobile app. transparent fees, no hidden charges that I noticed.",,0
ACCT-0000996,2023-09-12,43.0,male,pacific,associate,self_employed,premium,branch,True,False,839,3513.38,42180.18,16977.54,0.4025,20464.94,0.0709,60,406.12,24367.35,0,2.0,745,6.0,"great customer service, will recommend to friends and family. easy to track payments through the mobile app. transparent fees, no hidden charges that I noticed.",,0
ACCT-0002360,2024-08-03,39.0,female,pacific,graduate,full_time,basic,branch,True,False,733,8143.56,97979.86,18771.23,0.1916,93346.34,0.0751,12,8098.82,97185.84,0,0.0,622,10.0,easy to track payments through the mobile app. very smooth application process and the agent was helpful.,,0
ACCT-0000439,2022-01-21,47.0,male,midwest,high_school,full_time,basic,mobile,True,False,676,4231.63,50985.84,9466.47,0.1857,62490.33,0.0589,24,2766.57,66397.74,0,0.0,219,9.0,"rates were competitive and the funds came through quickly. great customer service, will recommend to friends and family. transparent fees, no hidden charges that I noticed.",,0
ACCT-0001257,2023-06-22,41.0,male,south,high_school,full_time,standard,online,True,False,709,10387.03,124963.33,25275.92,0.2023,69139.07,0.0565,48,1612.72,77410.58,0,2.0,787,4.0,"great customer service, will recommend to friends and family.",,0
ACCT-0000893,2024-06-05,38.0,female,northeast,graduate,part_time,basic,agent,True,False,679,2220.83,26514.93,12414.73,0.4682,30429.43,0.1175,60,673.0,40379.84,0,2.0,1388,2.0,"very smooth application process and the agent was helpful. transparent fees, no hidden charges that I noticed.",,0
ACCT-0000147,2024-01-20,31.0,female,pacific,bachelor,self_employed,standard,branch,True,True,596,4992.29,59932.7,9925.48,0.1656,66073.66,0.1028,12,5817.62,69811.47,1,2.0,618,9.0,"still evaluating against other offers from competitor banks. ok experience overall, no strong feelings to share. took longer than expected but got approved in the end.",,0
ACCT-0000989,2023-03-06,39.0,male,west,high_school,full_time,premium,mobile,True,False,735,6833.97,81470.39,14279.03,0.1753,110704.46,0.0961,60,2330.98,139858.99,1,0.0,1238,6.0,took longer than expected but got approved in the end.,,0
ACCT-0001064,2022-03-16,76.0,male,south,high_school,full_time,standard,online,True,False,540,4625.28,55204.38,34183.63,0.6192,27123.94,0.1042,36,880.61,31702.11,2,4.0,1251,7.0,rates were competitive and the funds came through quickly. easy to track payments through the mobile app.,,0
ACCT-0001516,2024-03-09,64.0,male,south,bachelor,full_time,basic,mobile,True,False,578,3379.55,40510.54,19144.3,0.4726,32630.8,0.1065,84,552.78,46433.34,2,3.0,1220,8.0,"rates were competitive and the funds came through quickly. great customer service, will recommend to friends and family.",,0
ACCT-0001001,2022-08-31,38.0,male,northeast,bachelor,full_time,basic,mobile,True,True,668,2799.89,33614.46,13313.75,0.3961,11655.31,0.0575,84,168.88,14185.67,1,2.0,748,9.0,"transparent fees, no hidden charges that I noticed. great customer service, will recommend to friends and family. easy to track payments through the mobile app.",,0
ACCT-0001888,2022-02-15,42.0,male,south,bachelor,full_time,basic,mobile,True,False,569,8338.97,99841.26,23707.09,0.2374,129231.35,0.0951,48,3247.19,155865.06,1,1.0,682,7.0,"easy to track payments through the mobile app. great customer service, will recommend to friends and family.",,0
ACCT-0000713,2022-08-07,34.0,female,northeast,associate,contract,basic,mobile,True,True,654,2713.29,32713.59,14471.14,0.4424,12713.13,0.0999,12,1117.63,13411.53,0,1.0,823,,documentation requirements were typical for this kind of loan. still evaluating against other offers from competitor banks.,,0
ACCT-0002210,2022-12-25,28.0,male,pacific,bachelor,full_time,basic,online,True,False,785,9798.64,117270.44,27474.56,0.2343,61433.49,0.0613,60,1191.38,71482.81,0,1.0,1001,6.0,"great customer service, will recommend to friends and family. very smooth application process and the agent was helpful.",,0
ACCT-0002349,2022-11-12,50.0,male,midwest,bachelor,part_time,basic,online,False,False,803,4400.45,52514.62,19811.11,0.3772,20943.89,0.0647,60,409.5,24569.89,0,0.0,1183,9.0,"great customer service, will recommend to friends and family. rates were competitive and the funds came through quickly.",,0
ACCT-0002111,2022-02-16,31.0,female,northeast,associate,full_time,premium,mobile,False,True,631,3622.61,43459.0,7389.01,0.17,28687.33,0.1469,12,2585.12,31021.46,3,1.0,600,4.0,"easy to track payments through the mobile app. great customer service, will recommend to friends and family. transparent fees, no hidden charges that I noticed.",,0
ACCT-0000214,2024-05-30,46.0,male,south,bachelor,full_time,premium,online,True,False,748,2494.21,30410.94,10860.1,0.3571,36289.13,0.0978,12,3186.68,38240.21,1,1.0,648,4.0,rates were competitive and the funds came through quickly.,,0
ACCT-0002265,2023-08-17,25.0,female,northeast,associate,self_employed,standard,online,True,False,682,2740.85,33197.95,,1.0002,40285.08,0.1194,24,1895.18,45484.22,0,1.0,535,6.0,very smooth application process and the agent was helpful.,,0
ACCT-0001465,2023-12-30,24.0,male,west,graduate,part_time,premium,online,True,False,850,7739.66,92811.76,16434.67,0.1771,68928.53,0.0727,60,1373.78,82426.81,1,2.0,1455,3.0,"great customer service, will recommend to friends and family. very smooth application process and the agent was helpful.",,0
ACCT-0000808,2022-03-03,27.0,male,northeast,high_school,full_time,standard,online,False,True,608,4384.22,52858.18,23963.55,0.4534,38514.11,0.0607,60,745.89,44753.19,0,1.0,1350,8.0,"transparent fees, no hidden charges that I noticed.",,0
ACCT-0000546,2022-05-31,40.0,female,pacific,high_school,full_time,basic,online,True,False,614,9638.34,115928.28,25660.05,0.2213,142341.46,0.0724,24,6388.48,153323.58,0,2.0,224,8.0,easy to track payments through the mobile app. rates were competitive and the funds came through quickly. very smooth application process and the agent was helpful.,,0
ACCT-0001272,2023-05-21,36.0,male,northeast,bachelor,full_time,premium,online,True,False,599,4488.95,53886.57,16383.51,0.304,45568.07,0.0772,12,3958.02,47496.18,0,1.0,1413,5.0,"transparent fees, no hidden charges that I noticed.",,0
ACCT-0000419,2022-09-23,45.0,female,south,bachelor,part_time,basic,mobile,True,False,745,4651.78,55969.16,13978.89,0.2498,16954.92,0.0896,36,538.88,19399.77,0,1.0,530,8.0,rates were competitive and the funds came through quickly. very smooth application process and the agent was helpful.,,0
ACCT-0000922,2023-07-05,18.0,male,northeast,graduate,full_time,standard,online,False,True,711,2852.66,34338.68,12031.63,0.3504,18558.56,0.1091,12,1639.42,19673.02,1,2.0,581,5.0,"great customer service, will recommend to friends and family. rates were competitive and the funds came through quickly.",,0
ACCT-0001437,2023-08-06,61.0,male,pacific,high_school,full_time,premium,online,True,False,704,4429.67,53444.33,11823.35,0.2212,45371.04,0.076,36,1413.35,50880.62,0,1.0,287,4.0,rates were competitive and the funds came through quickly. very smooth application process and the agent was helpful.,,0
ACCT-0001590,2022-09-17,60.0,female,west,bachelor,full_time,basic,online,False,False,557,7855.23,94359.7,24892.69,0.2638,131458.78,0.1202,24,6189.21,148541.05,2,0.0,656,4.0,"transparent fees, no hidden charges that I noticed. great customer service, will recommend to friends and family.",,0
ACCT-0002021,2023-12-24,46.0,male,northeast,bachelor,full_time,standard,branch,False,True,658,3798.37,45456.46,10326.09,0.2272,29710.0,0.085,24,1350.54,32413.04,2,1.0,1270,4.0,the autopay system charged me twice in the same month. the agent kept rescheduling and the process took weeks.,2025-04-04,1
ACCT-0002029,2023-04-17,38.0,male,northeast,bachelor,full_time,basic,online,True,False,657,5099.98,61476.51,37760.27,0.6142,67242.69,0.1054,12,5928.57,71142.83,3,0.0,712,2.0,easy to track payments through the mobile app. very smooth application process and the agent was helpful.,,0
ACCT-0001803,2022-10-16,26.0,male,pacific,high_school,full_time,basic,branch,False,True,599,8772.33,105151.84,22409.72,0.2131,116462.4,0.0941,24,5342.69,128224.49,1,2.0,873,6.0,"process was fine, nothing exceptional either way. took longer than expected but got approved in the end.",,0
ACCT-0000463,2024-03-15,63.0,nonbinary,south,bachelor,full_time,basic,mobile,True,False,714,4627.64,55894.11,26168.72,0.4682,45380.7,0.0848,12,3957.75,47493.03,4,0.0,139,9.0,"documentation requirements were typical for this kind of loan. process was fine, nothing exceptional either way.",,0
ACCT-0002247,2024-09-20,70.0,male,northeast,graduate,self_employed,basic,online,True,False,554,10572.27,127064.6,,0.1819,143529.81,0.0665,72,2423.15,174467.15,1,2.0,264,3.0,"transparent fees, no hidden charges that I noticed. very smooth application process and the agent was helpful.",,0
ACCT-0001122,2022-04-26,27.0,male,south,bachelor,part_time,basic,online,True,False,682,6269.68,74891.88,32408.82,0.4327,77834.87,0.0819,24,3526.9,84645.56,3,1.0,750,2.0,"transparent fees, no hidden charges that I noticed. rates were competitive and the funds came through quickly. great customer service, will recommend to friends and family.",,0
ACCT-0001345,2024-07-19,38.0,male,south,graduate,part_time,basic,online,False,False,607,4882.6,58362.52,25699.57,0.4403,69091.27,0.0472,12,5905.92,70871.08,1,3.0,157,8.0,still evaluating against other offers from competitor banks.,,0
ACCT-0000479,2024-06-27,40.0,female,west,graduate,full_time,premium,mobile,False,True,784,3943.28,47187.59,11219.01,0.2378,56229.9,0.0578,60,1081.29,64877.11,0,0.0,1342,7.0,"process was fine, nothing exceptional either way. ok experience overall, no strong feelings to share.",,0
ACCT-0000127,2023-08-25,45.0,male,northeast,associate,self_employed,basic,online,True,False,650,8129.86,97478.57,25716.08,0.2638,106989.41,0.0776,12,9294.93,111539.19,0,0.0,408,8.0,"great customer service, will recommend to friends and family. very smooth application process and the agent was helpful. easy to track payments through the mobile app.",,0
ACCT-0001225,2024-05-09,43.0,female,south,associate,full_time,basic,mobile,False,False,627,3753.91,45180.33,12650.87,0.28,44073.35,0.0922,60,919.7,55181.82,0,3.0,1379,5.0,"ok experience overall, no strong feelings to share.",,0
ACCT-0002145,2023-06-23,46.0,male,south,high_school,full_time,basic,mobile,True,False,671,9684.41,116164.09,22095.13,0.1902,52306.07,0.0558,72,856.55,61671.93,0,2.0,47,8.0,"great customer service, will recommend to friends and family. easy to track payments through the mobile app. rates were competitive and the funds came through quickly.",,0
ACCT-0001085,2023-07-06,41.0,female,northeast,associate,full_time,basic,online,False,False,737,3658.58,43756.74,8650.37,0.1977,15247.93,0.0765,48,369.75,17747.89,0,0.0,1282,5.0,"transparent fees, no hidden charges that I noticed. easy to track payments through the mobile app.",,0
ACCT-0001006,2022-09-20,21.0,male,midwest,graduate,full_time,basic,branch,False,False,732,3109.99,37129.04,10361.08,0.2791,35017.55,0.0456,12,2990.67,35888.1,2,1.0,240,7.0,"transparent fees, no hidden charges that I noticed.",,0
ACCT-0001336,2023-11-22,51.0,male,south,high_school,full_time,basic,mobile,True,False,723,6794.13,81526.85,15286.48,0.1875,21455.84,0.0737,48,517.52,24840.99,0,0.0,233,6.0,"transparent fees, no hidden charges that I noticed. rates were competitive and the funds came through quickly.",,0
ACCT-0001997,2024-02-21,,male,midwest,graduate,full_time,basic,online,True,False,577,2773.32,33228.88,9987.25,0.3006,34272.62,0.1198,84,604.59,50785.28,1,2.0,909,8.0,"ok experience overall, no strong feelings to share. took longer than expected but got approved in the end.",,0
ACCT-0000443,2022-05-18,51.0,female,midwest,high_school,part_time,basic,mobile,True,True,613,4715.31,57057.47,16968.89,0.2974,15934.95,0.0884,48,395.35,18976.91,0,1.0,643,4.0,"easy to track payments through the mobile app. great customer service, will recommend to friends and family.",,0
ACCT-0001324,2022-01-23,52.0,male,midwest,high_school,full_time,standard,online,False,True,816,9498.66,113854.31,26956.72,0.2368,60191.59,0.1019,24,2782.75,66785.95,0,0.0,1241,5.0,"great customer service, will recommend to friends and family. easy to track payments through the mobile app.",,0
ACCT-0001039,2022-08-22,18.0,male,pacific,high_school,full_time,basic,online,True,True,689,6106.22,73802.28,19461.25,0.2637,21854.14,0.1327,48,589.23,28283.27,1,4.0,972,9.0,"rates were competitive and the funds came through quickly. great customer service, will recommend to friends and family.",,0
ACCT-0002080,2022-10-17,48.0,female,midwest,graduate,full_time,basic,online,False,True,603,4418.91,53152.91,31582.53,0.5942,22716.75,0.09,84,365.46,30698.81,0,3.0,1075,10.0,"great customer service, will recommend to friends and family. easy to track payments through the mobile app.",,0
ACCT-0000804,2022-01-14,41.0,female,pacific,graduate,full_time,basic,mobile,False,True,761,2326.36,27768.12,11024.86,0.397,25912.88,0.0976,12,2275.21,27302.55,0,3.0,412,6.0,rates were competitive and the funds came through quickly. easy to track payments through the mobile app.,,0
ACCT-0000086,2024-06-21,33.0,female,west,bachelor,self_employed,standard,branch,True,False,666,3014.66,36512.78,8701.78,0.2383,13962.3,0.0737,72,240.51,17316.72,0,3.0,660,6.0,"transparent fees, no hidden charges that I noticed. very smooth application process and the agent was helpful. great customer service, will recommend to friends and family.",,0
ACCT-0002007,2023-01-29,41.0,female,south,bachelor,self_employed,premium,branch,True,False,571,4454.98,53370.18,31467.14,0.5896,30426.43,0.1056,72,572.26,41202.92,3,4.0,936,10.0,"process was fine, nothing exceptional either way.",2023-11-10,1
ACCT-0001898,2023-04-14,45.0,male,midwest,associate,full_time,standard,mobile,True,False,588,2292.56,27813.17,16095.85,0.5787,20779.3,0.1064,36,676.73,24362.26,2,0.0,382,6.0,"very smooth application process and the agent was helpful. rates were competitive and the funds came through quickly. transparent fees, no hidden charges that I noticed.",,0
ACCT-0001992,2024-01-20,51.0,male,west,bachelor,self_employed,standard,online,True,False,699,4932.83,59248.62,22264.18,0.3758,32094.24,0.1099,60,697.7,41861.88,0,2.0,1031,7.0,"took longer than expected but got approved in the end. ok experience overall, no strong feelings to share.",,0
ACCT-0001504,2022-08-27,32.0,male,south,bachelor,full_time,basic,branch,True,False,726,4477.91,53791.75,13859.55,0.2577,16391.43,0.1035,84,275.11,23109.49,1,1.0,96,5.0,rates were competitive and the funds came through quickly. very smooth application process and the agent was helpful.,,0
ACCT-0002444,2024-12-28,33.0,female,northeast,associate,self_employed,basic,agent,False,False,679,4368.15,51989.22,19325.65,0.3717,30096.54,0.0571,84,435.44,36576.68,0,1.0,653,7.0,"transparent fees, no hidden charges that I noticed. very smooth application process and the agent was helpful.",,0
ACCT-0000901,2022-07-22,41.0,male,west,bachelor,part_time,standard,mobile,False,False,617,2171.01,26405.74,37400.86,1.4164,24419.65,0.1115,60,532.74,31964.66,1,1.0,1243,5.0,"transparent fees, no hidden charges that I noticed. very smooth application process and the agent was helpful. rates were competitive and the funds came through quickly.",,0
ACCT-0001198,2024-03-21,48.0,male,west,graduate,full_time,basic,mobile,True,False,755,11484.16,137204.74,32146.34,0.2343,141280.0,0.0856,48,3486.54,167353.81,0,2.0,578,3.0,"the autopay system charged me twice in the same month. fees were not explained clearly upfront, very disappointing.",2025-05-18,1
ACCT-0001300,2023-04-23,36.0,female,west,associate,full_time,premium,online,False,True,607,5849.79,70274.54,32338.57,0.4602,71348.21,0.0918,60,1487.16,89229.75,3,0.0,535,5.0,"process was fine, nothing exceptional either way. documentation requirements were typical for this kind of loan. still evaluating against other offers from competitor banks.",,0
ACCT-0000252,2024-03-01,35.0,female,south,high_school,full_time,basic,online,True,True,658,4104.6,49232.77,12526.88,0.2544,24560.33,0.0731,72,422.38,30411.19,1,2.0,821,5.0,still evaluating against other offers from competitor banks. documentation requirements were typical for this kind of loan.,,0
ACCT-0002124,2024-12-28,28.0,female,south,associate,full_time,standard,online,False,True,724,3378.32,40286.69,24333.45,0.604,27682.39,0.1066,72,522.09,37590.13,2,4.0,1050,9.0,"transparent fees, no hidden charges that I noticed. great customer service, will recommend to friends and family. very smooth application process and the agent was helpful.",,0
ACCT-0002411,2022-03-18,26.0,male,south,bachelor,full_time,standard,online,False,False,640,5910.51,71095.52,14878.1,0.2093,99457.99,0.0691,60,1965.29,117917.69,1,1.0,673,4.0,"great customer service, will recommend to friends and family.",,0
ACCT-0001442,2022-12-03,38.0,male,south,associate,full_time,basic,mobile,False,True,716,3411.36,40961.73,14087.39,0.3439,22992.14,0.0657,36,705.4,25394.5,0,0.0,1076,10.0,easy to track payments through the mobile app.,,0
ACCT-0000319,2024-07-26,51.0,male,south,bachelor,full_time,basic,online,True,True,593,5842.57,69736.04,23071.24,0.3308,78979.91,0.0973,48,1992.79,95653.74,0,1.0,347,6.0,"great customer service, will recommend to friends and family. rates were competitive and the funds came through quickly.",,0
ACCT-0000318,2024-02-03,29.0,male,south,bachelor,full_time,basic,online,True,False,577,3392.38,41009.43,23118.59,0.5637,12858.26,0.1167,36,425.07,15302.7,1,2.0,42,4.0,rates were competitive and the funds came through quickly. easy to track payments through the mobile app.,,0
ACCT-0001294,2022-09-19,55.0,male,west,associate,self_employed,basic,branch,True,True,560,3418.4,40900.8,13411.86,0.3279,52134.8,0.1123,24,2435.48,58451.44,1,1.0,675,,"easy to track payments through the mobile app. great customer service, will recommend to friends and family. rates were competitive and the funds came through quickly.",,0
ACCT-0001744,2024-03-17,41.0,female,south,high_school,full_time,standard,online,True,False,698,4108.31,49181.65,14432.93,0.2935,53465.95,0.1147,84,928.63,78004.63,1,2.0,1339,8.0,rates were competitive and the funds came through quickly. easy to track payments through the mobile app.,,0
ACCT-0001753,2023-06-15,28.0,male,midwest,bachelor,full_time,premium,online,False,False,841,5528.1,66300.82,17766.69,0.268,85115.15,0.0399,60,1566.99,94019.58,1,2.0,807,0.0,rates were competitive and the funds came through quickly.,,0
ACCT-0000364,2024-09-03,51.0,female,south,high_school,full_time,basic,mobile,False,True,662,3451.39,41116.45,12503.19,0.3041,40418.12,0.1137,84,699.85,58787.22,2,4.0,273,6.0,very smooth application process and the agent was helpful.,,0
ACCT-0000022,2023-05-02,31.0,male,midwest,high_school,full_time,standard,online,False,True,684,8680.34,104043.4,23766.42,0.2284,58140.74,0.0841,60,1190.32,71419.01,0,3.0,865,7.0,rates were competitive and the funds came through quickly. easy to track payments through the mobile app.,,0
ACCT-0000382,2023-04-03,33.0,female,south,high_school,self_employed,basic,branch,False,True,685,6634.76,79417.98,16582.91,0.2088,32480.84,0.097,84,534.27,44879.09,0,1.0,393,8.0,rates were competitive and the funds came through quickly. easy to track payments through the mobile app.,,0
ACCT-0001244,2024-07-21,37.0,male,west,associate,part_time,basic,online,False,False,696,3024.28,36494.86,16212.34,0.4442,24469.41,0.0903,48,609.32,29247.46,0,1.0,369,3.0,easy to track payments through the mobile app.,,0
ACCT-0000166,2023-04-05,57.0,male,pacific,associate,contract,basic,online,True,True,640,5688.85,68182.2,17420.16,0.2555,46860.13,0.1017,48,1192.23,57227.24,0,1.0,1333,5.0,documentation requirements were typical for this kind of loan.,,0
ACCT-0000565,2023-06-07,51.0,female,northeast,high_school,part_time,basic,online,False,True,583,1765.77,20899.05,17185.52,0.8223,13203.6,0.0749,60,264.53,15871.53,2,0.0,770,8.0,"documentation requirements were typical for this kind of loan. still evaluating against other offers from competitor banks. ok experience overall, no strong feelings to share.",,0
ACCT-0002410,2022-07-21,40.0,female,northeast,associate,full_time,premium,mobile,True,False,829,5388.02,64699.6,24393.59,0.377,46964.13,0.0627,60,913.8,54828.15,0,1.0,688,5.0,documentation requirements were typical for this kind of loan. took longer than expected but got approved in the end.,,0
ACCT-0001066,2022-01-26,22.0,male,west,bachelor,self_employed,standard,online,True,True,516,4781.0,57153.2,15613.85,0.2732,22115.94,0.0848,36,697.94,25125.89,1,2.0,111,9.0,still evaluating against other offers from competitor banks. took longer than expected but got approved in the end.,,0
ACCT-0001799,2022-09-26,45.0,male,northeast,bachelor,full_time,basic,online,False,False,670,4068.51,49000.49,10105.69,0.2062,55681.39,0.086,36,1760.28,63370.17,1,2.0,75,8.0,took longer than expected but got approved in the end.,,0
ACCT-0000213,2024-04-23,49.0,male,south,bachelor,full_time,standard,branch,True,True,744,4848.64,57694.29,22217.52,0.3851,14582.25,0.0668,12,1259.63,15115.62,0,0.0,1398,7.0,"transparent fees, no hidden charges that I noticed.",,0
